guide,seq,seq_43nt,longSeq100Bp
Y62E10A.17-1,CGCACCGATGCTCTCCGAGGAGG,CTTTCGAATACGCACCGATGCTCTCCGAGGAGGCACAATTTGC,GTTGCAACCACCACGTGGACCTTTCGAATACGCACCGATGCTCTCCGAGGAGGCACAATTTGCGATTAAGCTGGCGGGTCTTCTCAACCCGAATCCGGTC
sex1-1,GGATGAGAATCTGACAAAGGTGG,GAATGAAAACGGATGAGAATCTGACAAAGGTGGCTAGCAGTGA,TTTGAAGGTGAATTGTGTTGGAATGAAAACGGATGAGAATCTGACAAAGGTGGCTAGCAGTGAACGGGAGTCTGTTGTTGATTTGGCGTTGGCTGCTGTG
cpsf2-1,CACTTTCAATTTGATAATGGAGG,CACCGGAAAACACTTTCAATTTGATAATGGAGGTCATTTGATG,AAGAGGTCCTTCGTCTTTTGCACCGGAAAACACTTTCAATTTGATAATGGAGGTCATTTGATGTGTCTTTTAGGTTTTCCCGCTGTTCTGAAAATATTCA
sex1-2,AACATTTCCACAACGAGAGGAGG,TGAGAGTTGGAACATTTCCACAACGAGAGGAGGCAGGTTTAAA,TTAACAGGCAACGGAAGTGTTGAGAGTTGGAACATTTCCACAACGAGAGGAGGCAGGTTTAAAAACGACAAATTTTCTCGAAGAATATTGAGTTGCTGTT
fox1-1,ATATGAGGGGAGTGAGGCGGTGG,GGTTCATTTGATATGAGGGGAGTGAGGCGGTGGCCAACGCGTT,ATTTAACGTTCTAAGCGCCGGGTTCATTTGATATGAGGGGAGTGAGGCGGTGGCCAACGCGTTGCTAAGGTATTGTTCGCCAAACGCCGAGGCATTTCCA
fox1-2,ATTACAGTGAAGTACAGCGGAGG,ATATGAGACAATTACAGTGAAGTACAGCGGAGGCAGAAAGGGT,CGACGAGTAGAGTATATAGAATATGAGACAATTACAGTGAAGTACAGCGGAGGCAGAAAGGGTGCGAACGACGCGGCACGAGGTGGATTGGGATTATGCA
fox1-3,AATATCGTTTACCAAAACGGGGG,TCAGGAATTGAATATCGTTTACCAAAACGGGGGGCCACTCAAT,TGAGTCAAAAAAAAGTGAGGTCAGGAATTGAATATCGTTTACCAAAACGGGGGGCCACTCAATACGGAGTAAATCGATTTAACGTTCTAAGCGCCGGGTT
xol1-1,AGCGATTTCTGGCGATTGGGGGG,CGCGTATTCTAGCGATTTCTGGCGATTGGGGGGGGGGGGGGGG,AATTGAAGGATAATTGGCAACGCGTATTCTAGCGATTTCTGGCGATTGGGGGGGGGGGGGGGGGGTTGGGGATTGAGCACCAAACTTGTAAAACCACTAT
sex1-3,AACGGATGAGAATCTGACAAAGG,TTGGAATGAAAACGGATGAGAATCTGACAAAGGTGGCTAGCAG,TTATTTGAAGGTGAATTGTGTTGGAATGAAAACGGATGAGAATCTGACAAAGGTGGCTAGCAGTGAACGGGAGTCTGTTGTTGATTTGGCGTTGGCTGCT
fox1-4,CATTTGATATGAGGGGAGTGAGG,GCGCCGGGTTCATTTGATATGAGGGGAGTGAGGCGGTGGCCAA,AAATCGATTTAACGTTCTAAGCGCCGGGTTCATTTGATATGAGGGGAGTGAGGCGGTGGCCAACGCGTTGCTAAGGTATTGTTCGCCAAACGCCGAGGCA
Y62E10A.17-2,ATACGCACCGATGCTCTCCGAGG,GACCTTTCGAATACGCACCGATGCTCTCCGAGGAGGCACAATT,AAAGTTGCAACCACCACGTGGACCTTTCGAATACGCACCGATGCTCTCCGAGGAGGCACAATTTGCGATTAAGCTGGCGGGTCTTCTCAACCCGAATCCG
sex1-4,TGGAACATTTCCACAACGAGAGG,TGTTGAGAGTTGGAACATTTCCACAACGAGAGGAGGCAGGTTT,TGGTTAACAGGCAACGGAAGTGTTGAGAGTTGGAACATTTCCACAACGAGAGGAGGCAGGTTTAAAAACGACAAATTTTCTCGAAGAATATTGAGTTGCT
lir2-1,CTCGGCTGATTTTCGCAGTTCGG,AAACTTACATCTCGGCTGATTTTCGCAGTTCGGGGGCCATTAG,ACTTGGCGCTAATTCAAACCAAACTTACATCTCGGCTGATTTTCGCAGTTCGGGGGCCATTAGCTGCCAACATGACTGTCACTGATCTGAAAATGCTATT
cpsf2-2,AAACACTTTCAATTTGATAATGG,TTGCACCGGAAAACACTTTCAATTTGATAATGGAGGTCATTTG,ACAAAGAGGTCCTTCGTCTTTTGCACCGGAAAACACTTTCAATTTGATAATGGAGGTCATTTGATGTGTCTTTTAGGTTTTCCCGCTGTTCTGAAAATAT
fox1-5,TTGAATATCGTTTACCAAAACGG,AGGTCAGGAATTGAATATCGTTTACCAAAACGGGGGGCCACTC,TTCTGAGTCAAAAAAAAGTGAGGTCAGGAATTGAATATCGTTTACCAAAACGGGGGGCCACTCAATACGGAGTAAATCGATTTAACGTTCTAAGCGCCGG
fox1-6,ACAATTACAGTGAAGTACAGCGG,AGAATATGAGACAATTACAGTGAAGTACAGCGGAGGCAGAAAG,CATCGACGAGTAGAGTATATAGAATATGAGACAATTACAGTGAAGTACAGCGGAGGCAGAAAGGGTGCGAACGACGCGGCACGAGGTGGATTGGGATTAT
xol1-2,TCTAGCGATTTCTGGCGATTGGG,CAACGCGTATTCTAGCGATTTCTGGCGATTGGGGGGGGGGGGG,TAGAATTGAAGGATAATTGGCAACGCGTATTCTAGCGATTTCTGGCGATTGGGGGGGGGGGGGGGGGGTTGGGGATTGAGCACCAAACTTGTAAAACCAC
cpsf2-3,GTGGTTGGGATGAGCGATTCGGG,CTATTGGATTGTGGTTGGGATGAGCGATTCGGGTTACAATATT,AAGTGGATGGTGATTATATACTATTGGATTGTGGTTGGGATGAGCGATTCGGGTTACAATATTTTGAAGAATTAAAACCTTTTATTCCCAAAGTAAGCTC
lir2-2,AATCAGCCGAGATGTAAGTTTGG,GAACTGCGAAAATCAGCCGAGATGTAAGTTTGGTTTGAATTAG,GTTGGCAGCTAATGGCCCCCGAACTGCGAAAATCAGCCGAGATGTAAGTTTGGTTTGAATTAGCGCCAAGTGCAATATTCCAATGGAGCACAGTTGTTGA
lir2-3,TTGACTCGTTCCATTTCAGCTGG,AAAATGCGACTTGACTCGTTCCATTTCAGCTGGAATATCGAAT,AGAACCTTTTTTCGATTGTGAAAATGCGACTTGACTCGTTCCATTTCAGCTGGAATATCGAATTTTTCAGTTACTTTATCAGCGATTCGAGCCCAATGCT
sex1-5,AAACCTGCCTCCTCTCGTTGTGG,TGTCGTTTTTAAACCTGCCTCCTCTCGTTGTGGAAATGTTCCA,CAATATTCTTCGAGAAAATTTGTCGTTTTTAAACCTGCCTCCTCTCGTTGTGGAAATGTTCCAACTCTCAACACTTCCGTTGCCTGTTAACCATAACAAC
C35E7.6-1,GGGCACCATACCGAGTGATGGGG,ATGAATGTGTGGGCACCATACCGAGTGATGGGGAGTCAGGTCA,TAGGCGAAAATGATGTTCTTATGAATGTGTGGGCACCATACCGAGTGATGGGGAGTCAGGTCACTGTCCATTTGAACTGGTTTACCATCTACGCAGACAA
pie1-1,GGCTCAGATTGACGAGGCGCCGG,TCACTCCATTGGCTCAGATTGACGAGGCGCCGGCAACTAAAAG,AAAGCGTGAAGCGCTCAAGATCACTCCATTGGCTCAGATTGACGAGGCGCCGGCAACTAAAAGACATAGCTCGGCGAAGGATAAGGTTTTGATTTAAAAA
avr14-1,GATTGGAGAGTTAGACCACGTGG,GAAAGACTATGATTGGAGAGTTAGACCACGTGGAATGAATGCC,GAAATTATTCAAAGAATATTGAAAGACTATGATTGGAGAGTTAGACCACGTGGAATGAATGCCACGTGGCCAGGTGAGTATTTTTAGTTTTTAAATTCAA
pie1-2,GCTGAGAGAAGAATCCATCGGGG,GTTGGTGGTGGCTGAGAGAAGAATCCATCGGGGAACACTTCAA,GGCAAAATTAGGAAATAATAGTTGGTGGTGGCTGAGAGAAGAATCCATCGGGGAACACTTCAAACGCACCGCCCGTGGCATTCGGATCAATAGTCACATC
unc119-1,GAATTTTCTGAAATTAAAGACGG,GATTTGCGCCGAATTTTCTGAAATTAAAGACGGTCGGCGCGAC,GGCAAGATATGTCCGATATCGATTTGCGCCGAATTTTCTGAAATTAAAGACGGTCGGCGCGACGGTCGAGTTCAAGGTCGGCGATGTGCCGATCACACAT
dpy13-1,GGACATTGACACTAAAATCAAGG,GCTTAGCCATGGACATTGACACTAAAATCAAGGCCTACCGCTT,TGATGCAGAACGATAGGTGTGCTTAGCCATGGACATTGACACTAAAATCAAGGCCTACCGCTTCGTTGCCTACTCGGCAGTCGTCTTCTCCGTTATCGCC
klp12-1,GATCCACAAGTTACAATTGGTGG,TCTTCCAAATGATCCACAAGTTACAATTGGTGGTGATCGTTCA,AGTCGAGTATGTACATCAGTTCTTCCAAATGATCCACAAGTTACAATTGGTGGTGATCGTTCATTTACTTATGATCATGTATTTGATATGCCTACTCTAC
vet2-1,GTTGGATCATAGGATACCGGTGG,GCCCACTGGAGTTGGATCATAGGATACCGGTGGAACCACTGGT,TCCACAATGCAAATCCGATCGCCCACTGGAGTTGGATCATAGGATACCGGTGGAACCACTGGTTCAATTTGCTCGAGACACTTCTCCTTGATATCATAGA
lon2-1,GGGAAACTATACCCTCACTGTGG,TGATACAAAAGGGAAACTATACCCTCACTGTGGAAGTGAAAAA,CGACTGCAATACAGATGACTTGATACAAAAGGGAAACTATACCCTCACTGTGGAAGTGAAAAACATGCAAGTGAGGCTAGTAGAACCATTTCGCGATGCA
lin5-1,GGAGCTTACTGAGACTCTTCGGG,AGCAGGAACAGGAGCTTACTGAGACTCTTCGGGCGACGCAGGA,TGAATTCGCTAGATTCCGTCAGCAGGAACAGGAGCTTACTGAGACTCTTCGGGCGACGCAGGACCAAATGGCTGACCTCCAGGAACAACTTACCGGAGTG
Y61A9LA.1-1,GGATGGATGTGTAGTCAATTCGG,ATTTCTGGCTGGATGGATGTGTAGTCAATTCGGCAGGAAGCAT,ATCGCCACTATCTTTGGACAATTTCTGGCTGGATGGATGTGTAGTCAATTCGGCAGGAAGCATACTGCCCTGATTGCTTCATTTCTTTATGTTAGTTGGT
avr14-2,GAATATTGAAAGACTATGATTGG,ATTATTCAAAGAATATTGAAAGACTATGATTGGAGAGTTAGAC,GAAAGCTCAAAGAGCAAGAAATTATTCAAAGAATATTGAAAGACTATGATTGGAGAGTTAGACCACGTGGAATGAATGCCACGTGGCCAGGTGAGTATTT
unc4-1,GTTATCGTCATCCGGTGACGTGG,TCATCAACAGGTTATCGTCATCCGGTGACGTGGATTGTTCCCG,GGCGATTCCATCGTCTTCGTTCATCAACAGGTTATCGTCATCCGGTGACGTGGATTGTTCCCGGGATGATGTAGATTTTCCATTGTCAGATGCTAGATAC
dpy11-1,GCAAGGATCTTCAAAAAGCATGG,TGCCCAGCTTGCAAGGATCTTCAAAAAGCATGGAACGCATTCG,ATTCCAGCCATGCTCCATGGTGCCCAGCTTGCAAGGATCTTCAAAAAGCATGGAACGCATTCGCCGACTGGTCTGATGATCTTGGAATCAAGGTTGGAGA
pie1-3,GGACAAAGAGAGGGGGTGAGTGG,TTCATTCACAGGACAAAGAGAGGGGGTGAGTGGATAAATATAC,TTTGGCTTTTTTGGCACAAGTTCATTCACAGGACAAAGAGAGGGGGTGAGTGGATAAATATACAAAACAAAATATGGAAAATACGGCAAAATTAGGAAAT
unc22-1,GAACCCGTTGCCGAATACACAGG,ACAGTTTCCTGAACCCGTTGCCGAATACACAGGAGATCTACCG,TTCAGAACCGCCGATGAAGTACAGTTTCCTGAACCCGTTGCCGAATACACAGGAGATCTACCGTACTAAGCAAGCAGTGCTCACATGTAAAGTGAACACA
pie1-4,GTTGAGTGCAGCCATTTGCTCGG,CATCTGAGTTGTTGAGTGCAGCCATTTGCTCGGCAATCGGCTT,ATCGGCAGCGAACGACGTGTCATCTGAGTTGTTGAGTGCAGCCATTTGCTCGGCAATCGGCTTTGTTTGAGCCATCTGGAAAAGAAAATTTGATTTTTAA
unc119-2,GTTATAGCCTGTTCGGTTACCGG,CGCCTCGGTGGTTATAGCCTGTTCGGTTACCGGTGGGGGTCGG,TGATTTTTCGCGAGAAGCTCCGCCTCGGTGGTTATAGCCTGTTCGGTTACCGGTGGGGGTCGGGGCATCTGAAAAAAAAAAGAGTTTTCTGTATTCTGCC
rol1-1,GGAGGTTGACTCCAATACTAAGG,ATTCCTTAATGGAGGTTGACTCCAATACTAAGGTAGGATGCTG,TGACATTTATATTGCCTAATATTCCTTAATGGAGGTTGACTCCAATACTAAGGTAGGATGCTGATCGAAAAAAAAAAATGTTTTTGGCCTAAAAATTTGT
ben1-1,GGGAGAAAGTGATTTGCAGTTGG,GAACTTATAAGGGAGAAAGTGATTTGCAGTTGGAAAGAATCAA,GCATGGGATCCAGCCTGATGGAACTTATAAGGGAGAAAGTGATTTGCAGTTGGAAAGAATCAATGTCTACTATAATGAGGCTAATGGTGAGAAATTTAGC
ben1-2,GGATATCACTTCCCAGAACTTGG,CATGCTCATCGGATATCACTTCCCAGAACTTGGCTCCGATTTG,AGTTCCATCAGGCTGGATCCCATGCTCATCGGATATCACTTCCCAGAACTTGGCTCCGATTTGATTACCACATTGTCCGGCTTGAACGTGAACAATTTCT
bli2-1,GATGGACGGGATGGTAGAGATGG,ACCAGGAGAAGATGGACGGGATGGTAGAGATGGAAAACCAGGA,CCATCTGGACCACCAGGACCACCAGGAGAAGATGGACGGGATGGTAGAGATGGAAAACCAGGACTTAATGGAGAAGACGGTACAGATGCAAAGGATTCAG
bli2-2,GGATTTGCTGCTACTGAATCCGG,GAGCCAAAGAGGATTTGCTGCTACTGAATCCGGACTCGGCATT,AGAACAGCATTGTCCTCCTGGAGCCAAAGAGGATTTGCTGCTACTGAATCCGGACTCGGCATTTGTATTCGATTCAGCGAAATCGTAGCCAGCTTGTTTC
dpy5-1,GTCGGATTCGGCGCTGCATGCGG,AAAGGCCGTCGTCGGATTCGGCGCTGCATGCGGAATCTCTGCT,CTGTGTTTTCAGAAAATGGTAAAGGCCGTCGTCGGATTCGGCGCTGCATGCGGAATCTCTGCTATCGTTGCTTGCCTTTGGGCTGCACTTGTCATCACAA
dpy5-2,GGTTTCCTGGAGCTCCGGCTGGG,GGGGCTCCTGGGTTTCCTGGAGCTCCGGCTGGGCATCCTTGAG,CAGTGCCTCCTGGCTCTCCTGGGGCTCCTGGGTTTCCTGGAGCTCCGGCTGGGCATCCTTGAGATGGAAGTCCGCAAGAGCATTGGCTGTTGGAACGCTT
dpy11-3,GATGCTTGTAGTCTGGAACTGGG,TTAGAGTTTGGATGCTTGTAGTCTGGAACTGGGTCGATCACAC,GCCACAAAAAAGCGTACTGCTTAGAGTTTGGATGCTTGTAGTCTGGAACTGGGTCGATCACACGGTATTTCTTATCCTCGACGAATGAAATGAAGTCATT
unc22-2,GCCTTTGCTTCGATTTTCTTTGG,TGGTTCTCCAGCCTTTGCTTCGATTTTCTTTGGCTTCCAGTTG,AATGGAACCTTCACAACACATGGTTCTCCAGCCTTTGCTTCGATTTTCTTTGGCTTCCAGTTGAGAATTGGACGCTTTTCTGCCTCGAGAACAGTCACAT
unc32-1,GATAGGAAGCATCAGATTGAAGG,GCAACGCATTGATAGGAAGCATCAGATTGAAGGTAGAGTTGAG,GTCCGAGCTCTCCCAGTTCAGCAACGCATTGATAGGAAGCATCAGATTGAAGGTAGAGTTGAGCCAGGCACATCTGCTCACTTCGATAGATGCCCGGTTG
unc32-2,GTTGCTGAACTGGGAGAGCTCGG,CTATCAATGCGTTGCTGAACTGGGAGAGCTCGGACTTGTTCAG,TACCTTCAATCTGATGCTTCCTATCAATGCGTTGCTGAACTGGGAGAGCTCGGACTTGTTCAGTTTCGTGATGTGAGTTTGTGATATGTAAAAAACTATT
