db,seq,seq_43nt,seq_43nt*2
huamn,GAGTCGGGGTTTCGTCATGTTGG,ATTTTTAGTAGAGTCGGGGTTTCGTCATGTTGGTCAGGCTGGT,ATTTTTAGTAGAGTCGGGGTTTCGTCATGTTGGTCAGGCTGGTATTTTTAGTAGAGTCGGGGTTTCGTCATGTTGGTCAGGCTGGT
huamn,CGCCGCCGCTTTCGGTGATGAGG,CCGCCGCTGCCGCCGCCGCTTTCGGTGATGAGGAAAAGAAAAT,CCGCCGCTGCCGCCGCCGCTTTCGGTGATGAGGAAAAGAAAATCCGCCGCTGCCGCCGCCGCTTTCGGTGATGAGGAAAAGAAAAT
huamn,GGCAGCGTCGTGCACGGGTCGGG,AGCCCTCCCGGGCAGCGTCGTGCACGGGTCGGGTGAGAGTGGC,AGCCCTCCCGGGCAGCGTCGTGCACGGGTCGGGTGAGAGTGGCAGCCCTCCCGGGCAGCGTCGTGCACGGGTCGGGTGAGAGTGGC
huamn,TGGGCGGATCACTTGACGTCAGG,GAGGCTGAGGTGGGCGGATCACTTGACGTCAGGAGTTTGAAAC,GAGGCTGAGGTGGGCGGATCACTTGACGTCAGGAGTTTGAAACGAGGCTGAGGTGGGCGGATCACTTGACGTCAGGAGTTTGAAAC
huamn,TCTACTGAAGTGGTAGCAACAGG,CTGAAGTTCTTCTACTGAAGTGGTAGCAACAGGTACAGTCACA,CTGAAGTTCTTCTACTGAAGTGGTAGCAACAGGTACAGTCACACTGAAGTTCTTCTACTGAAGTGGTAGCAACAGGTACAGTCACA
huamn,TAGAGATCCGCCCTATCTCAAGG,GGGCTTCAGATAGAGATCCGCCCTATCTCAAGGGACAGTCCTG,GGGCTTCAGATAGAGATCCGCCCTATCTCAAGGGACAGTCCTGGGGCTTCAGATAGAGATCCGCCCTATCTCAAGGGACAGTCCTG
huamn,CTCATCACCGAAAGCGGCGGCGG,TTTTCTTTTCCTCATCACCGAAAGCGGCGGCGGCAGCGGCGGC,TTTTCTTTTCCTCATCACCGAAAGCGGCGGCGGCAGCGGCGGCTTTTCTTTTCCTCATCACCGAAAGCGGCGGCGGCAGCGGCGGC
huamn,GCCTCAGCCTCACGAATAGCTGG,TGATTCGCCTGCCTCAGCCTCACGAATAGCTGGGATTATGGGC,TGATTCGCCTGCCTCAGCCTCACGAATAGCTGGGATTATGGGCTGATTCGCCTGCCTCAGCCTCACGAATAGCTGGGATTATGGGC
huamn,CACCGTAGTCAATCTCAATGAGG,TCACACAGATCACCGTAGTCAATCTCAATGAGGGCCTCTCGTG,TCACACAGATCACCGTAGTCAATCTCAATGAGGGCCTCTCGTGTCACACAGATCACCGTAGTCAATCTCAATGAGGGCCTCTCGTG
huamn,ACGGAGTCTCGCTGTCGCCCAGG,TTTTTTTGAGACGGAGTCTCGCTGTCGCCCAGGCTGGAGTGCA,TTTTTTTGAGACGGAGTCTCGCTGTCGCCCAGGCTGGAGTGCATTTTTTTGAGACGGAGTCTCGCTGTCGCCCAGGCTGGAGTGCA
huamn,TGGGATGCCGTCCCGCAAAATGG,GACACGGTAGTGGGATGCCGTCCCGCAAAATGGCCCAGTGAGT,GACACGGTAGTGGGATGCCGTCCCGCAAAATGGCCCAGTGAGTGACACGGTAGTGGGATGCCGTCCCGCAAAATGGCCCAGTGAGT
huamn,TGACATTTCAATTCCGTAGCTGG,TTTCCTACACTGACATTTCAATTCCGTAGCTGGACAGCAGTGA,TTTCCTACACTGACATTTCAATTCCGTAGCTGGACAGCAGTGATTTCCTACACTGACATTTCAATTCCGTAGCTGGACAGCAGTGA
huamn,GTTCAGGAATCGTCACCCGGCGG,CTTCCCCGCGGTTCAGGAATCGTCACCCGGCGGCCTCTCATTC,CTTCCCCGCGGTTCAGGAATCGTCACCCGGCGGCCTCTCATTCCTTCCCCGCGGTTCAGGAATCGTCACCCGGCGGCCTCTCATTC
huamn,AGCTACCAGGCTAGAGTGCCAGG,GGAGTGAAGCAGCTACCAGGCTAGAGTGCCAGGCATTTCCAGA,GGAGTGAAGCAGCTACCAGGCTAGAGTGCCAGGCATTTCCAGAGGAGTGAAGCAGCTACCAGGCTAGAGTGCCAGGCATTTCCAGA
huamn,TTAACCTGCTGCGGCATGACTGG,GTACTGATAATTAACCTGCTGCGGCATGACTGGAGGGGGCGGG,GTACTGATAATTAACCTGCTGCGGCATGACTGGAGGGGGCGGGGTACTGATAATTAACCTGCTGCGGCATGACTGGAGGGGGCGGG
huamn,CCCATCGGTAGTGGACTGAATGG,AGCCCCCCGTCCCATCGGTAGTGGACTGAATGGTGTCCCCAAA,AGCCCCCCGTCCCATCGGTAGTGGACTGAATGGTGTCCCCAAAAGCCCCCCGTCCCATCGGTAGTGGACTGAATGGTGTCCCCAAA
huamn,AGTTCAGTTCACGACCAGCCTGG,GGATCACCTGAGTTCAGTTCACGACCAGCCTGGTCAACACGGT,GGATCACCTGAGTTCAGTTCACGACCAGCCTGGTCAACACGGTGGATCACCTGAGTTCAGTTCACGACCAGCCTGGTCAACACGGT
huamn,TCAGAAACAGATCGCCCATCAGG,TCTTAGTGACTCAGAAACAGATCGCCCATCAGGTCTCTGCTTT,TCTTAGTGACTCAGAAACAGATCGCCCATCAGGTCTCTGCTTTTCTTAGTGACTCAGAAACAGATCGCCCATCAGGTCTCTGCTTT
huamn,CGATTCCTGAACCGCGGGGAAGG,CGCCGGGTGACGATTCCTGAACCGCGGGGAAGGAAGTCCCTGT,CGCCGGGTGACGATTCCTGAACCGCGGGGAAGGAAGTCCCTGTCGCCGGGTGACGATTCCTGAACCGCGGGGAAGGAAGTCCCTGT
huamn,TTAAACTCTAGGCTTCGAACAGG,AAAAAACTATTTAAACTCTAGGCTTCGAACAGGAAATTAAAAC,AAAAAACTATTTAAACTCTAGGCTTCGAACAGGAAATTAAAACAAAAAACTATTTAAACTCTAGGCTTCGAACAGGAAATTAAAAC
huamn,CTAACAAAAGCGGCAATGTCAGG,TTGCCCAGACCTAACAAAAGCGGCAATGTCAGGTAAAGATTCA,TTGCCCAGACCTAACAAAAGCGGCAATGTCAGGTAAAGATTCATTGCCCAGACCTAACAAAAGCGGCAATGTCAGGTAAAGATTCA
huamn,CTAAATTACACTCGAACACATGG,ACGCTGCTCTCTAAATTACACTCGAACACATGGGCTTTGGTTA,ACGCTGCTCTCTAAATTACACTCGAACACATGGGCTTTGGTTAACGCTGCTCTCTAAATTACACTCGAACACATGGGCTTTGGTTA
huamn,AGATGCGAAGTTCGGGTGCCCGG,CTTGGCCAACAGATGCGAAGTTCGGGTGCCCGGCCTGCTGCAC,CTTGGCCAACAGATGCGAAGTTCGGGTGCCCGGCCTGCTGCACCTTGGCCAACAGATGCGAAGTTCGGGTGCCCGGCCTGCTGCAC
huamn,AGTAGAAGATCGATGCTAACTGG,CAGTAGATAAAGTAGAAGATCGATGCTAACTGGCAGTATAAAA,CAGTAGATAAAGTAGAAGATCGATGCTAACTGGCAGTATAAAACAGTAGATAAAGTAGAAGATCGATGCTAACTGGCAGTATAAAA
huamn,CAGTTCACTCTTCGTTGGACAGG,ACCTACGTTGCAGTTCACTCTTCGTTGGACAGGAGAGACCAAT,ACCTACGTTGCAGTTCACTCTTCGTTGGACAGGAGAGACCAATACCTACGTTGCAGTTCACTCTTCGTTGGACAGGAGAGACCAAT
huamn,TTACATTACACATCCAGCGTGGG,AGATGGGTGTTTACATTACACATCCAGCGTGGGAAGTAAGGTA,AGATGGGTGTTTACATTACACATCCAGCGTGGGAAGTAAGGTAAGATGGGTGTTTACATTACACATCCAGCGTGGGAAGTAAGGTA
huamn,AGATGCGCGTGCGGAGTAGCGGG,CGGGTGGGGGAGATGCGCGTGCGGAGTAGCGGGAAGCGACTGA,CGGGTGGGGGAGATGCGCGTGCGGAGTAGCGGGAAGCGACTGACGGGTGGGGGAGATGCGCGTGCGGAGTAGCGGGAAGCGACTGA
huamn,CTGTATTAATTCCGGGTGTCTGG,TTAAATGATCCTGTATTAATTCCGGGTGTCTGGGAAAATAAAA,TTAAATGATCCTGTATTAATTCCGGGTGTCTGGGAAAATAAAATTAAATGATCCTGTATTAATTCCGGGTGTCTGGGAAAATAAAA
huamn,GCCTCGGTCTCCCAACGTGCTGG,GAATCCTCCCGCCTCGGTCTCCCAACGTGCTGGGATTACAGGT,GAATCCTCCCGCCTCGGTCTCCCAACGTGCTGGGATTACAGGTGAATCCTCCCGCCTCGGTCTCCCAACGTGCTGGGATTACAGGT
huamn,GCGGAGGTTGTAATGAGCCGAGG,AACCCGGGAGGCGGAGGTTGTAATGAGCCGAGGTCATGCCACA,AACCCGGGAGGCGGAGGTTGTAATGAGCCGAGGTCATGCCACAAACCCGGGAGGCGGAGGTTGTAATGAGCCGAGGTCATGCCACA
huamn,TTGATACCTGGTTGAGGCTATGG,ATGTGATCTGTTGATACCTGGTTGAGGCTATGGACAAGCTGTG,ATGTGATCTGTTGATACCTGGTTGAGGCTATGGACAAGCTGTGATGTGATCTGTTGATACCTGGTTGAGGCTATGGACAAGCTGTG
huamn,GCAGAGACCCCTGAATCGATGGG,AATGGCCGGTGCAGAGACCCCTGAATCGATGGGGCTCCATCTC,AATGGCCGGTGCAGAGACCCCTGAATCGATGGGGCTCCATCTCAATGGCCGGTGCAGAGACCCCTGAATCGATGGGGCTCCATCTC
huamn,TCGGCTGTAGTGCCGTTGTCCGG,AACGCTGTGTTCGGCTGTAGTGCCGTTGTCCGGCTTGACAACC,AACGCTGTGTTCGGCTGTAGTGCCGTTGTCCGGCTTGACAACCAACGCTGTGTTCGGCTGTAGTGCCGTTGTCCGGCTTGACAACC
huamn,TACTTATTTAATGCGTGTGCTGG,ATAATGTAAGTACTTATTTAATGCGTGTGCTGGCTCGAGAGCT,ATAATGTAAGTACTTATTTAATGCGTGTGCTGGCTCGAGAGCTATAATGTAAGTACTTATTTAATGCGTGTGCTGGCTCGAGAGCT
huamn,GAATAAGAACTCCCATTAGCAGG,CTGGGGGAATGAATAAGAACTCCCATTAGCAGGTGGGTTTAGC,CTGGGGGAATGAATAAGAACTCCCATTAGCAGGTGGGTTTAGCCTGGGGGAATGAATAAGAACTCCCATTAGCAGGTGGGTTTAGC
huamn,GCATTAGACACCTGTCATAATGG,GTGCTGACATGCATTAGACACCTGTCATAATGGAAAATAAAAA,GTGCTGACATGCATTAGACACCTGTCATAATGGAAAATAAAAAGTGCTGACATGCATTAGACACCTGTCATAATGGAAAATAAAAA
huamn,CATGCTAAGTGACCTAAGAGTGG,TTTAACAGAACATGCTAAGTGACCTAAGAGTGGTATAAACAAA,TTTAACAGAACATGCTAAGTGACCTAAGAGTGGTATAAACAAATTTAACAGAACATGCTAAGTGACCTAAGAGTGGTATAAACAAA
huamn,GACCCGTGCACGACGCTGCCCGG,ACTCTCACCCGACCCGTGCACGACGCTGCCCGGGAGGGCTTCC,ACTCTCACCCGACCCGTGCACGACGCTGCCCGGGAGGGCTTCCACTCTCACCCGACCCGTGCACGACGCTGCCCGGGAGGGCTTCC
huamn,GCCCTCCAATAATGGGAGTCTGG,CTATCTCTGAGCCCTCCAATAATGGGAGTCTGGGCTACAGAGG,CTATCTCTGAGCCCTCCAATAATGGGAGTCTGGGCTACAGAGGCTATCTCTGAGCCCTCCAATAATGGGAGTCTGGGCTACAGAGG
huamn,TAATGTGGAGGCGCGAACAAAGG,AAAAAAATACTAATGTGGAGGCGCGAACAAAGGTCAGGGTGCA,AAAAAAATACTAATGTGGAGGCGCGAACAAAGGTCAGGGTGCAAAAAAAATACTAATGTGGAGGCGCGAACAAAGGTCAGGGTGCA
huamn,GGCCTCTCGTGCATAGATACTGG,TCTCAATGAGGGCCTCTCGTGCATAGATACTGGAAATTCTCTG,TCTCAATGAGGGCCTCTCGTGCATAGATACTGGAAATTCTCTGTCTCAATGAGGGCCTCTCGTGCATAGATACTGGAAATTCTCTG
huamn,CACCATGGATGATATTAGTCAGG,TGTCAAAAGGCACCATGGATGATATTAGTCAGGAAGAGGTGAG,TGTCAAAAGGCACCATGGATGATATTAGTCAGGAAGAGGTGAGTGTCAAAAGGCACCATGGATGATATTAGTCAGGAAGAGGTGAG
huamn,CTATAAGTGATGAAAGGTACAGG,TGTTGTAATTCTATAAGTGATGAAAGGTACAGGCATCTCAACC,TGTTGTAATTCTATAAGTGATGAAAGGTACAGGCATCTCAACCTGTTGTAATTCTATAAGTGATGAAAGGTACAGGCATCTCAACC
huamn,TGCAGAGACCCCTGAATCGATGG,AAATGGCCGGTGCAGAGACCCCTGAATCGATGGGGCTCCATCT,AAATGGCCGGTGCAGAGACCCCTGAATCGATGGGGCTCCATCTAAATGGCCGGTGCAGAGACCCCTGAATCGATGGGGCTCCATCT
huamn,TAGCACAGCGCAGACCTATCTGG,GTTGTCCAGTTAGCACAGCGCAGACCTATCTGGGTGGGCTGGA,GTTGTCCAGTTAGCACAGCGCAGACCTATCTGGGTGGGCTGGAGTTGTCCAGTTAGCACAGCGCAGACCTATCTGGGTGGGCTGGA
huamn,ACGAAAACCCTCACTCGCGGCGG,GATGTGAACCACGAAAACCCTCACTCGCGGCGGGCCGCACGCG,GATGTGAACCACGAAAACCCTCACTCGCGGCGGGCCGCACGCGGATGTGAACCACGAAAACCCTCACTCGCGGCGGGCCGCACGCG
huamn,TCCCGGGCAGCGTCGTGCACGGG,CAGGAAGCCCTCCCGGGCAGCGTCGTGCACGGGTCGGGTGAGA,CAGGAAGCCCTCCCGGGCAGCGTCGTGCACGGGTCGGGTGAGACAGGAAGCCCTCCCGGGCAGCGTCGTGCACGGGTCGGGTGAGA
huamn,TGCCACGTCTGTGGACGCAAAGG,CTGCAAATTCTGCCACGTCTGTGGACGCAAAGGTCGTGGATCC,CTGCAAATTCTGCCACGTCTGTGGACGCAAAGGTCGTGGATCCCTGCAAATTCTGCCACGTCTGTGGACGCAAAGGTCGTGGATCC
huamn,ACGGCTTCGGGCGGCAAATCCGG,GGCGGCGGCGACGGCTTCGGGCGGCAAATCCGGCGGCGGGAGC,GGCGGCGGCGACGGCTTCGGGCGGCAAATCCGGCGGCGGGAGCGGCGGCGGCGACGGCTTCGGGCGGCAAATCCGGCGGCGGGAGC
huamn,CAGATTCAGCTCGTAAGGACAGG,GGCAGTCTGCCAGATTCAGCTCGTAAGGACAGGCACAAATTGG,GGCAGTCTGCCAGATTCAGCTCGTAAGGACAGGCACAAATTGGGGCAGTCTGCCAGATTCAGCTCGTAAGGACAGGCACAAATTGG
huamn,GGGGCGTATGGACTAGGCACTGG,AGGGCTTTGTGGGGCGTATGGACTAGGCACTGGGCTATTTTGC,AGGGCTTTGTGGGGCGTATGGACTAGGCACTGGGCTATTTTGCAGGGCTTTGTGGGGCGTATGGACTAGGCACTGGGCTATTTTGC
huamn,AGCTATCTCGCACACTCATGAGG,AAGTCTGTATAGCTATCTCGCACACTCATGAGGCAGTACTTCT,AAGTCTGTATAGCTATCTCGCACACTCATGAGGCAGTACTTCTAAGTCTGTATAGCTATCTCGCACACTCATGAGGCAGTACTTCT
huamn,AGAACCGACGGAGGGCGTAGTGG,AGGTGGTGGCAGAACCGACGGAGGGCGTAGTGGGGACAGCCCA,AGGTGGTGGCAGAACCGACGGAGGGCGTAGTGGGGACAGCCCAAGGTGGTGGCAGAACCGACGGAGGGCGTAGTGGGGACAGCCCA
huamn,ATATCAATCGCGGGCTCTGAGGG,TTACATATTTATATCAATCGCGGGCTCTGAGGGCGCCCTCGGA,TTACATATTTATATCAATCGCGGGCTCTGAGGGCGCCCTCGGATTACATATTTATATCAATCGCGGGCTCTGAGGGCGCCCTCGGA
huamn,GATGCTTGTGCCCGTGCACCTGG,TGAGAATTACGATGCTTGTGCCCGTGCACCTGGGAGGCAGGCG,TGAGAATTACGATGCTTGTGCCCGTGCACCTGGGAGGCAGGCGTGAGAATTACGATGCTTGTGCCCGTGCACCTGGGAGGCAGGCG
huamn,GGAGATTCGTAAGAAACTCGGGG,ATGAGATGGAGGAGATTCGTAAGAAACTCGGGGGCGCCAACAA,ATGAGATGGAGGAGATTCGTAAGAAACTCGGGGGCGCCAACAAATGAGATGGAGGAGATTCGTAAGAAACTCGGGGGCGCCAACAA
huamn,TTAGGCTTGGCAAGGCGCAGCGG,CAAAAAAAATTTAGGCTTGGCAAGGCGCAGCGGCTCACGCCTG,CAAAAAAAATTTAGGCTTGGCAAGGCGCAGCGGCTCACGCCTGCAAAAAAAATTTAGGCTTGGCAAGGCGCAGCGGCTCACGCCTG
huamn,AGAGGTTGTTCTAAACGGGATGG,TCTGGGCTACAGAGGTTGTTCTAAACGGGATGGTTATCAATCT,TCTGGGCTACAGAGGTTGTTCTAAACGGGATGGTTATCAATCTTCTGGGCTACAGAGGTTGTTCTAAACGGGATGGTTATCAATCT
huamn,ACAAGATAGTACGGAGATGCTGG,TCATATCTTGACAAGATAGTACGGAGATGCTGGTAGGTATCTG,TCATATCTTGACAAGATAGTACGGAGATGCTGGTAGGTATCTGTCATATCTTGACAAGATAGTACGGAGATGCTGGTAGGTATCTG
huamn,AAATATATAGCCAGGTGCGGTGG,TAATTAAAAAAAATATATAGCCAGGTGCGGTGGCTCACGCCTG,TAATTAAAAAAAATATATAGCCAGGTGCGGTGGCTCACGCCTGTAATTAAAAAAAATATATAGCCAGGTGCGGTGGCTCACGCCTG
huamn,GGTACACCTGAAAGACTGTTGGG,TTGAGCAATGGGTACACCTGAAAGACTGTTGGGGGCAGGTAGG,TTGAGCAATGGGTACACCTGAAAGACTGTTGGGGGCAGGTAGGTTGAGCAATGGGTACACCTGAAAGACTGTTGGGGGCAGGTAGG
huamn,TTAAATATCTAGCATGACACAGG,CCTATATTCCTTAAATATCTAGCATGACACAGGACAGTAAGCA,CCTATATTCCTTAAATATCTAGCATGACACAGGACAGTAAGCACCTATATTCCTTAAATATCTAGCATGACACAGGACAGTAAGCA
huamn,CGGACAACTGTCCCCCGGCAGGG,GCTTGAGGTCCGGACAACTGTCCCCCGGCAGGGAGGAGTTGTA,GCTTGAGGTCCGGACAACTGTCCCCCGGCAGGGAGGAGTTGTAGCTTGAGGTCCGGACAACTGTCCCCCGGCAGGGAGGAGTTGTA
huamn,TTCCGTAGTAGGGCGGGACGTGG,CTGACCGAGTTTCCGTAGTAGGGCGGGACGTGGTTGCCTTGAC,CTGACCGAGTTTCCGTAGTAGGGCGGGACGTGGTTGCCTTGACCTGACCGAGTTTCCGTAGTAGGGCGGGACGTGGTTGCCTTGAC
huamn,GCTTGCGCTAACATCGGGGGCGG,AGGAGGCGTGGCTTGCGCTAACATCGGGGGCGGGGCCTGGCTG,AGGAGGCGTGGCTTGCGCTAACATCGGGGGCGGGGCCTGGCTGAGGAGGCGTGGCTTGCGCTAACATCGGGGGCGGGGCCTGGCTG
huamn,AGAATGCCTAGGTTCCTTAGAGG,GTTAAAAACTAGAATGCCTAGGTTCCTTAGAGGTATCATAAAT,GTTAAAAACTAGAATGCCTAGGTTCCTTAGAGGTATCATAAATGTTAAAAACTAGAATGCCTAGGTTCCTTAGAGGTATCATAAAT
huamn,TCTGTTCAGACTCTAATAGGAGG,TTGCTGGTGCTCTGTTCAGACTCTAATAGGAGGTTAGAAGTAG,TTGCTGGTGCTCTGTTCAGACTCTAATAGGAGGTTAGAAGTAGTTGCTGGTGCTCTGTTCAGACTCTAATAGGAGGTTAGAAGTAG
huamn,GACGCTCAAGCCACGTCAACGGG,GATTCAGTAAGACGCTCAAGCCACGTCAACGGGAGGCAAGAAG,GATTCAGTAAGACGCTCAAGCCACGTCAACGGGAGGCAAGAAGGATTCAGTAAGACGCTCAAGCCACGTCAACGGGAGGCAAGAAG
huamn,TTTCCCGGGCGGGCACGTGACGG,GGGAGCTGGTTTTCCCGGGCGGGCACGTGACGGGGTTGGCAGC,GGGAGCTGGTTTTCCCGGGCGGGCACGTGACGGGGTTGGCAGCGGGAGCTGGTTTTCCCGGGCGGGCACGTGACGGGGTTGGCAGC
huamn,TGGAGGCGCGAACAAAGGTCAGG,AATACTAATGTGGAGGCGCGAACAAAGGTCAGGGTGCAGGTGC,AATACTAATGTGGAGGCGCGAACAAAGGTCAGGGTGCAGGTGCAATACTAATGTGGAGGCGCGAACAAAGGTCAGGGTGCAGGTGC
huamn,GGAATCAGGGCGCGGACGCTGGG,TCAGACTTCGGGAATCAGGGCGCGGACGCTGGGCGTGGACCCC,TCAGACTTCGGGAATCAGGGCGCGGACGCTGGGCGTGGACCCCTCAGACTTCGGGAATCAGGGCGCGGACGCTGGGCGTGGACCCC
huamn,GACTACGAGAGCTGCTGATTCGG,TAGCGCCAGCGACTACGAGAGCTGCTGATTCGGCAGCAGATCC,TAGCGCCAGCGACTACGAGAGCTGCTGATTCGGCAGCAGATCCTAGCGCCAGCGACTACGAGAGCTGCTGATTCGGCAGCAGATCC
huamn,GCTAGTATCGAACTCCTGGAAGG,ATGATGTCTTGCTAGTATCGAACTCCTGGAAGGAATCCTCCCG,ATGATGTCTTGCTAGTATCGAACTCCTGGAAGGAATCCTCCCGATGATGTCTTGCTAGTATCGAACTCCTGGAAGGAATCCTCCCG
huamn,AATTGGGCTTTATGGCTTGCTGG,CAGCCAAAGAAATTGGGCTTTATGGCTTGCTGGCTTGCCTGCC,CAGCCAAAGAAATTGGGCTTTATGGCTTGCTGGCTTGCCTGCCCAGCCAAAGAAATTGGGCTTTATGGCTTGCTGGCTTGCCTGCC
huamn,GCTGATGACTACTTATCGATTGG,TCGCCCAGATGCTGATGACTACTTATCGATTGGAGTGCTGAAG,TCGCCCAGATGCTGATGACTACTTATCGATTGGAGTGCTGAAGTCGCCCAGATGCTGATGACTACTTATCGATTGGAGTGCTGAAG
huamn,GGGAGAAGCTAGACCACCACAGG,CTCTCAGCTAGGGAGAAGCTAGACCACCACAGGCACAACTCTC,CTCTCAGCTAGGGAGAAGCTAGACCACCACAGGCACAACTCTCCTCTCAGCTAGGGAGAAGCTAGACCACCACAGGCACAACTCTC
huamn,GGAGGCTTGCTTTGGCTCGCTGG,CGGGTTAATGGGAGGCTTGCTTTGGCTCGCTGGAAGAACAAAT,CGGGTTAATGGGAGGCTTGCTTTGGCTCGCTGGAAGAACAAATCGGGTTAATGGGAGGCTTGCTTTGGCTCGCTGGAAGAACAAAT
huamn,GGAGTGCAGTGGATTGATTGCGG,TGCTCAGGCTGGAGTGCAGTGGATTGATTGCGGCTCACTGCAA,TGCTCAGGCTGGAGTGCAGTGGATTGATTGCGGCTCACTGCAATGCTCAGGCTGGAGTGCAGTGGATTGATTGCGGCTCACTGCAA
huamn,ATCACTCCGCACGCTATTAATGG,TAACGCGTAAATCACTCCGCACGCTATTAATGGTCCGATGTTT,TAACGCGTAAATCACTCCGCACGCTATTAATGGTCCGATGTTTTAACGCGTAAATCACTCCGCACGCTATTAATGGTCCGATGTTT
huamn,GATTTCATGAAGATGGCGCCAGG,GGGTTCGTGAGATTTCATGAAGATGGCGCCAGGACGAAGGCCC,GGGTTCGTGAGATTTCATGAAGATGGCGCCAGGACGAAGGCCCGGGTTCGTGAGATTTCATGAAGATGGCGCCAGGACGAAGGCCC
huamn,GTGATATTAACGCTTCCGCCTGG,GGCCACACAGGTGATATTAACGCTTCCGCCTGGCATGATTTCA,GGCCACACAGGTGATATTAACGCTTCCGCCTGGCATGATTTCAGGCCACACAGGTGATATTAACGCTTCCGCCTGGCATGATTTCA
huamn,GAGTCTACCTGGAAGGCTCTAGG,CTGGAGGCTGGAGTCTACCTGGAAGGCTCTAGGGGAGAACCTT,CTGGAGGCTGGAGTCTACCTGGAAGGCTCTAGGGGAGAACCTTCTGGAGGCTGGAGTCTACCTGGAAGGCTCTAGGGGAGAACCTT
huamn,GATGGCGCTATCACGGCACCGGG,TAGAGTCGTTGATGGCGCTATCACGGCACCGGGCTCAGTGGGT,TAGAGTCGTTGATGGCGCTATCACGGCACCGGGCTCAGTGGGTTAGAGTCGTTGATGGCGCTATCACGGCACCGGGCTCAGTGGGT
huamn,AGGAAGAAGCACAACGGCCCAGG,GAGAGGAAGGAGGAAGAAGCACAACGGCCCAGGCAGGATAGGG,GAGAGGAAGGAGGAAGAAGCACAACGGCCCAGGCAGGATAGGGGAGAGGAAGGAGGAAGAAGCACAACGGCCCAGGCAGGATAGGG
huamn,CCACGATGGAAAAATTATCGTGG,ATAATTTGTACCACGATGGAAAAATTATCGTGGATTTTCTTTA,ATAATTTGTACCACGATGGAAAAATTATCGTGGATTTTCTTTAATAATTTGTACCACGATGGAAAAATTATCGTGGATTTTCTTTA
huamn,GACAAAGACCGTGTGAAGACAGG,GACACAGAGGGACAAAGACCGTGTGAAGACAGGGCAGAGCCTG,GACACAGAGGGACAAAGACCGTGTGAAGACAGGGCAGAGCCTGGACACAGAGGGACAAAGACCGTGTGAAGACAGGGCAGAGCCTG
huamn,ACAACCGACAGCTGAGACGAAGG,AGGAACACACACAACCGACAGCTGAGACGAAGGGCTCAGCTCT,AGGAACACACACAACCGACAGCTGAGACGAAGGGCTCAGCTCTAGGAACACACACAACCGACAGCTGAGACGAAGGGCTCAGCTCT
huamn,CTCAGTGGTACTTAACGTTGAGG,GTCTGTGCTGCTCAGTGGTACTTAACGTTGAGGTTAATGGTTA,GTCTGTGCTGCTCAGTGGTACTTAACGTTGAGGTTAATGGTTAGTCTGTGCTGCTCAGTGGTACTTAACGTTGAGGTTAATGGTTA
huamn,GGGAATGGGAGGACGCTTGCGGG,GTACCAGGGAGGGAATGGGAGGACGCTTGCGGGATAGGGAGGC,GTACCAGGGAGGGAATGGGAGGACGCTTGCGGGATAGGGAGGCGTACCAGGGAGGGAATGGGAGGACGCTTGCGGGATAGGGAGGC
huamn,GCCAGGTTCGTCGTGTCAAGAGG,TCTGCGGCCGGCCAGGTTCGTCGTGTCAAGAGGGGCGGGAGGC,TCTGCGGCCGGCCAGGTTCGTCGTGTCAAGAGGGGCGGGAGGCTCTGCGGCCGGCCAGGTTCGTCGTGTCAAGAGGGGCGGGAGGC
huamn,ACGTGACGCGCACGGCCAATGGG,CTGGACGGGCACGTGACGCGCACGGCCAATGGGGGCGCGGGCG,CTGGACGGGCACGTGACGCGCACGGCCAATGGGGGCGCGGGCGCTGGACGGGCACGTGACGCGCACGGCCAATGGGGGCGCGGGCG
huamn,GCGCACACAGGGCGGGAAAGTGG,GGGGGTGGGGGCGCACACAGGGCGGGAAAGTGGCGGTAGGCGG,GGGGGTGGGGGCGCACACAGGGCGGGAAAGTGGCGGTAGGCGGGGGGGTGGGGGCGCACACAGGGCGGGAAAGTGGCGGTAGGCGG
huamn,ACCGCACGGGAGCCGAGGCAGGG,GTGGCGTGGGACCGCACGGGAGCCGAGGCAGGGGATGGGTGTC,GTGGCGTGGGACCGCACGGGAGCCGAGGCAGGGGATGGGTGTCGTGGCGTGGGACCGCACGGGAGCCGAGGCAGGGGATGGGTGTC
huamn,AGTCCACTACCGATGGGACGGGG,GACACCATTCAGTCCACTACCGATGGGACGGGGGGCTCTGGGC,GACACCATTCAGTCCACTACCGATGGGACGGGGGGCTCTGGGCGACACCATTCAGTCCACTACCGATGGGACGGGGGGCTCTGGGC
huamn,ATATCTGGTGGAACATCTCGAGG,ATCTAGCAAGATATCTGGTGGAACATCTCGAGGTGATGAACAA,ATCTAGCAAGATATCTGGTGGAACATCTCGAGGTGATGAACAAATCTAGCAAGATATCTGGTGGAACATCTCGAGGTGATGAACAA
huamn,AGTTGGAAAGCTCGGCGTGTTGG,TTCACAAGAAAGTTGGAAAGCTCGGCGTGTTGGATAAGAAGAC,TTCACAAGAAAGTTGGAAAGCTCGGCGTGTTGGATAAGAAGACTTCACAAGAAAGTTGGAAAGCTCGGCGTGTTGGATAAGAAGAC
huamn,GAAGTCTCCCCTGATCTGATAGG,CATTTCTGCTGAAGTCTCCCCTGATCTGATAGGACAGCTCTTT,CATTTCTGCTGAAGTCTCCCCTGATCTGATAGGACAGCTCTTTCATTTCTGCTGAAGTCTCCCCTGATCTGATAGGACAGCTCTTT
huamn,CTAGTGGCATAGCCAACTTGAGG,AGATTTACAGCTAGTGGCATAGCCAACTTGAGGTGCAGTGAAC,AGATTTACAGCTAGTGGCATAGCCAACTTGAGGTGCAGTGAACAGATTTACAGCTAGTGGCATAGCCAACTTGAGGTGCAGTGAAC
huamn,GCCATCCTCGAAGAAGACGAGGG,TGTGGAGGCCGCCATCCTCGAAGAAGACGAGGGTCTGGAGATA,TGTGGAGGCCGCCATCCTCGAAGAAGACGAGGGTCTGGAGATATGTGGAGGCCGCCATCCTCGAAGAAGACGAGGGTCTGGAGATA
huamn,AGTTGGATACTCAGCGTCGCTGG,GAGTTCGAAGAGTTGGATACTCAGCGTCGCTGGCAGCCGCTGT,GAGTTCGAAGAGTTGGATACTCAGCGTCGCTGGCAGCCGCTGTGAGTTCGAAGAGTTGGATACTCAGCGTCGCTGGCAGCCGCTGT
huamn,GGCCTACTACAGGGACGCTGAGG,CTGCGGCACTGGCCTACTACAGGGACGCTGAGGCCTACAGACA,CTGCGGCACTGGCCTACTACAGGGACGCTGAGGCCTACAGACACTGCGGCACTGGCCTACTACAGGGACGCTGAGGCCTACAGACA
huamn,TCTGCAATGGACCGGGTTAATGG,GGTGAGATTATCTGCAATGGACCGGGTTAATGGGAGGCTTGCT,GGTGAGATTATCTGCAATGGACCGGGTTAATGGGAGGCTTGCTGGTGAGATTATCTGCAATGGACCGGGTTAATGGGAGGCTTGCT
huamn,GGTGAGATGATATCAACCTCTGG,TTTTTTCAAAGGTGAGATGATATCAACCTCTGGTTCTCAACAA,TTTTTTCAAAGGTGAGATGATATCAACCTCTGGTTCTCAACAATTTTTTCAAAGGTGAGATGATATCAACCTCTGGTTCTCAACAA
huamn,CTGCGGCACTGGCCTACTACAGG,ACCGCTGCAGCTGCGGCACTGGCCTACTACAGGGACGCTGAGG,ACCGCTGCAGCTGCGGCACTGGCCTACTACAGGGACGCTGAGGACCGCTGCAGCTGCGGCACTGGCCTACTACAGGGACGCTGAGG
huamn,TTCGAACTCCCGCTCGATGGTGG,TATCCAACTCTTCGAACTCCCGCTCGATGGTGGTGGGCATGGC,TATCCAACTCTTCGAACTCCCGCTCGATGGTGGTGGGCATGGCTATCCAACTCTTCGAACTCCCGCTCGATGGTGGTGGGCATGGC
huamn,ACCATTCAGTCCACTACCGATGG,GTTTGGGGACACCATTCAGTCCACTACCGATGGGACGGGGGGC,GTTTGGGGACACCATTCAGTCCACTACCGATGGGACGGGGGGCGTTTGGGGACACCATTCAGTCCACTACCGATGGGACGGGGGGC
huamn,GTGGAATAACAGACTACTGAAGG,CTCAGCCTTTGTGGAATAACAGACTACTGAAGGTAATATAGTT,CTCAGCCTTTGTGGAATAACAGACTACTGAAGGTAATATAGTTCTCAGCCTTTGTGGAATAACAGACTACTGAAGGTAATATAGTT
huamn,AGTTTCGGACTCCTCCACAATGG,CTTTAATAAAAGTTTCGGACTCCTCCACAATGGCTTCGACTGC,CTTTAATAAAAGTTTCGGACTCCTCCACAATGGCTTCGACTGCCTTTAATAAAAGTTTCGGACTCCTCCACAATGGCTTCGACTGC
huamn,GGCGGGAAAGTGGCGGTAGGCGG,GCGCACACAGGGCGGGAAAGTGGCGGTAGGCGGGAGGGAGAGG,GCGCACACAGGGCGGGAAAGTGGCGGTAGGCGGGAGGGAGAGGGCGCACACAGGGCGGGAAAGTGGCGGTAGGCGGGAGGGAGAGG
huamn,GGTAGGGATCCATGAAGCAGAGG,GTCCAGCCAGGGTAGGGATCCATGAAGCAGAGGCGGGCGGCAC,GTCCAGCCAGGGTAGGGATCCATGAAGCAGAGGCGGGCGGCACGTCCAGCCAGGGTAGGGATCCATGAAGCAGAGGCGGGCGGCAC
huamn,TGGTACCAAGCGCTTAGAGCAGG,ATTCCCTCCCTGGTACCAAGCGCTTAGAGCAGGTGGGAGCCTC,ATTCCCTCCCTGGTACCAAGCGCTTAGAGCAGGTGGGAGCCTCATTCCCTCCCTGGTACCAAGCGCTTAGAGCAGGTGGGAGCCTC
huamn,CGAAAACCCTCACTCGCGGCGGG,ATGTGAACCACGAAAACCCTCACTCGCGGCGGGCCGCACGCGC,ATGTGAACCACGAAAACCCTCACTCGCGGCGGGCCGCACGCGCATGTGAACCACGAAAACCCTCACTCGCGGCGGGCCGCACGCGC
huamn,GATCTTCGTCAACATCCCCCTGG,GGGCAGATAAGATCTTCGTCAACATCCCCCTGGAAACGGGTTA,GGGCAGATAAGATCTTCGTCAACATCCCCCTGGAAACGGGTTAGGGCAGATAAGATCTTCGTCAACATCCCCCTGGAAACGGGTTA
huamn,TCAGTCCACTACCGATGGGACGG,GGGACACCATTCAGTCCACTACCGATGGGACGGGGGGCTCTGG,GGGACACCATTCAGTCCACTACCGATGGGACGGGGGGCTCTGGGGGACACCATTCAGTCCACTACCGATGGGACGGGGGGCTCTGG
huamn,TTAGCAGGTGGGTTTAGCGCTGG,AGAACTCCCATTAGCAGGTGGGTTTAGCGCTGGGAGAGCTTTG,AGAACTCCCATTAGCAGGTGGGTTTAGCGCTGGGAGAGCTTTGAGAACTCCCATTAGCAGGTGGGTTTAGCGCTGGGAGAGCTTTG
huamn,GTGGACCCCGTCATTGTTCCCGG,GACGCTGGGCGTGGACCCCGTCATTGTTCCCGGCTAGCTCTTA,GACGCTGGGCGTGGACCCCGTCATTGTTCCCGGCTAGCTCTTAGACGCTGGGCGTGGACCCCGTCATTGTTCCCGGCTAGCTCTTA
huamn,GTGGCGGGGTCGGCGCAGTTGGG,TCGGGTGAGAGTGGCGGGGTCGGCGCAGTTGGGCTCCGCGCCG,TCGGGTGAGAGTGGCGGGGTCGGCGCAGTTGGGCTCCGCGCCGTCGGGTGAGAGTGGCGGGGTCGGCGCAGTTGGGCTCCGCGCCG
huamn,GAGTGGTCGCGCGGAAACTCTGG,ACCAAACTGGGAGTGGTCGCGCGGAAACTCTGGCTCGGGATTG,ACCAAACTGGGAGTGGTCGCGCGGAAACTCTGGCTCGGGATTGACCAAACTGGGAGTGGTCGCGCGGAAACTCTGGCTCGGGATTG
huamn,GCAGCTTGTGCGCGGTAATTAGG,CAGTGCTATTGCAGCTTGTGCGCGGTAATTAGGTTGATGTAAT,CAGTGCTATTGCAGCTTGTGCGCGGTAATTAGGTTGATGTAATCAGTGCTATTGCAGCTTGTGCGCGGTAATTAGGTTGATGTAAT
huamn,GACAGACACCCCGTCCTCGCTGG,CGTCACAGGAGACAGACACCCCGTCCTCGCTGGCCAGCTCAAT,CGTCACAGGAGACAGACACCCCGTCCTCGCTGGCCAGCTCAATCGTCACAGGAGACAGACACCCCGTCCTCGCTGGCCAGCTCAAT
huamn,AACCGACGGAGGGCGTAGTGGGG,GTGGTGGCAGAACCGACGGAGGGCGTAGTGGGGACAGCCCATA,GTGGTGGCAGAACCGACGGAGGGCGTAGTGGGGACAGCCCATAGTGGTGGCAGAACCGACGGAGGGCGTAGTGGGGACAGCCCATA
huamn,ATGGGATCTGCCCGGCGCAGTGG,GTTTTAAGAAATGGGATCTGCCCGGCGCAGTGGCTCAGGCCTG,GTTTTAAGAAATGGGATCTGCCCGGCGCAGTGGCTCAGGCCTGGTTTTAAGAAATGGGATCTGCCCGGCGCAGTGGCTCAGGCCTG
huamn,GGACGGGCACGTGACGCGCACGG,TTGTTCTGCTGGACGGGCACGTGACGCGCACGGCCAATGGGGG,TTGTTCTGCTGGACGGGCACGTGACGCGCACGGCCAATGGGGGTTGTTCTGCTGGACGGGCACGTGACGCGCACGGCCAATGGGGG
huamn,TGATGGACACAACACCGCGGAGG,TGGCCCTGAGTGATGGACACAACACCGCGGAGGAGGACATGGA,TGGCCCTGAGTGATGGACACAACACCGCGGAGGAGGACATGGATGGCCCTGAGTGATGGACACAACACCGCGGAGGAGGACATGGA
huamn,GGGTGGGGACCCGCTAGACCTGG,AGTGGCGGGGGGGTGGGGACCCGCTAGACCTGGCAGGGGGTCG,AGTGGCGGGGGGGTGGGGACCCGCTAGACCTGGCAGGGGGTCGAGTGGCGGGGGGGTGGGGACCCGCTAGACCTGGCAGGGGGTCG
huamn,TGAGCTGAGATCCGGGCCACTGG,GAGGTTGCAGTGAGCTGAGATCCGGGCCACTGGCCTCCAGCCT,GAGGTTGCAGTGAGCTGAGATCCGGGCCACTGGCCTCCAGCCTGAGGTTGCAGTGAGCTGAGATCCGGGCCACTGGCCTCCAGCCT
huamn,TTCACATCCCGCGGCTCACGGGG,GTTTTCGTGGTTCACATCCCGCGGCTCACGGGGGAGTGGGCAG,GTTTTCGTGGTTCACATCCCGCGGCTCACGGGGGAGTGGGCAGGTTTTCGTGGTTCACATCCCGCGGCTCACGGGGGAGTGGGCAG
huamn,GACTTCAACAGGTATCTAGCAGG,TGGGAACAGAGACTTCAACAGGTATCTAGCAGGTGAATGACAA,TGGGAACAGAGACTTCAACAGGTATCTAGCAGGTGAATGACAATGGGAACAGAGACTTCAACAGGTATCTAGCAGGTGAATGACAA
huamn,CAGCAGCAGCTCCGCCACTCGGG,CGCCGTGGAGCAGCAGCAGCTCCGCCACTCGGGCGCTGCCCAT,CGCCGTGGAGCAGCAGCAGCTCCGCCACTCGGGCGCTGCCCATCGCCGTGGAGCAGCAGCAGCTCCGCCACTCGGGCGCTGCCCAT
huamn,CTCCGGATTCGGCGCGCGTGCGG,CTTGGTGACCCTCCGGATTCGGCGCGCGTGCGGCCCGCCGCGA,CTTGGTGACCCTCCGGATTCGGCGCGCGTGCGGCCCGCCGCGACTTGGTGACCCTCCGGATTCGGCGCGCGTGCGGCCCGCCGCGA
huamn,CGAGTAGACTCGAAGGTTGATGG,TACCGTGTGGCGAGTAGACTCGAAGGTTGATGGGCACTGGGGA,TACCGTGTGGCGAGTAGACTCGAAGGTTGATGGGCACTGGGGATACCGTGTGGCGAGTAGACTCGAAGGTTGATGGGCACTGGGGA
huamn,GGCCTGTGTCCCGGTAGTCGCGG,GGGGGCCCACGGCCTGTGTCCCGGTAGTCGCGGCCCGGCGCCC,GGGGGCCCACGGCCTGTGTCCCGGTAGTCGCGGCCCGGCGCCCGGGGGCCCACGGCCTGTGTCCCGGTAGTCGCGGCCCGGCGCCC
huamn,ATACGAGAGAAACCTTCACAAGG,TAAAGCTCAAATACGAGAGAAACCTTCACAAGGAATTTACATG,TAAAGCTCAAATACGAGAGAAACCTTCACAAGGAATTTACATGTAAAGCTCAAATACGAGAGAAACCTTCACAAGGAATTTACATG
huamn,GCCAGTGTTTAAACAGACGATGG,TCTTCCCTGAGCCAGTGTTTAAACAGACGATGGTATTATGATC,TCTTCCCTGAGCCAGTGTTTAAACAGACGATGGTATTATGATCTCTTCCCTGAGCCAGTGTTTAAACAGACGATGGTATTATGATC
huamn,TCTCGGGGGGTCCGACGCCGAGG,CGCACCATTTTCTCGGGGGGTCCGACGCCGAGGAGCAGGGGGG,CGCACCATTTTCTCGGGGGGTCCGACGCCGAGGAGCAGGGGGGCGCACCATTTTCTCGGGGGGTCCGACGCCGAGGAGCAGGGGGG
huamn,CGGGCGGCAAATCCGGCGGCGGG,GCGACGGCTTCGGGCGGCAAATCCGGCGGCGGGAGCTGTGGAG,GCGACGGCTTCGGGCGGCAAATCCGGCGGCGGGAGCTGTGGAGGCGACGGCTTCGGGCGGCAAATCCGGCGGCGGGAGCTGTGGAG
huamn,TCGTCCGTGGCGCAGAGTTCCGG,GGGGATCATCTCGTCCGTGGCGCAGAGTTCCGGGTCCCCCCCG,GGGGATCATCTCGTCCGTGGCGCAGAGTTCCGGGTCCCCCCCGGGGGATCATCTCGTCCGTGGCGCAGAGTTCCGGGTCCCCCCCG
huamn,CTCTTCGAACTCCCGCTCGATGG,GAGTATCCAACTCTTCGAACTCCCGCTCGATGGTGGTGGGCAT,GAGTATCCAACTCTTCGAACTCCCGCTCGATGGTGGTGGGCATGAGTATCCAACTCTTCGAACTCCCGCTCGATGGTGGTGGGCAT
huamn,ACCGAATACACCCGAGACAGTGG,TGCAGTTCAAACCGAATACACCCGAGACAGTGGAGGCTTCTGC,TGCAGTTCAAACCGAATACACCCGAGACAGTGGAGGCTTCTGCTGCAGTTCAAACCGAATACACCCGAGACAGTGGAGGCTTCTGC
huamn,TAGCGTTACACAGTAGAAGCAGG,GGAGTTGAGCTAGCGTTACACAGTAGAAGCAGGTGCAGGGGGT,GGAGTTGAGCTAGCGTTACACAGTAGAAGCAGGTGCAGGGGGTGGAGTTGAGCTAGCGTTACACAGTAGAAGCAGGTGCAGGGGGT
huamn,CCCAACGCACCGAATAGTTACGG,GGGGGCGCTGCCCAACGCACCGAATAGTTACGGTCGGAGGCCG,GGGGGCGCTGCCCAACGCACCGAATAGTTACGGTCGGAGGCCGGGGGGCGCTGCCCAACGCACCGAATAGTTACGGTCGGAGGCCG
huamn,GGTTGGCAGCGTTCGGGCCCCGG,CACGTGACGGGGTTGGCAGCGTTCGGGCCCCGGCTGGGAGGGG,CACGTGACGGGGTTGGCAGCGTTCGGGCCCCGGCTGGGAGGGGCACGTGACGGGGTTGGCAGCGTTCGGGCCCCGGCTGGGAGGGG
huamn,GGCGGAGGAATATGTCCGAGAGG,CCTGGAGGGAGGCGGAGGAATATGTCCGAGAGGGAAGTGTCGA,CCTGGAGGGAGGCGGAGGAATATGTCCGAGAGGGAAGTGTCGACCTGGAGGGAGGCGGAGGAATATGTCCGAGAGGGAAGTGTCGA
huamn,AGGTTCAGACTTCGGGAATCAGG,TGATGGGGGGAGGTTCAGACTTCGGGAATCAGGGCGCGGACGC,TGATGGGGGGAGGTTCAGACTTCGGGAATCAGGGCGCGGACGCTGATGGGGGGAGGTTCAGACTTCGGGAATCAGGGCGCGGACGC
huamn,GACGCCTGGAACGCAACTCCAGG,CCAGGGGCCGGACGCCTGGAACGCAACTCCAGGCAGCTCGCCC,CCAGGGGCCGGACGCCTGGAACGCAACTCCAGGCAGCTCGCCCCCAGGGGCCGGACGCCTGGAACGCAACTCCAGGCAGCTCGCCC
huamn,CAATGGACCGGGTTAATGGGAGG,AGATTATCTGCAATGGACCGGGTTAATGGGAGGCTTGCTTTGG,AGATTATCTGCAATGGACCGGGTTAATGGGAGGCTTGCTTTGGAGATTATCTGCAATGGACCGGGTTAATGGGAGGCTTGCTTTGG
huamn,AGTACAGTATTGGACACTGCGGG,TATGTAAAAAAGTACAGTATTGGACACTGCGGGAGATTCAGAG,TATGTAAAAAAGTACAGTATTGGACACTGCGGGAGATTCAGAGTATGTAAAAAAGTACAGTATTGGACACTGCGGGAGATTCAGAG
huamn,CAGGAACCACGCGCTGTTGAAGG,CGTGCTGCAGCAGGAACCACGCGCTGTTGAAGGGCTGCTTGCA,CGTGCTGCAGCAGGAACCACGCGCTGTTGAAGGGCTGCTTGCACGTGCTGCAGCAGGAACCACGCGCTGTTGAAGGGCTGCTTGCA
huamn,GAAGTGCATCCCATCAGTTCTGG,GGCTCTACATGAAGTGCATCCCATCAGTTCTGGGCTGGAGGCC,GGCTCTACATGAAGTGCATCCCATCAGTTCTGGGCTGGAGGCCGGCTCTACATGAAGTGCATCCCATCAGTTCTGGGCTGGAGGCC
huamn,CAATACGAGCCATCCTCTGCTGG,CCTATGATAGCAATACGAGCCATCCTCTGCTGGCTGTAGCTGG,CCTATGATAGCAATACGAGCCATCCTCTGCTGGCTGTAGCTGGCCTATGATAGCAATACGAGCCATCCTCTGCTGGCTGTAGCTGG
huamn,ATCAAACGGATCTACCACGATGG,TCCCTCTAGGATCAAACGGATCTACCACGATGGGTTCAGTACC,TCCCTCTAGGATCAAACGGATCTACCACGATGGGTTCAGTACCTCCCTCTAGGATCAAACGGATCTACCACGATGGGTTCAGTACC
huamn,GTACTGCGCCGCGTCCATGTAGG,CCGGCAGCGGGTACTGCGCCGCGTCCATGTAGGAGTGGCTGAG,CCGGCAGCGGGTACTGCGCCGCGTCCATGTAGGAGTGGCTGAGCCGGCAGCGGGTACTGCGCCGCGTCCATGTAGGAGTGGCTGAG
huamn,GCAGGCATGTCTGTTCCCGCCGG,CTTCTTGGCCGCAGGCATGTCTGTTCCCGCCGGCGCAGTCGAC,CTTCTTGGCCGCAGGCATGTCTGTTCCCGCCGGCGCAGTCGACCTTCTTGGCCGCAGGCATGTCTGTTCCCGCCGGCGCAGTCGAC
huamn,TTCTGGATCCGGATTACCACTGG,ACCAAGTGATTTCTGGATCCGGATTACCACTGGCTGCACAAAG,ACCAAGTGATTTCTGGATCCGGATTACCACTGGCTGCACAAAGACCAAGTGATTTCTGGATCCGGATTACCACTGGCTGCACAAAG
huamn,GATGATGGGCAGCGCCCGAGTGG,GGCAGGTCATGATGATGGGCAGCGCCCGAGTGGCGGAGCTGCT,GGCAGGTCATGATGATGGGCAGCGCCCGAGTGGCGGAGCTGCTGGCAGGTCATGATGATGGGCAGCGCCCGAGTGGCGGAGCTGCT
huamn,GACGTCGATCGAGGCGGTGTGGG,GTAAAGAAAGGACGTCGATCGAGGCGGTGTGGGCAGTGTCCCG,GTAAAGAAAGGACGTCGATCGAGGCGGTGTGGGCAGTGTCCCGGTAAAGAAAGGACGTCGATCGAGGCGGTGTGGGCAGTGTCCCG
huamn,CGATGGTTGTGTCCCGAACGAGG,GGGGTGAGACCGATGGTTGTGTCCCGAACGAGGGCAGATTGCC,GGGGTGAGACCGATGGTTGTGTCCCGAACGAGGGCAGATTGCCGGGGTGAGACCGATGGTTGTGTCCCGAACGAGGGCAGATTGCC
huamn,ACACGACATGTGCTCAGCGGAGG,AAAGTGTCAGACACGACATGTGCTCAGCGGAGGGAGCTGGGCT,AAAGTGTCAGACACGACATGTGCTCAGCGGAGGGAGCTGGGCTAAAGTGTCAGACACGACATGTGCTCAGCGGAGGGAGCTGGGCT
huamn,AATCCGGGGTCCTCGCACAGAGG,AGACATGTTTAATCCGGGGTCCTCGCACAGAGGTCTCTGATGA,AGACATGTTTAATCCGGGGTCCTCGCACAGAGGTCTCTGATGAAGACATGTTTAATCCGGGGTCCTCGCACAGAGGTCTCTGATGA
huamn,CAACCGACAGCTGAGACGAAGGG,GGAACACACACAACCGACAGCTGAGACGAAGGGCTCAGCTCTA,GGAACACACACAACCGACAGCTGAGACGAAGGGCTCAGCTCTAGGAACACACACAACCGACAGCTGAGACGAAGGGCTCAGCTCTA
huamn,CACAACGATGTTCTTCAGCGGGG,GCAGCTGCCTCACAACGATGTTCTTCAGCGGGGAAAGTTTGTT,GCAGCTGCCTCACAACGATGTTCTTCAGCGGGGAAAGTTTGTTGCAGCTGCCTCACAACGATGTTCTTCAGCGGGGAAAGTTTGTT
huamn,CTCGTTCGGGACACAACCATCGG,GCAATCTGCCCTCGTTCGGGACACAACCATCGGTCTCACCCCT,GCAATCTGCCCTCGTTCGGGACACAACCATCGGTCTCACCCCTGCAATCTGCCCTCGTTCGGGACACAACCATCGGTCTCACCCCT
huamn,TCGCTCGACCTAGGCTCCCGTGG,TTCTTGGACCTCGCTCGACCTAGGCTCCCGTGGACTGTAGTGT,TTCTTGGACCTCGCTCGACCTAGGCTCCCGTGGACTGTAGTGTTTCTTGGACCTCGCTCGACCTAGGCTCCCGTGGACTGTAGTGT
huamn,ATTGCAGGTCAGATCAATAGTGG,AAATATAATCATTGCAGGTCAGATCAATAGTGGATTTCAGAGC,AAATATAATCATTGCAGGTCAGATCAATAGTGGATTTCAGAGCAAATATAATCATTGCAGGTCAGATCAATAGTGGATTTCAGAGC
huamn,CGAGATCAGTCATCCCGAAGAGG,AGATCTTCGCCGAGATCAGTCATCCCGAAGAGGAAGGCGATTT,AGATCTTCGCCGAGATCAGTCATCCCGAAGAGGAAGGCGATTTAGATCTTCGCCGAGATCAGTCATCCCGAAGAGGAAGGCGATTT
huamn,ACCCCACTGTGGCGGCGAGATGG,GGCAACCTCGACCCCACTGTGGCGGCGAGATGGCACGGGACAC,GGCAACCTCGACCCCACTGTGGCGGCGAGATGGCACGGGACACGGCAACCTCGACCCCACTGTGGCGGCGAGATGGCACGGGACAC
huamn,GCTATATACAAAACACCGCCTGG,TGGCTTCAGTGCTATATACAAAACACCGCCTGGAATACAAAAA,TGGCTTCAGTGCTATATACAAAACACCGCCTGGAATACAAAAATGGCTTCAGTGCTATATACAAAACACCGCCTGGAATACAAAAA
huamn,TCCTCCACGAAAGCCCGTCGAGG,GTAGTGAGCCTCCTCCACGAAAGCCCGTCGAGGAAAAGAGTGA,GTAGTGAGCCTCCTCCACGAAAGCCCGTCGAGGAAAAGAGTGAGTAGTGAGCCTCCTCCACGAAAGCCCGTCGAGGAAAAGAGTGA
huamn,GGGAGGACGCTTGCGGGATAGGG,GGGAGGGAATGGGAGGACGCTTGCGGGATAGGGAGGCGGGGGC,GGGAGGGAATGGGAGGACGCTTGCGGGATAGGGAGGCGGGGGCGGGAGGGAATGGGAGGACGCTTGCGGGATAGGGAGGCGGGGGC
huamn,GGAGACGTCCTTCCTTGTCGTGG,GCTCAATCCTGGAGACGTCCTTCCTTGTCGTGGCAGGATGCAG,GCTCAATCCTGGAGACGTCCTTCCTTGTCGTGGCAGGATGCAGGCTCAATCCTGGAGACGTCCTTCCTTGTCGTGGCAGGATGCAG
huamn,TCACAACCAATTGTTGCTCCAGG,TGTTTTCACATCACAACCAATTGTTGCTCCAGGACAATGGCAC,TGTTTTCACATCACAACCAATTGTTGCTCCAGGACAATGGCACTGTTTTCACATCACAACCAATTGTTGCTCCAGGACAATGGCAC
huamn,AGCACGGCCCATAGGATCGATGG,GGTGGATGCGAGCACGGCCCATAGGATCGATGGCCTGGCAGCA,GGTGGATGCGAGCACGGCCCATAGGATCGATGGCCTGGCAGCAGGTGGATGCGAGCACGGCCCATAGGATCGATGGCCTGGCAGCA
huamn,GAAGGGGATCATCTCGTCCGTGG,CCTCGTCCTTGAAGGGGATCATCTCGTCCGTGGCGCAGAGTTC,CCTCGTCCTTGAAGGGGATCATCTCGTCCGTGGCGCAGAGTTCCCTCGTCCTTGAAGGGGATCATCTCGTCCGTGGCGCAGAGTTC
huamn,TGAGTTGCACGCCGTAGCGGCGG,GCGAGTTCTGTGAGTTGCACGCCGTAGCGGCGGCCCGGGAGCT,GCGAGTTCTGTGAGTTGCACGCCGTAGCGGCGGCCCGGGAGCTGCGAGTTCTGTGAGTTGCACGCCGTAGCGGCGGCCCGGGAGCT
huamn,GCACCACTGGACGTTTGCAGGGG,CATTACCTCTGCACCACTGGACGTTTGCAGGGGAGGTGGTGGA,CATTACCTCTGCACCACTGGACGTTTGCAGGGGAGGTGGTGGACATTACCTCTGCACCACTGGACGTTTGCAGGGGAGGTGGTGGA
huamn,AGCAGCCCTTCAACAGCGCGTGG,ACAACATGCAAGCAGCCCTTCAACAGCGCGTGGTTCCTGCTGC,ACAACATGCAAGCAGCCCTTCAACAGCGCGTGGTTCCTGCTGCACAACATGCAAGCAGCCCTTCAACAGCGCGTGGTTCCTGCTGC
huamn,TCTTGGACCTCGCTCGACCTAGG,CCCTGGGGATTCTTGGACCTCGCTCGACCTAGGCTCCCGTGGA,CCCTGGGGATTCTTGGACCTCGCTCGACCTAGGCTCCCGTGGACCCTGGGGATTCTTGGACCTCGCTCGACCTAGGCTCCCGTGGA
huamn,GCACGGCTTCCGCATCTACCTGG,CGCAGAACACGCACGGCTTCCGCATCTACCTGGAGCCCGGGCC,CGCAGAACACGCACGGCTTCCGCATCTACCTGGAGCCCGGGCCCGCAGAACACGCACGGCTTCCGCATCTACCTGGAGCCCGGGCC
huamn,ATGATAGCCATCCCTAAGTGTGG,CTGAAAGAAAATGATAGCCATCCCTAAGTGTGGAAAAGGGTCT,CTGAAAGAAAATGATAGCCATCCCTAAGTGTGGAAAAGGGTCTCTGAAAGAAAATGATAGCCATCCCTAAGTGTGGAAAAGGGTCT
huamn,CCTACAAGACAGCGCAAATGTGG,GAAAAAAGGGCCTACAAGACAGCGCAAATGTGGCTTTTGTAAG,GAAAAAAGGGCCTACAAGACAGCGCAAATGTGGCTTTTGTAAGGAAAAAAGGGCCTACAAGACAGCGCAAATGTGGCTTTTGTAAG
huamn,GGTGGTTGAGCGTACTCGCACGG,CACAGTTGAAGGTGGTTGAGCGTACTCGCACGGCCACCATGCT,CACAGTTGAAGGTGGTTGAGCGTACTCGCACGGCCACCATGCTCACAGTTGAAGGTGGTTGAGCGTACTCGCACGGCCACCATGCT
huamn,GGTGGTGGAGACTGCTCACGGGG,TTGCAGGGGAGGTGGTGGAGACTGCTCACGGGGCAGCGCTTGG,TTGCAGGGGAGGTGGTGGAGACTGCTCACGGGGCAGCGCTTGGTTGCAGGGGAGGTGGTGGAGACTGCTCACGGGGCAGCGCTTGG
huamn,ACAAGCACTTAAGTTTACACTGG,CATCAGACATACAAGCACTTAAGTTTACACTGGTTCAGTAGAG,CATCAGACATACAAGCACTTAAGTTTACACTGGTTCAGTAGAGCATCAGACATACAAGCACTTAAGTTTACACTGGTTCAGTAGAG
huamn,AAGATGCGCATGGCTCGATGTGG,TCACGGCAAGAAGATGCGCATGGCTCGATGTGGACACTGTCGG,TCACGGCAAGAAGATGCGCATGGCTCGATGTGGACACTGTCGGTCACGGCAAGAAGATGCGCATGGCTCGATGTGGACACTGTCGG
huamn,GGTTGTGCTCACAGTCGCTGAGG,GGCCGCTTCGGGTTGTGCTCACAGTCGCTGAGGTGAGACATGA,GGCCGCTTCGGGTTGTGCTCACAGTCGCTGAGGTGAGACATGAGGCCGCTTCGGGTTGTGCTCACAGTCGCTGAGGTGAGACATGA
huamn,TCAGATGAAGGATCAATCTCTGG,ATTTGAACCATCAGATGAAGGATCAATCTCTGGAGCTGAACCC,ATTTGAACCATCAGATGAAGGATCAATCTCTGGAGCTGAACCCATTTGAACCATCAGATGAAGGATCAATCTCTGGAGCTGAACCC
huamn,TCGACAACTTAAACGGCTTCAGG,ACATGCGACTTCGACAACTTAAACGGCTTCAGGCAAATATGGG,ACATGCGACTTCGACAACTTAAACGGCTTCAGGCAAATATGGGACATGCGACTTCGACAACTTAAACGGCTTCAGGCAAATATGGG
huamn,GTAGCCCAGACTCCCATTATTGG,AACAACCTCTGTAGCCCAGACTCCCATTATTGGAGGGCTCAGA,AACAACCTCTGTAGCCCAGACTCCCATTATTGGAGGGCTCAGAAACAACCTCTGTAGCCCAGACTCCCATTATTGGAGGGCTCAGA
huamn,TAGGCAATCTGCCCTCGTTCGGG,TGACGAGCTCTAGGCAATCTGCCCTCGTTCGGGACACAACCAT,TGACGAGCTCTAGGCAATCTGCCCTCGTTCGGGACACAACCATTGACGAGCTCTAGGCAATCTGCCCTCGTTCGGGACACAACCAT
huamn,ACAGGCTTCATTGACTGAACAGG,GTGTCCACTCACAGGCTTCATTGACTGAACAGGTTGGACACGA,GTGTCCACTCACAGGCTTCATTGACTGAACAGGTTGGACACGAGTGTCCACTCACAGGCTTCATTGACTGAACAGGTTGGACACGA
huamn,GATAGAGCAACGGGTCATACTGG,GTCCTACGAAGATAGAGCAACGGGTCATACTGGATATATGGCA,GTCCTACGAAGATAGAGCAACGGGTCATACTGGATATATGGCAGTCCTACGAAGATAGAGCAACGGGTCATACTGGATATATGGCA
huamn,GCTCAGTACAGGACGTGTCCGGG,GCTTCTTACAGCTCAGTACAGGACGTGTCCGGGCTGCCACACA,GCTTCTTACAGCTCAGTACAGGACGTGTCCGGGCTGCCACACAGCTTCTTACAGCTCAGTACAGGACGTGTCCGGGCTGCCACACA
huamn,TCACTAATCAGAACGGATCCAGG,AAAAACAGCATCACTAATCAGAACGGATCCAGGGATCATCTCT,AAAAACAGCATCACTAATCAGAACGGATCCAGGGATCATCTCTAAAAACAGCATCACTAATCAGAACGGATCCAGGGATCATCTCT
huamn,CCACATTTGCGCTGTCTTGTAGG,CTTACAAAAGCCACATTTGCGCTGTCTTGTAGGCCCTTTTTTC,CTTACAAAAGCCACATTTGCGCTGTCTTGTAGGCCCTTTTTTCCTTACAAAAGCCACATTTGCGCTGTCTTGTAGGCCCTTTTTTC
huamn,ACGCAAAGGTCGTGGATCCAAGG,ACGTCTGTGGACGCAAAGGTCGTGGATCCAAGGTTTGGGCCCA,ACGTCTGTGGACGCAAAGGTCGTGGATCCAAGGTTTGGGCCCAACGTCTGTGGACGCAAAGGTCGTGGATCCAAGGTTTGGGCCCA
huamn,GCTCTTCAAACCTCCTGTAGAGG,CCAACAATTTGCTCTTCAAACCTCCTGTAGAGGTAAATACATC,CCAACAATTTGCTCTTCAAACCTCCTGTAGAGGTAAATACATCCCAACAATTTGCTCTTCAAACCTCCTGTAGAGGTAAATACATC
huamn,GTTATGGTACTGATGTAACCAGG,GAGGATGGAAGTTATGGTACTGATGTAACCAGGTGCATATGTG,GAGGATGGAAGTTATGGTACTGATGTAACCAGGTGCATATGTGGAGGATGGAAGTTATGGTACTGATGTAACCAGGTGCATATGTG
huamn,GACACTTGAAAATCTTTGACAGG,CTACAGATCTGACACTTGAAAATCTTTGACAGGAACCTAAGAA,CTACAGATCTGACACTTGAAAATCTTTGACAGGAACCTAAGAACTACAGATCTGACACTTGAAAATCTTTGACAGGAACCTAAGAA
huamn,GGATCGCCCTCGTCCTTGAAGGG,TTCCTTCTGAGGATCGCCCTCGTCCTTGAAGGGGATCATCTCG,TTCCTTCTGAGGATCGCCCTCGTCCTTGAAGGGGATCATCTCGTTCCTTCTGAGGATCGCCCTCGTCCTTGAAGGGGATCATCTCG
huamn,TGCGACTTCGACAACTTAAACGG,TCTGAATACATGCGACTTCGACAACTTAAACGGCTTCAGGCAA,TCTGAATACATGCGACTTCGACAACTTAAACGGCTTCAGGCAATCTGAATACATGCGACTTCGACAACTTAAACGGCTTCAGGCAA
huamn,CATCACACTGTAGATCTCCTGGG,AGGTTGGATGCATCACACTGTAGATCTCCTGGGAGATAAAGCC,AGGTTGGATGCATCACACTGTAGATCTCCTGGGAGATAAAGCCAGGTTGGATGCATCACACTGTAGATCTCCTGGGAGATAAAGCC
huamn,GTACTTCAGGAGATTAAACGAGG,TATTAAAACTGTACTTCAGGAGATTAAACGAGGAAAAAGAATG,TATTAAAACTGTACTTCAGGAGATTAAACGAGGAAAAAGAATGTATTAAAACTGTACTTCAGGAGATTAAACGAGGAAAAAGAATG
huamn,CCCTCTTGACACGACGAACCTGG,CGCCTCCCGCCCCTCTTGACACGACGAACCTGGCCGGCCGCAG,CGCCTCCCGCCCCTCTTGACACGACGAACCTGGCCGGCCGCAGCGCCTCCCGCCCCTCTTGACACGACGAACCTGGCCGGCCGCAG
huamn,ACCGGTGAAGAAGCCGAAAATGG,CTGCGGTGTTACCGGTGAAGAAGCCGAAAATGGAGCACGTCCA,CTGCGGTGTTACCGGTGAAGAAGCCGAAAATGGAGCACGTCCACTGCGGTGTTACCGGTGAAGAAGCCGAAAATGGAGCACGTCCA
huamn,ATGTAGGGCTTGGCGAGTCTAGG,TTGTATGGATATGTAGGGCTTGGCGAGTCTAGGTCAAGCATTC,TTGTATGGATATGTAGGGCTTGGCGAGTCTAGGTCAAGCATTCTTGTATGGATATGTAGGGCTTGGCGAGTCTAGGTCAAGCATTC
huamn,GGTAGAAGGTGTAACTCCGGTGG,GGATTCTCGTGGTAGAAGGTGTAACTCCGGTGGGAGATTCTGA,GGATTCTCGTGGTAGAAGGTGTAACTCCGGTGGGAGATTCTGAGGATTCTCGTGGTAGAAGGTGTAACTCCGGTGGGAGATTCTGA
