1	GTGCAGCGGGGCCCAGCAACGTCCCGGCCT
2	TGGTTAGGAAGGCCGGGACGTTGCTGGGCC
3	AGCTGTGGACCCTCGTGAGCGACCCGGACA
4	CGTCTGTGTCCGGGTCGCTCACGAGGGTCC
5	TGGGTTCAGAGCACTGTATGAGGAGGGATT
6	CAGAGACACTGGTGTCATGGATGGAGGAAC
7	TTGGGCAGCACCTCCTTGGCAAACTGGCCC
8	CCAAGTACTTCAAGCACAACAACATGGCTA
9	CTTATGACAGAGTGGAGCAAGAATGGGTCG
10	AGGTTGTGAAAGCTTATGACAGAGTGGAGC
11	CTGAATCAAGCCCAGATAGAAGTGCGGCTG
12	TGGTTAGGAAGGCCGGGACGTTGCTGGGCC
13	CAGACGCGCTCATCTGCTGGAGCCCGGTAG
14	TTATGGTCTGTGGGAGAAATCAAAAGGGGA
15	CCTGGGGCGGCTCCGCGACGAGGCTGGCGG
16	TCAGCAAGCTGTGGACGCTTGTGGAGGAAA
17	TCTTGGATGAGCAAAGATTTGCAAAGGAAA
18	CTAAGTACTTCAAACACAATAACATGGCGA
