1	CTTTGCCTAGACAGCGTCGGAAGGTGGGGG
2	TCCTCTATAGGATCCACAGGGAGGGGGAAT
3	TTCTCATGCACTCAAGTTACCTGCGGGGAA
4	TCGGGCCTCTAGGTCATCATGTTCAGGAAC
5	TGATGACCTAGAGGCCCGAGCGCCTGGTGC
6	GGGTGCACTCAGCACCAGGCGCTCGGGCCT
7	TTCAGCCACTTCATGGTGATGTTCTGGGGG
8	AGTGGCTGAAGGATAAGCAGCCAATGGATG
9	TCCCTGTTATGTGCAGATGGCTTCCGGAAA
10	TCCGGAAAGTGGTCCACATCGAGCAGGGCG
11	ACCACCGCGTTCGGGTGTAGAATTTGGAAT
12	CTGCTTCATTGTTAACGCGGCGCAGGGATT
13	CAATGAAGCAGAGTTCGAACGTGCCGGCTT
14	AGAATGGCCAAAGTTTTCTGGTCTTGGATG
15	CCGTGCCACCCAGAATATTTCGTATGGTGC
16	CCGTGCCACCCAGAATATTTCGTATGGTGC
17	AAATGGCACCATACGAAATATTCTGGGTGG
18	ATAAGCATGACGACCTATGATGATAGGTTT
19	TGGCACCATACGAAATATTCTGGGTGGCAC
20	GCCGGGGGATATTTTTGCAGATAATGGCTT
21	TCATCATAGGTCGTCATGCTTATGGGGATC
22	TTATGGGGATCAAGTAAGTCATGTTGGCAA
23	CATTATTAGGCATGTTGGAGACTTGGGCAA
24	GGGCAATGTGACTGCTGACAAAGATGGTGT
25	TCACAGAATCTTCAATAGACACATCGGCCA
26	TGAAGATTCTGTGATCTCACTCTCAGGAGA
