1	CCTCGTTGCTATCTACCACAAGCAGGGGCG
2	CAACTTCTTCTCAGTTCAAGTAACAGGTAA
3	GGAATTCCGGGCATCCCTGTACAAGGGCGT
4	GAACTCGGCATTCGAGCGAAACTGGGGCTG
5	CACGACCAGTGCCCAAAACAGCTTAGGAGA
6	GACTACATGAACATGACTCCCCGGAGGCCT
7	CAATGACACTCAGGCTGCTGTTCTTGGCTC
8	CGTCGCTGTTCACGCCCTTGTACAGGGATG
9	ATTGCTCCTCTCGTTGTCTAGGTAAGGCGG
10	CCTCCGCCTTACCTAGACAACGAGAGGAGC
11	CCTCTCGTTGTCTAGGTAAGGCGGAGGGTA
12	GCCCTCATCAGAACAATGACACTCAGGCTG
13	TTTGTTATGGCTTGCTAGTGACAGTGGCTC
14	CTGGATAGGGGTCCCTGTCAGGGGCGGTAC
15	TGTACAAGGGCGTGAACAGCGACGTGGAAG
16	AGTGACTACATGAACATGACTCCCCGGAGG
17	CTTTCGAGTGAGCCCAGGCCTCCGGGGAGT
18	GGAATTCCTTTGCGAGAAGGTTGTAGGAAT
19	AGGAATTCCGGGCATCCCTGTACAAGGGCG
20	TTTTCCCTTCAGAAAACAAGATTTTGGTAA
21	TGCAAAGTCTCTGGCAGGGGCGTAGGGCTG
22	CGGTACGCTGCAAAGTCTCTGGCAGGGGCG
23	TTACCTAGACAACGAGAGGAGCAATGGAAC
24	CGAATGCCGAGTTCAACTGCGACGGGGATT
25	GCTTTCGAGTGAGCCCAGGCCTCCGGGGAG
26	CTCGAATGCCGAGTTCAACTGCGACGGGGA
27	AGCAACGAGGTCAGCCTCAGCTGCAGGTAT
28	AAGTCTCTGGCAGGGGCGTAGGGCTGGTAA
29	GAACAGCGACGTGGAAGTCTGTGTCGGGAA
30	GTTCCATTGCTCCTCTCGTTGTCTAGGTAA
31	CTTTGCAGCGTACCGCCCCTGACAGGGACC
32	CTGCAAAGTCTCTGGCAGGGGCGTAGGGCT
33	GTCACTAGCAAGCCATAACAAAACAGGACT
34	CTCTCGTTGTCTAGGTAAGGCGGAGGGTAC
35	GTTTTGGGCACTGGTCGTGGTTGCTGGAGT
36	CTGGTAAGGCTTTCGAGTGAGCCCAGGCCT
37	AACAGCGACGTGGAAGTCTGTGTCGGGAAT
38	GTCTGTTCCTTCTACTATTTGTCTAGGGGG
39	TCTGGCAGGGGCGTAGGGCTGGTAAGGCTT
40	TGGTAAAGCAGTCGCCCCTGCTTGTGGTAG
41	GGTACGCTGCAAAGTCTCTGGCAGGGGCGT
42	CGAAATCCCCGTCGCAGTTGAACTCGGCAT
43	ACCTCGTTGCTATCTACCACAAGCAGGGGC
44	CATTCGAGCGAAACTGGGGCTGATAGGTAA
45	AGGTTGTAGGAATACCTGCAGCTGAGGCTG
46	ACTTTGCAGCGTACCGCCCCTGACAGGGAC
47	TGACAGTGGCTCTTTGTGTTATCTGGGTAA
48	CAATGGAACTATTATTCACATAAAAGGTAA
49	GGCTTTCGAGTGAGCCCAGGCCTCCGGGGA
50	CTTCTGGATAGGGGTCCCTGTCAGGGGCGG
51	GGTATTCCTACAACCTTCTCGCAAAGGAAT
52	AGGGGCGGTACGCTGCAAAGTCTCTGGCAG
53	TTCCCCCCCTAGACAAATAGTAGAAGGAAC
54	ACAACCTTCTCGCAAAGGAATTCCGGGCAT
55	GCGGTACGCTGCAAAGTCTCTGGCAGGGGC
56	CTCGTTGCTATCTACCACAAGCAGGGGCGA
57	GTCATGTTCATGTAGTCACTTTGAAGGAGT
58	GATGCCCGGAATTCCTTTGCGAGAAGGTTG
59	TACAACCTTCTCGCAAAGGAATTCCGGGCA
60	ACGTCGCTGTTCACGCCCTTGTACAGGGAT
61	GACGTGGAAGTCTGTGTCGGGAATGGGAAT
62	TTGAACTCGGCATTCGAGCGAAACTGGGGC
63	ACTCAGTCATCTCCTAAGCTGTTTTGGGCA
64	ATGAACATGACTCCCCGGAGGCCTGGGCTC
65	TTCACGCCCTTGTACAGGGATGCCCGGAAT
66	CGACGTGGAAGTCTGTGTCGGGAATGGGAA
67	CCCTGCTTGTGGTAGATAGCAACGAGGTCA
68	TCGAATGCCGAGTTCAACTGCGACGGGGAT
69	CATGAACATGACTCCCCGGAGGCCTGGGCT
70	GTGACAGTGGCTCTTTGTGTTATCTGGGTA
71	TGAACTCGGCATTCGAGCGAAACTGGGGCT
72	AACGAAACAGTGACGTTCCGTCTCTGGAAT
73	TGATTGACGTGCAGATTCCAGAGACGGAAC
74	GCTCCTCTCGTTGTCTAGGTAAGGCGGAGG
75	TTGATTCTTGGCTTGGTGACCTGGTGGTTA
76	TAGAGCTTGTTGTCACAGTGGTGGGGGGTG
77	GTCACTGGCTACATTTGATGGTTCTGGAAG
78	GCCAAGAATCAAGTGGCATGTTACTGGTGC
79	GTTTCCAAGGGGGTCAAAGAAACTGGGATT
80	TAGCTGTGGTGACAGGGGGACCACTGGTCT
81	GGTCCCCCTGTCACCACAGCTACTGGGTCT
82	AGCCCATCAGTTTCTGTGGGGTCAGGGACA
83	TAACATGCCACTTGATTCTTGGCTTGGTGA
84	GCGCCAGAGGCAAAAGCGGAGGACTGGGGC
85	AACTTCCTGAGAGGCAGTAGGCTCAGGTAC
86	ACAGGATTGGCTGCAGTGACAGGAGGGTCA
87	TGGTGCCCATGCTTATTGCCTTGGTGGTGG
88	TGGTCCCCCTGTCACCACAGCTACTGGGTC
89	TTGTCACAGTGGTGGGGGGTGCACTGGTTC
90	GGTGACCTGGTGGTTATGGGATCTTGGGTA
91	CTGAGAGGCAGTAGGCTCAGGTACAGGGGT
92	CAGTTTCTGTGGGGTCAGGGACAGTGGACT
93	CTGTCACCACAGCTACTGGGTCTCTGGGGC
94	TCCTCTTTGGGGCATGCTGGGTCCAGGTGG
95	CAATCCCAGTTTCTTTGACCCCCTTGGAAA
96	CAGCCCATCAGTTTCTGTGGGGTCAGGGAC
97	AGAAGACAATTCAGTAGTTTCCAAGGGGGT
98	GGCCTTGCACCTTCTCCTCCTCTTTGGGGC
99	AACTGGGATTGTGGTCTGCCCCCAGGGGCT
100	ACCAGTAACATGCCACTTGATTCTTGGCTT
101	GCCTTGCACCTTCTCCTCCTCTTTGGGGCA
102	TTGGCTTGGTGACCTGGTGGTTATGGGATC
103	CTGACCCCACAGAAACTGATGGGCTGGCAT
104	TTTCTGCTGGAAACTGAGGTGCCACGGGCC
105	CTTGGCTTGGTGACCTGGTGGTTATGGGAT
106	CATCGTCGTCCTCTGCAGACTGTCTGGGCT
107	GTTAGAGCTTGTTGTCACAGTGGTGGGGGG
108	AGATGCTGCAGTTCCGTCTGTCACAGGATT
109	TGGAAACTACTGAATTGTCTTCTTTGGAGA
110	CAGAAACTGATGGGCTGGCATTCTGGGCTT
111	TGCTTATTGCCTTGGTGGTGGTTTTGGCCC
112	TTCTCCTCCTCTTTGGGGCATGCTGGGTCC
113	GAATGCCAGCCCATCAGTTTCTGTGGGGTC
114	CACAGAACTGGTTGCTGTGGTAGCAGGGAG
115	AGTTTCCAAGGGGGTCAAAGAAACTGGGAT
116	TGGTGACAGGGGGACCACTGGTCTTGGAGC
117	ACAGAAACTGATGGGCTGGCATTCTGGGCT
118	CTGCAGTTCCGTCTGTCACAGGATTGGCTG
119	GGAGCTTACTGTTGTAGCCACAGAGGGTCC
120	ACCTGGACCCAGCATGCCCCAAAGAGGAGG
121	GCTGGAAACTTCCTGAGAGGCAGTAGGCTC
122	TCTACCCAAGATCCCATAACCACCAGGTCA
123	GTCCCTGACCCCACAGAAACTGATGGGCTG
124	TCTTTGGGGCATGCTGGGTCCAGGTGGCGA
125	ACAGAACTGGTTGCTGTGGTAGCAGGGAGT
126	TGGACCCAGCATGCCCCAAAGAGGAGGAGA
127	ATGGGCTGGCATTCTGGGCTTCAGAGGTAC
128	TGGAGCTGTGATATGTGGGGTAGATGGTAG
129	CCTTGCACCTTCTCCTCCTCTTTGGGGCAT
130	AAGAAGACAATTCAGTAGTTTCCAAGGGGG
131	GTCACCACAGCTACTGGGTCTCTGGGGCCC
132	AATGCCAGCCCATCAGTTTCTGTGGGGTCA
133	AAGACAATTCAGTAGTTTCCAAGGGGGTCA
134	CAGGTCACCAAGCCAAGAATCAAGTGGCAT
135	TTGTGGTCTGCCCCCAGGGGCTGATGGTCT
136	CTGCAGGTCCGTCTGTCACAGGATTGGCTG
137	AGGTACTTGGAGCTGTGATATGTGGGGTAG
138	GAGACCCAGTAGCTGTGGTGACAGGGGGAC
139	AAACCACCACCAAGGCAATAAGCATGGGCA
140	ATTGTCTTCTTTGGAGACTTCTGCTGGTGC
141	AAACTGGGATTGTGGTCTGCCCCCAGGGGC
142	CGCCAGAGGCAAAAGCGGAGGACTGGGGCC
143	CCAGTTCTGTGGAGAGTTCCAGTGTGGCCC
144	AGGGGGTCAAAGAAACTGGGATTGTGGTCT
145	AGGAGGGTCACTGGCTACATTTGATGGTTC
146	AGAGGTACTTGGAGCTGTGATATGTGGGGT
147	GACAACAAGCTCTAACGAGACCAGTGGACC
148	AACCACCACCAAGGCAATAAGCATGGGCAC
149	GTGGCGAGCCCAGACAGTCTGCAGAGGACG
150	TGGAGCTTACTGTTGTAGCCACAGAGGGTC
151	TGGGGTCAGGGACAGTGGACTCGAAGGAGA
152	CTGTTGTGGCGCCAGAGGCAAAAGCGGAGG
153	GAGGTACTTGGAGCTGTGATATGTGGGGTA
154	TCGAAGGAGACCATCAGCCCCTGGGGGCAG
155	TGTGGAGAGTTCCAGTGTGGCCCGTGGCAC
156	CTAACGAGACCAGTGGACCCTCTGTGGCTA
157	ATGTCTTGCTGGAAACTTCCTGAGAGGCAG
158	CCCCAAAGAGGAGGAGAAGGTGCAAGGCCA
159	TGCAGCATCTACATCTATCTCTAAAGGAAC
160	CAGCATGCCCCAAAGAGGAGGAGAAGGTGC
161	TCTCGTTAGAGCTTGTTGTCACAGTGGTGG
162	TACAACAGTAAGCTCCAAGACCAGTGGTCC
163	AGAGACCCAGTAGCTGTGGTGACAGGGGGA
164	GCCACAACAGCAGTAGCGCCACGAGGGCCA
165	ATCGTCGTCCTCTGCAGACTGTCTGGGCTC
166	AGGGCCCCAGAGACCCAGTAGCTGTGGTGA
167	CTGTACCTGAGCCTACTGCCTCTCAGGAAG
168	CGCCACAACAGCAGTAGCGCCACGAGGGCC
169	CACAGGATTGGCTGCAGTGACAGGAGGGTC
170	AGACCCAGTAGCTGTGGTGACAGGGGGACC
171	CTCGAAGGAGACCATCAGCCCCTGGGGGCA
172	GAGAGGCAGTAGGCTCAGGTACAGGGGTGC
173	TGTCCCTGACCCCACAGAAACTGATGGGCT
174	CTGCTACCACAGCAACCAGTTCTGTGGAGA
175	GCCCTCGTGGCGCTACTGCTGTTGTGGCGC
176	GGCATTCTGGGCTTCAGAGGTACTTGGAGC
177	AACTCTCCACAGAACTGGTTGCTGTGGTAG
178	CCACGAGGGCCAAAACCACCACCAAGGCAA
179	TCTGGGGCCCTCGAGTGAGATGCATGGACT
180	AGGGAGTCCATGCATCTCACTCGAGGGCCC
181	TGTCACCACAGCTACTGGGTCTCTGGGGCC
182	TTATGGGATCTTGGGTAGACGTCGTGGATG
183	TGCCCATGCTTATTGCCTTGGTGGTGGTTT
184	CAGGGAGTCCATGCATCTCACTCGAGGGCC
185	AGAGCTTGTTGTCACAGTGGTGGGGGGTGC
186	CTGTTGTAGCCACAGAGGGTCCACTGGTCT
187	AGAATGCCAGCCCATCAGTTTCTGTGGGGT
188	CCACACTGGAACTCTCCACAGAACTGGTTG
189	TGCAGACTGTCTGGGCTCGCCACCTGGACC
190	GAAGACAATTCAGTAGTTTCCAAGGGGGTC
191	ACTCGAAGGAGACCATCAGCCCCTGGGGGC
192	CTTCTCCTCCTCTTTGGGGCATGCTGGGTC
193	GCTCAGGTACAGGGGTGCTCATGCTGGCAC
194	TTCTGCTGGAAACTGAGGTGCCACGGGCCA
195	GCGCTACTGCTGTTGTGGCGCCAGAGGCAA
196	GTGACCTGGTGGTTATGGGATCTTGGGTAG
197	CTGGAAGCAGTGCTGATGTCTTGCTGGAAA
198	ACTGGGATTGTGGTCTGCCCCCAGGGGCTG
199	TGAGAGGCAGTAGGCTCAGGTACAGGGGTG
200	TTGTGGCGCCAGAGGCAAAAGCGGAGGACT
201	ATTGGCTGCAGGTCCGTCTGTCACAGGATT
202	TGTCACAGGATTGGCTGCAGTGACAGGAGG
203	CGTTAGAGCTTGTTGTCACAGTGGTGGGGG
204	AAACTGAGGTGCCACGGGCCACACTGGAAC
205	GACTCGAAGGAGACCATCAGCCCCTGGGGG
206	CACTTGATTCTTGGCTTGGTGACCTGGTGG
207	CAGAGACCCAGTAGCTGTGGTGACAGGGGG
208	TGGCTGCAGTGACAGGAGGGTCACTGGCTA
209	TACTGGTGCCCATGCTTATTGCCTTGGTGG
210	TCCGTCTGTCACAGGATTGGCTGCAGGTCC
211	TTAGAGCTTGTTGTCACAGTGGTGGGGGGT
212	TTCTTATAGCATAAAACATATCCATGGGGT
213	TCAGGGGCCACTAAAAGAAACGATCGGTGA
214	CTACCTGGTATTCAGCCTCCAGAGGGGAGG
215	AGTCTGTGCTCAGTACTGGGGCGAAGGAAA
216	TTTTGAGCTGAGACATTCCAAGGTAGGTAA
217	CAGGAGTTGGAGGACACAGCACATTGGAAA
218	AGGACCTCAAACAGAAGCTTCCCAAGGCTT
219	TACATGACTGCACACCAAAAGAAAAGGCTA
220	GTGTACCAGTACCAGTGTACCACATGGAAA
221	TGGCCAAGCATGGAGGAAGGCACTCGGGCT
222	TCTTCCCATTGACATAGGCAAGTAGGGACA
223	AGAATACTGGCCAAGCATGGAGGAAGGCAC
224	ACCTGAGTCTGCATCTAAACCCCATGGATA
225	CAAAAGTTCGGAGAGTGTAGGCTGAGGCTC
226	CCTACATTGGAATTGATGCCATGCTGGAAG
227	CATGCATCCATCCTCGTCCACTGCAGGTTA
228	ACCCAGGAAATACATTGCTGCACAAGGTAA
229	AGAGAGAAATTGACATTCACCTGGTGGTAC
230	GGCTTTAGTGGAATACAATCAGTTTGGAGA
231	CAGTACCAGTGTACCACATGGAAAGGGGAA
232	ATACAAAAGGAAGATTGCTGATGAGGGCAG
233	ATGATGAAAAGCAGCTGATGGATGTGGAGC
234	GTTGATGACTTCTGGAGGATGATCTGGGAG
235	AACTATAGATTTATATGTACCACCAGGTGA
236	TAGAGACTTCCTTCATACAGGAGTTGGAGG
237	GGCCAAGCATGGAGGAAGGCACTCGGGCTT
238	TGTTTGTTCCCTTAGTGCTGGTGTTGGGCG
239	AGGCACAGAACAACCCTGTCTGCTGGGATC
240	CTGGTATTCAGCCTCCAGAGGGGAGGGGTC
241	CCTGGTATTCAGCCTCCAGAGGGGAGGGGT
242	TTATACTATTGTCTGTCGGCCGGGAGGTTT
243	CTCTACGCAAAGCACGGCCTGGGGTGGTGT
244	ACCTTGTGCAGCAATGTATTTCCTGGGTTC
245	AAGCTTCCCAAGGCTTCCCCAGAAGGGATG
246	TTCCTAACCTGCAGTGGACGAGGATGGATG
247	ACTCTCTGAAATAAATGGAGATGCAGGGTC
248	CATACAAAAGGAAGATTGCTGATGAGGGCA
249	CTGGCGATGATGTCATAGAGGAACTGGTAT
250	AGTGGTCCCATTGTGGTGCACTGCAGGTAA
251	GTGACAAAGACTTCTGTGTCCAGAAGGGCA
252	GTGACTCATATCCAATTCACCAGCTGGCCA
253	CATGCTGGAAGGCCTGGAAGCAGAGGGCAA
254	CAGCTTCCTAACCTGCAGTGGACGAGGATG
255	GTCTATGGTTATGTTGTCAAGCTAAGGCGA
256	CAGAAGTCATCAACTGTCTCATCCCGGGGC
257	TTTAGGGCCATTAGTTTCATAAGGAGGACC
258	CACCCAGTGACCCCTCCCCTCTGGAGGCTG
259	AGCCCGAGTGCCTTCCTCCATGCTTGGCCA
260	ATGATGTAATCAGGACATCGTTTGTGGTCA
261	GCTCATCTCCAGTTCATGCTTAAGTGGCAC
262	ATCCACCCAGTGACCCCTCCCCTCTGGAGG
263	AGCAGAGGGCAAAGTGGATGTCTATGGTTA
264	GAAGCTTCCCAAGGCTTCCCCAGAAGGGAT
265	GTTTCAAGCTTTCCACCTCAAAACTGGTCA
266	AGACTCAGGTTTAGATACAGGCTCAGGCCA
267	ATCTAGGAAGTCTGTGCTCAGTACTGGGGC
268	AATACATTAATGCATCCTTTGTGATGGTAG
269	CCCCATCAGCTTCCTAACCTGCAGTGGACG
270	GATGAACAACAGGAACTCGTTGAAAGGGGT
271	GCTAATACTTCAATTTGTTTGGAGTGGAAA
272	AGGGTCTTCAGGAACCCCATGGTCTGGCCA
273	ACTCTCCGTCGAAGTTTGAGGAGCAGGTGA
274	AAAGTCTCTACGCAAAGCACGGCCTGGGGT
275	GCTTGTGATACTTCATCCCTTCTGGGGAAG
276	AGACACCAGGTCTTTGGGTTCTGCAGGCAG
277	AGACTTCCTTCATACAGGAGTTGGAGGACA
278	GCAACTTCTTCAGTGGTCCCATTGTGGTGC
279	TCTTGCAGCTGGATCCCCACAACTAGGCTT
280	TTACAGATGATGAAAAGCAGCTGATGGATG
281	CTGTAGAACAAGTGCGCAGAATACTGGCCA
282	ACAGAGTGCCACTTAAGCATGAACTGGAGA
283	CCGTCGAAGTTTGAGGAGCAGGTGAGGGTC
284	TCTGGACACAGAAGTCTTTGTCACAGGTAA
285	TGTCATGGTCACACGATGTGAAGAAGGAAA
286	TCACAGGGAAGAATGTCAACATAACGGTTT
287	GTGTCCCTACTTGCCTATGTCAATGGGAAG
288	CCATGGTCTGGCCAGCTGGTGAATTGGATA
289	AGATGCAGACTCAGGTTTAGATACAGGCTC
290	TTTGATAGGTCCGGACAAGGTCAATGGAAT
291	AAGATTGTCACCTATGGTTGTGCTTGGAGG
292	TCCAAAATGCTAAGTGTGGAAATGAGGATT
293	GTCAATGGGAAGATTCAAAGAAATGGGACT
294	TCCATGGGGTTTAGATGCAGACTCAGGTTT
295	AAGGCACAGAACAACCCTGTCTGCTGGGAT
296	GTGGTAAAGTCTCTACGCAAAGCACGGCCT
297	CAAAGATGTCCAAAATGCTAAGTGTGGAAA
298	GGTTTTAGGGCCATTAGTTTCATAAGGAGG
299	GGTCAGTGCTTGCAAGGCCCAGAGTGGATG
300	TCTAGGAAGTCTGTGCTCAGTACTGGGGCG
301	CATCAATGTAGCTGGCATTTATGTAGGTGG
302	TCAACTGTCTCATCCCGGGGCCCTAGGAGT
303	TGTTTTATGCTATAAGAACAATTCAGGTAA
304	TTGCTGATGAGGGCAGACTGTTCCTGGCTG
305	TCTTCCCCTTTCCATGTGGTACACTGGTAC
306	GATGTCACAATAATCAGAAACACCAGGAAT
307	TGGTATTCAGCCTCCAGAGGGGAGGGGTCA
308	TAAAAGTCTGATTACTAGATTCATAGGTGT
309	CCTCCCCTCTGGAGGCTGAATACCAGGTAG
310	TTTTCTTAGAGACTTCCTTCATACAGGAGT
311	ACCAGAAATGATGATTGCTGCTCAGGGGCC
312	ATCGTGTGACCATGACAATAACTGTGGCCT
313	ACACTGGTACTGGTACACAGTTCTGGGCTC
314	AACCAGAAATGATGATTGCTGCTCAGGGGC
315	CTAAAAGAAACGATCGGTGACTTTTGGCAG
316	GTCACACGATGTGAAGAAGGAAACAGGGTA
317	AGTGTCCCTACTTGCCTATGTCAATGGGAA
318	CTCCAGAGGGGAGGGGTCACTGGGTGGATC
319	AATTCACAGTAATGTTCCCAAACATGGCAG
320	TTCCAACAAAATGTCAGAATGGATTGGCTC
321	AGCCTCCAGAGGGGAGGGGTCACTGGGTGG
322	TGACAAAGACTTCTGTGTCCAGAAGGGCAA
323	CCAGAAATGATGATTGCTGCTCAGGGGCCA
324	AGATTTTATACAAAACAACAAGCAAGGCTA
325	GCATTAACTCTCCGTCGAAGTTTGAGGAGC
326	TTGTCACCTATGGTTGTGCTTGGAGGGTCA
327	CGGGATGAGACAGTTGATGACTTCTGGAGG
328	AGTGCTTGCAAGGCCCAGAGTGGATGGTGT
329	ATTGTCACCTATGGTTGTGCTTGGAGGGTC
330	CAAGAAGAAAATAAGAAGAAGAACAGGAAT
331	ATGAACAACAGGAACTCGTTGAAAGGGGTG
332	ATGCTAAAGCACTGATTATATTCCTGGTGT
333	GTGCTTGGAGGGTCAGTGCTTGCAAGGCCC
334	TTGGAATGTCTCAGCTCAAAAGTTCGGAGA
335	AGAGTGGATGGTGTAAGAGTTGTGAGGCTG
336	CACTGACCCTCCAAGCACAACCATAGGTGA
337	GTTCAGCTTCTGAATGATGTAATCAGGACA
338	AGGCACAGTATATCCTGATTCATCAGGCTT
339	AGCTACCACAACGAAGCAAACATGTGGTAA
340	TTCACAGCAATTTAGATGAACAACAGGAAC
341	TGTCAATGGGAAGATTCAAAGAAATGGGAC
342	ACATTTATACTATTGTCTGTCGGCCGGGAG
343	CAAAGGATGCATTAATGTATTTGCTGGTTT
344	TACACTGGTACTGGTACACAGTTCTGGGCT
345	CTGCACTTTCCAAGAGATTGAACAAGGCAC
346	ACTTACCACATGTTTGCTTCGTTGTGGTAG
347	TGTTATAAATGTGCAGACAGATTTGGGGAG
348	CTGCTACACATGTGTAATTTGTTTGGGCAC
349	TCTGCTACACATGTGTAATTTGTTTGGGCA
350	CACAACTCTTACACCATCCACTCTGGGCCT
351	CCAAAGACCTGGTGTCTATGATTCAGGACC
352	CCATGGGTTTGTGGCTCAAACTTCTGGCCT
353	ATACATTACTTACATCAATGTAGCTGGCAT
354	GCAGACTGTTCCTGGCTGAATTTCAGGTAT
355	CCAGTACCAGTGTACCACATGGAAAGGGGA
356	GATGGGAAACTTGCTGAATACCCGTGGAAT
357	TATTCCACTAAAGCCTGATGAATCAGGATA
358	CCTCACCTGCTCCTCAAACTTCGACGGAGA
359	AGTGCGCAGAATACTGGCCAAGCATGGAGG
360	ATGTGGTCCTCCTTATGAAACTAATGGCCC
361	TAGGGACACTTCATAGTATTTATAAGGTTT
362	CATTTATACTATTGTCTGTCGGCCGGGAGG
363	TTCATATGTACTCCACTGTGAGCCAGGTAC
364	TTCTGGCCTTTGGATTTGCCCTTCTGGACA
365	GAAGCCTTGGGAAGCTTCTGTTTGAGGTCC
366	TATGTTTCCAACAAAATGTCAGAATGGATT
367	AGCTGGATCCCCACAACTAGGCTTAGGCGT
368	TTCTTTGAATCTTCCCATTGACATAGGCAA
369	CTGAATCATAGACACCAGGTCTTTGGGTTC
370	CATGTGTAATTTGTTTGGGCACGAAGGTTG
371	TGCTTGTGATACTTCATCCCTTCTGGGGAA
372	AAAAGGCTAATACTTCAATTTGTTTGGAGT
373	CCCACAACTAGGCTTAGGCGTTTCTGGAAC
374	CCTGAATCATAGACACCAGGTCTTTGGGTT
375	TGGATGGTGTAAGAGTTGTGAGGCTGGCAC
376	CAGGAACCCCATGGTCTGGCCAGCTGGTGA
377	CAGCCTCCAGAGGGGAGGGGTCACTGGGTG
378	ATTTGTATCTTTCAGAGCATTCCACGGGTA
379	ATGCTTGTGATACTTCATCCCTTCTGGGGA
380	AAGTCTCTACGCAAAGCACGGCCTGGGGTG
381	AAGGTTGTCCAACTGACATCTTTCAGGTAT
382	TTTTTATTCTGATTGTGGGGCTTTCGGGCA
383	ATCATCTGAAGACTCATCTGATTCAGGCTC
384	ATGTTATAAATGTGCAGACAGATTTGGGGA
385	TGTTCTGTGCCTTGTTCAATCTCTTGGAAA
386	TCACAACTCTTACACCATCCACTCTGGGCC
387	TACCTTGTGCAGCAATGTATTTCCTGGGTT
388	GTGGGGCTTTCGGGCATCTTTGATGGGAAA
389	GCTACCTGGTATTCAGCCTCCAGAGGGGAG
390	ATATCCTGATTCATCAGGCTTTAGTGGAAT
391	GCTGCAAGAAAAACGTTAGTCTCTTGGCCT
392	TGTGGGGCTTTCGGGCATCTTTGATGGGAA
393	CCCCTGAGCAGCAATCATCATTTCTGGTTT
394	GGTTTTCATTCCATTGACCTTGTCCGGACC
395	TTTTATTCTGATTGTGGGGCTTTCGGGCAT
396	GAATTGATGCCATGCTGGAAGGCCTGGAAG
397	TCCTCATTTCCACACTTAGCATTTTGGACA
398	CCGTGTGGAACTCTCTGAAATAAATGGAGA
399	ACATCCACTTTGCCCTCTGCTTCCAGGCCT
400	GCGCAGAATACTGGCCAAGCATGGAGGAAG
401	TTTGAGGAGCAGGTGAGGGTCTTCAGGAAC
402	ACTATTCAACTGACTATGAGTTTCTGGTAA
403	CACCTCAAAACTGGTCACATTATTAGGCAA
404	AGTAATGTTCCCAAACATGGCAGCTGGAAA
405	CACTTCTGACTACCAAAATGTAAAAGGTTT
406	CTTCATCCCTTCTGGGGAAGCCTTGGGAAG
407	TTTGTGGCTCAAACTTCTGGCCTTTGGATT
408	ACTTCATCCCTTCTGGGGAAGCCTTGGGAA
409	CAGGCAGCTCTTCCCCTTTCCATGTGGTAC
410	TTTAATCAGATGATTATAACCGTGTGGAAC
411	CTTATAGCATAAAACATATCCATGGGGTTT
412	AGCTAAGGCGACAGAGGTGTCTGATGGTGC
413	CTCTCTGAAATAAATGGAGATGCAGGGTCC
414	CCTTAGTGCTGGTGTTGGGCGTACAGGTAC
415	TCACACGATGTGAAGAAGGAAACAGGGTAA
416	AGAGGTGTCTGATGGTGCAAGTGGAGGTAC
417	CTTGTACTTAACTCCTAGGGCCCCGGGATG
418	GTTATAAATGTGCAGACAGATTTGGGGAGT
419	ACTTACATAGCTGCACACCACCCCAGGCCG
420	CCTTTCCATGTGGTACACTGGTACTGGTAC
421	TATGTTGTCAAGCTAAGGCGACAGAGGTGT
422	GATGAGACAGTTGATGACTTCTGGAGGATG
423	TTTGATCAGGGCTTCAAGGAACCCAGGAAA
424	AGGTGAGGGTCTTCAGGAACCCCATGGTCT
425	CCAATTCACCAGCTGGCCAGACCATGGGGT
426	TTTGTATCTTTCAGAGCATTCCACGGGTAT
427	GTCTTTACCTGCAGTGCACCACAATGGGAC
428	CCAGAAGTTTGAGCCACAAACCCATGGTCA
429	AGTACCAGTGTACCACATGGAAAGGGGAAG
430	CCCAGCATCGTACCTGGCTCACAGTGGAGT
431	CAGAAACGCCTAAGCCTAGTTGTGGGGATC
432	GCTTTGCGTAGAGACTTTACCACTTGGAAA
433	CCATTTATTTCAGAGAGTTCCACACGGTTA
434	CATTAATGCATCCTTTGTGATGGTAGGTAC
435	AGACAATAGTATAAATGTTACATGTGGTCC
436	GACAGAGGTGTCTGATGGTGCAAGTGGAGG
437	ACTTGTACTTAACTCCTAGGGCCCCGGGAT
438	AAGGCCTGGAAGCAGAGGGCAAAGTGGATG
439	GAAGTCATCAACTGTCTCATCCCGGGGCCC
440	CCAGCATGGCATCAATTCCAATGTAGGTAC
441	TGTTGGGCGTACAGGTACCTACATTGGAAT
442	GAGTGTGGGTACCTACCATCACAAAGGATG
443	AATTCACCAGCTGGCCAGACCATGGGGTTC
444	TCTTATAGCATAAAACATATCCATGGGGTT
445	TGAACAACAGGAACTCGTTGAAAGGGGTGA
446	ATCTTCCCATTGACATAGGCAAGTAGGGAC
447	TGCTACCTGGTATTCAGCCTCCAGAGGGGA
448	TCTGGAGGATGATCTGGGAGCAAAAGGCCA
449	TGTGATGTTGACAGAGTTAGTGAATGGAGA
450	AGCTGCCTGCAGAACCCAAAGACCTGGTGT
451	CACTTCACCTCGGATTGCAGAGGAAGGAGC
452	CTAGGAAGTCTGTGCTCAGTACTGGGGCGA
453	CATTGGAATTGATGCCATGCTGGAAGGCCT
454	TTGATGACTTCTGGAGGATGATCTGGGAGC
455	ATGTGTAGCAGAAATCTTATATCGCGGTGT
456	TGGAAAGTGCAGAAACAGAAGATGTGGTTG
457	AAGGTCAATGGAATGAAAACCTCCCGGCCG
458	TATGATCTGCGCAAGAAAAGATCCAGGTAA
459	TCCAGAAACGCCTAAGCCTAGTTGTGGGGA
460	TGACAGAGATGGATCCCAGCAGACAGGGTT
461	CCATGCTGGAAGGCCTGGAAGCAGAGGGCA
462	TCTTTACCTGCAGTGCACCACAATGGGACC
463	AAGGAAAGCAGACTTATGGAGACATGGAAG
464	TAGATGCTGGCGATGATGTCATAGAGGAAC
465	CAATGTAGCTGGCATTTATGTAGGTGGACC
466	GACAGAGATGGATCCCAGCAGACAGGGTTG
467	GTTTGTTCCCTTAGTGCTGGTGTTGGGCGT
468	TCAGCTCAAAAGTTCGGAGAGTGTAGGCTG
469	TCATAGAGGAACTGGTATTGCTCCTGGTGA
470	CATTCATACCTGAAAGATGTCAGTTGGACA
471	CTCTTTTCACAATGGAGTGTACGAGGGAGA
472	AGTCTCTACGCAAAGCACGGCCTGGGGTGG
473	CAATTCACCAGCTGGCCAGACCATGGGGTT
474	TGACAGAGTTAGTGAATGGAGACCAGGTTT
475	TTGAGGTCCTGAATCATAGACACCAGGTCT
476	CTGTGTCCTCCAACTCCTGTATGAAGGAAG
477	TGTAACATTTATACTATTGTCTGTCGGCCG
478	CTGTGTCCAGAAGGGCAAATCCAAAGGCCA
479	CCTCTGCTTCCAGGCCTTCCAGCATGGCAT
480	TCTCCAGATATGACCATGGGTTTGTGGCTC
481	CTGGGGCGAAGGAAAGCAGACTTATGGAGA
482	AGCAGACTTATGGAGACATGGAAGTGGAGA
483	AGAAGTCATCAACTGTCTCATCCCGGGGCC
484	CCAGAAACGCCTAAGCCTAGTTGTGGGGAT
485	AGCAAAAGGCCACAGTTATTGTCATGGTCA
486	GGATCTCTCTTCTTCATGTTGTGTAGGCAT
487	CGTCGAAGTTTGAGGAGCAGGTGAGGGTCT
488	GTTGTTGCAGTTGGATATAGACCACGGAGA
489	CCCACCTAGGCAGATCAGGCTCAGCGGAAG
490	AGCACCACCAGGAGTACAAGGGTCAGGATG
491	GCTCCTGCAGAGCTGAGGGACCCCAGGCCC
492	CATTATCACCCACCTAGGCAGATCAGGCTC
493	GGTGGAATTCTACAATGGCAGCTGGGGTGG
494	CTGCCACATACCTGCTGGGAACGCTGGGTG
495	TTCTCCTGGGCACAGAGGAACCCGGGGGAG
496	GCGACCTCATCTCCTTCCACACGGTGGATG
497	TCACACACACTGCTGCCCCCGACCAGGCGG
498	CCTCCCCCGGGTTCCTCTGTGCCCAGGAGA
499	GGTCGGGGGCAGCAGTGTGTGTGAGGGCAT
500	TGGTTCTGGGGTCTGTTCAATGAAGGGAAA
501	TGCTGCTGGCCATGTGTGGTCCTCTGGTCT
502	GCTTCTCCTGGGCACAGAGGAACCCGGGGG
503	TCCAGGCCAAGACCCAAACCCAGCGGGCCT
504	TGTGGGCTCCGGCACGGTGGTGGGTGGGGT
505	CCCGACCAGGCGGCTCTGAACCTTGGGCTG
506	GAGATGTGGTGACCCCTTGGCCCTTGGTCC
507	GGCTCTTTCTTGACACATCTGTCCGGGACA
508	AGTTCTGCAGCCAGGGGCCGGGGACGGTGG
509	CTGGTTCTGGGGTCTGTTCAATGAAGGGAA
510	AAGTGGCTCCAATTCCAAGTGTCAGGGTCA
511	GGATCTCCACTTGACCCTGACACTTGGAAT
512	CGGGGACGGTGGGAAGAGCTATGTCGGGAG
513	TACAGATGAGGTTCCCCAGGCCCAGGGGCC
514	ATCCTTGGCAGAAGACCTGGTTCTGGGGTC
515	CCAAGGTTCAGAGCCGCCTGGTCGGGGGCA
516	CACCAGCTGCAATCTGGGAGGAGCTGGAGA
517	AATTCCACCACACCTGTGCACCTCAGGCCT
518	TCCTTTCTGCAGATTTCCAGCCCAAGGTTC
519	TGGTAACACTGAGACAGCTTCTCCTGGGCA
520	GTGGCACCATCCTCTACAAGGCCAAGGACA
521	CAGGTCTTCTGCCAAGGATCTCCGTGGTCT
522	CCCCGACCAGGCGGCTCTGAACCTTGGGCT
523	AGTGCTTCCAGAAAACAACGGCCCAGGAGG
524	TCTTGACACATCTGTCCGGGACAGAGGCAG
525	ACCTGTGGGCTCCGGCACGGTGGTGGGTGG
526	ACCCCAGGCCCTTGCCAATTCGATGGGAGG
527	ACTTGGGACCGCACAGTTGCTGTGTGGCTT
528	GGTGGATGCTGACAAAACCTCCCCCGGGTT
529	CTTCTCCTGGGCACAGAGGAACCCGGGGGA
530	CCACTTGACCCTGACACTTGGAATTGGAGC
531	TGTGGGTGGAGGTGTCGTTCTCTGGGGCTC
532	TCCAGCCCAAGGTTCAGAGCCGCCTGGTCG
533	GTAGTGAGACACAGCTCCCGTTCGGGGCCT
534	CCAGGCGCTCACCGTCATCTGCTCTGGTAA
535	GATCCTTGGCAGAAGACCTGGTTCTGGGGT
536	CCAATTCGATGGGAGGCCCCGAACGGGAGC
537	CCCTTGTACTCCTGGTGGTGCTGCTGGCCA
538	CGACATAGCTCTTCCCACCGTCCCCGGCCC
539	TCTACAAGGCCAAGGACAGGCCCCTGGGCC
540	TGGCTCTTTCTTGACACATCTGTCCGGGAC
541	CGGGGCCTCCCATCGAATTGGCAAGGGCCT
542	TGTGACAGTTCTGCAGCCAGGGGCCGGGGA
543	CACCCAGCGTTCCCAGCAGGTATGTGGCAG
544	TCTTACCTGTGGGCTCCGGCACGGTGGTGG
545	TTACAGATGAGGTTCCCCAGGCCCAGGGGC
546	CCCAAGGTTCAGAGCCGCCTGGTCGGGGGC
547	CCCGTTCGGGGCCTCCCATCGAATTGGCAA
548	GCTCTTCCCACCGTCCCCGGCCCCTGGCTG
549	TGTGCACCTCAGGCCTTCGTGTCCTGGCAC
550	ACCATCCTCTACAAGGCCAAGGACAGGCCC
551	AGGACCATTCGAAAAATGCCCAGCAGGCCT
552	TTACTGTTCTGGTTCACTCCTGTGGGGCCA
553	TAAGTGGCTCCAATTCCAAGTGTCAGGGTC
554	TGCAGTGTGCAAACAGCTGAGATGTGGTGA
555	CCCTCTTACCTGTGGGCTCCGGCACGGTGG
556	GTGGGCTCCGGCACGGTGGTGGGTGGGGTG
557	TGTAGTGAGACACAGCTCCCGTTCGGGGCC
558	GTGTCCTGGCACCAGCTGCAATCTGGGAGG
559	AAGTGCGCCAGAGATCACAGTGGGAGGCCC
560	ACCCCAGAACCAGGTCTTCTGCCAAGGATC
561	CCTGGGCACAGAGGAACCCGGGGGAGGTTT
562	GACCCCAGGCCCTTGCCAATTCGATGGGAG
563	GAGCACCCTCTTACCTGTGGGCTCCGGCAC
564	GCAGCGTCAGTGGATTGGCCCCACAGGAGT
565	TTGGATATAGACCACGGAGATCCTTGGCAG
566	GAATTGGAGCCACTTAGCATCACCTGGATA
567	ACCAGGCGGCTCTGAACCTTGGGCTGGAAA
568	ACAGTGCCTGGGGCCAGGCCCGCTGGGTTT
569	CCCTGTGTGACAGTTCTGCAGCCAGGGGCC
570	GCATCATCCTGACCCTTGTACTCCTGGTGG
571	CACAGGGCCTCCCACTGTGATCTCTGGCGC
572	CTTTCTGCCTCGGACAGTCTGGAAGGGGTG
573	AGGCCCGAGCACCCTCTTACCTGTGGGCTC
574	CCAGAGCAGATGACGGTGAGCGCCTGGCCG
575	TCCCATCGAATTGGCAAGGGCCTGGGGTCC
576	CACAGGTGTGGTGGAATTCTACAATGGCAG
577	CCAGCAGCACTTCGTGGGAGTCCATGGATA
578	GCCCTGTGTGACAGTTCTGCAGCCAGGGGC
579	ATGAAGGGAAAGGACCAAGGGCCAAGGGGT
580	CAACCACCCCACCCACCACCGTGCCGGAGC
581	CTTACTGTTCTGGTTCACTCCTGTGGGGCC
582	GTTCGTCAGAAAAAGCAGCGTCAGTGGATT
583	GGTGGTGGGTGGGGTGGTTGTGGGTGGAGG
584	CCAGGCCCTTGCCAATTCGATGGGAGGCCC
585	ACTTACTGTTCTGGTTCACTCCTGTGGGGC
586	AAACAACGGCCCAGGAGGGCGGCCAGGCGC
587	TATGTGGCAGCCAGCAGCACTTCGTGGGAG
588	GGGGTCCCTCAGCTCTGCAGGAGCTGGTGT
589	GGGACACCAGCTCCTGCAGAGCTGAGGGAC
590	TTTTGTCAGCATCCACCGTGTGGAAGGAGA
591	CACGGTGGTGGGTGGGGTGGTTGTGGGTGG
592	CGTGTCCTGGCACCAGCTGCAATCTGGGAG
593	CCAGAAAACAACGGCCCAGGAGGGCGGCCA
594	TCAGAAAAAGCAGCGTCAGTGGATTGGCCC
595	CGCACAGTTGCTGTGTGGCTTCGATGGAAA
596	CTCCAGCTCCTCCCAGATTGCAGCTGGTGC
597	CTTGTGAACTTGTGTTGTTGCAGTTGGATA
598	GAAGGGAAAGGACCAAGGGCCAAGGGGTCA
599	CACACACTGCTGCCCCCGACCAGGCGGCTC
600	TGGGCTCCGGCACGGTGGTGGGTGGGGTGG
601	CCTGGGGCCAGGCCCGCTGGGTTTGGGTCT
602	GTGACAGTTCTGCAGCCAGGGGCCGGGGAC
603	TACCTGTGGGCTCCGGCACGGTGGTGGGTG
604	GCTCCGGCACGGTGGTGGGTGGGGTGGTTG
605	CGCTCCTGGGAACACTTACTGTTCTGGTTC
606	ACGGTGAGCGCCTGGCCGCCCTCCTGGGCC
607	TTGTGGGTGGAGGTGTCGTTCTCTGGGGCT
608	TCTGCAGCCAGGGGCCGGGGACGGTGGGAA
609	CGGTGAGCGCCTGGCCGCCCTCCTGGGCCG
610	TACAGCAGTGCTTCCAGAAAACAACGGCCC
611	CAGGATGATGCTTGCCACAGTGCCTGGGGC
612	TGACAGTTCTGCAGCCAGGGGCCGGGGACG
613	GGACACCAGCTCCTGCAGAGCTGAGGGACC
614	TCGGGGCCTCCCATCGAATTGGCAAGGGCC
615	GCCAAGGACAGGCCCCTGGGCCTGGGGAAC
616	GCCTGGGGCCAGGCCCGCTGGGTTTGGGTC
617	TGTTTGCACACTGCAGAGGCCTGCTGGGCA
618	CCTCCCATCGAATTGGCAAGGGCCTGGGGT
619	AGGATGATGCTTGCCACAGTGCCTGGGGCC
620	GGGCCTGGGGTCCCTCAGCTCTGCAGGAGC
621	GCCAATTCGATGGGAGGCCCCGAACGGGAG
622	CAGAAAAAAAAACACTGCAACAAGAGGGTA
623	GCCCGCTGGGTTTGGGTCTTGGCCTGGATA
624	CACAGTGCCTGGGGCCAGGCCCGCTGGGTT
625	AGGCCAAGGACAGGCCCCTGGGCCTGGGGA
626	ACATCTGTCCGGGACAGAGGCAGCAGGGAC
627	GCCAAGACCCAAACCCAGCGGGCCTGGCCC
628	AGCGGCTTTCTGCCTCGGACAGTCTGGAAG
629	CCCAAACCCAGCGGGCCTGGCCCCAGGCAC
630	GCACGGTGGTGGGTGGGGTGGTTGTGGGTG
631	TCCCCAGGCCCAGGGGCCTGTCCTTGGCCT
632	GCTGCTGGCTGCCACATACCTGCTGGGAAC
633	CTCCCATCGAATTGGCAAGGGCCTGGGGTC
634	GCCAGGCCCGCTGGGTTTGGGTCTTGGCCT
635	CGGACAGTCTGGAAGGGGTGGCCTAGGTAA
636	TCCTCCCAGATTGCAGCTGGTGCCAGGACA
637	GGCCAAGGACAGGCCCCTGGGCCTGGGGAA
638	GTGGTGGAATTCTACAATGGCAGCTGGGGT
639	ATGCTTGCCACAGTGCCTGGGGCCAGGCCC
640	GCAGTTCCAGTTGGAGGCTGAGCCAGGACC
641	GTTGTGGGTGGAGGTGTCGTTCTCTGGGGC
642	CTTTTCCACAGCGGCTTTCTGCCTCGGACA
643	TCTCCTGGGCACAGAGGAACCCGGGGGAGG
644	CTGTAGTGAGACACAGCTCCCGTTCGGGGC
645	TCCTGGCACCAGCTGCAATCTGGGAGGAGC
646	CCGCTGAGCCTGATCTGCCTAGGTGGGTGA
647	TCATCCTGACCCTTGTACTCCTGGTGGTGC
648	TGCTGCTGGCTGCCACATACCTGCTGGGAA
649	TGTTCAATGAAGGGAAAGGACCAAGGGCCA
650	AGAGACTTACAGATGAGGTTCCCCAGGCCC
651	CCTTCCGCTGAGCCTGATCTGCCTAGGTGG
652	AAAACAGTGTGCAGTTCCAGTTGGAGGCTG
653	CAGATCAGGCTCAGCGGAAGGCACTGGTCT
654	TCCGCTGAGCCTGATCTGCCTAGGTGGGTG
655	CAGCGGGCCTGGCCCCAGGCACTGTGGCAA
656	ACAGATGAGGTTCCCCAGGCCCAGGGGCCT
657	TCTTGTAGACCAGAGGACCACACATGGCCA
658	AACAGCTGAGATGTGGTGACCCCTTGGCCC
659	GTTTGCACACTGCAGAGGCCTGCTGGGCAT
660	CCTAGGCAGATCAGGCTCAGCGGAAGGCAC
661	CCAGCAGCACCACCAGGAGTACAAGGGTCA
662	CACGGAGATCCTTGGCAGAAGACCTGGTTC
663	GTGGCGACCTCATCTCCTTCCACACGGTGG
664	AGGCCACCCCTTCCAGACTGTCCGAGGCAG
665	CCACACTGCAGAGACTTACAGATGAGGTTC
666	GCCTGTCCTTGGCCTTGTAGAGGATGGTGC
667	GTGGAGATCCAGATGGAAAACAAGTGGAAA
668	ATTGCAGCTGGTGCCAGGACACGAAGGCCT
669	CTGCAGCCAGGGGCCGGGGACGGTGGGAAG
670	TGAAGGGAAAGGACCAAGGGCCAAGGGGTC
671	AGAGCTATGTCGGGAGCAGCAGTGTGGCGA
672	GGGGACGGTGGGAAGAGCTATGTCGGGAGC
673	TGGTCGGGGGCAGCAGTGTGTGTGAGGGCA
674	AGTCCAGCTTACCAGAGCAGATGACGGTGA
675	CATCTGTCCGGGACAGAGGCAGCAGGGACA
676	CTTCCAGAAAACAACGGCCCAGGAGGGCGG
677	TGAGACAGCTTCTCCTGGGCACAGAGGAAC
678	TACAAGAAGCTGGTGAAGAAATGTAGGTAC
679	GGATGATGCTTGCCACAGTGCCTGGGGCCA
680	AAGGCCTGAGGTGCACAGGTGTGGTGGAAT
681	GTCAGGGTCAAGTGGAGATCCAGATGGAAA
682	CCTCATCTGTAAGTCTCTGCAGTGTGGCTC
683	CATCGAAGCCACACAGCAACTGTGCGGTCC
684	CCCCTGGCTGCAGAACTGTCACACAGGGCC
685	GCCAGCAGCACCACCAGGAGTACAAGGGTC
686	CCTGTGTGACAGTTCTGCAGCCAGGGGCCG
687	CTGTTCAATGAAGGGAAAGGACCAAGGGCC
688	TGCCACATACCTGCTGGGAACGCTGGGTGA
689	GCTTTCTGCCTCGGACAGTCTGGAAGGGGT
690	CCCTGGCTGCAGAACTGTCACACAGGGCCT
691	TGGAAAACAGTGTGCAGTTCCAGTTGGAGG
692	CTGGGGTCTGTTCAATGAAGGGAAAGGACC
693	GCTTCCAGAAAACAACGGCCCAGGAGGGCG
694	ATGTGGCAGCCAGCAGCACTTCGTGGGAGT
695	AGGACACGAAGGCCTGAGGTGCACAGGTGT
696	TCCTTGGCAGAAGACCTGGTTCTGGGGTCT
697	GTGGATGCTGACAAAACCTCCCCCGGGTTC
698	TGGTGGAATTCTACAATGGCAGCTGGGGTG
699	CTACAAGGCCAAGGACAGGCCCCTGGGCCT
700	CTTCATTGAACAGACCCCAGAACCAGGTCT
701	AATGGTCCTGGCTCAGCCTCCAACTGGAAC
702	ATCTCAGCTGTTTGCACACTGCAGAGGCCT
703	ATCCAGGCCAAGACCCAAACCCAGCGGGCC
704	GCTGAAGTGCGCCAGAGATCACAGTGGGAG
705	CTGGTGCCAGGACACGAAGGCCTGAGGTGC
706	CCACACATGGCCAGCAGCACCACCAGGAGT
707	CAAGGTTCAGAGCCGCCTGGTCGGGGGCAG
708	GCTGGGGTGGCACCATCCTCTACAAGGCCA
709	CCTGGTGGTGCTGCTGGCCATGTGTGGTCC
710	GCCCAAGGTTCAGAGCCGCCTGGTCGGGGG
711	CTGAAGTGCGCCAGAGATCACAGTGGGAGG
712	TTTCTGCCTCGGACAGTCTGGAAGGGGTGG
713	CCAATTCCAAGTGTCAGGGTCAAGTGGAGA
714	CTCAGATATCCAGGTGATGCTAAGTGGCTC
715	ACCCACCACCGTGCCGGAGCCCACAGGTAA
716	GGTAACACTGAGACAGCTTCTCCTGGGCAC
717	GCATCCACCGTGTGGAAGGAGATGAGGTCG
718	AGAGACTCACCCAGCGTTCCCAGCAGGTAT
719	CTGCCTCGGACAGTCTGGAAGGGGTGGCCT
720	CCATGGACTCCCACGAAGTGCTGCTGGCTG
721	ACGAAGGCCTGAGGTGCACAGGTGTGGTGG
722	CTGGTGTCCCTGCTGCCTCTGTCCCGGACA
723	GGAATTCTACAATGGCAGCTGGGGTGGCAC
724	AGGGGCCTGTCCTTGGCCTTGTAGAGGATG
725	CCGAGATATGAGCCGCGGGCGCGGTGGATG
726	TAGGCGTACTGCTGGTACCCGCGGAGGAGT
727	TCACCCTGACCTGGCAGTTGAATGGGGAGG
728	TGTCCTTGGAGCTGCAATAGTCACTGGAGC
729	CAGGTGATCTCTGGCTGTGAAGTGGGGTCC
730	TGGCTCCGCAGATACCTGAAGAACGGGAAC
731	CCATGTACCGGGGCTCCCCGAGGCCGGGCC
732	TGCTCCTGCTGTTGGCGGCCGCCCTGGCTC
733	TTGTAGTAGCCGAGCAGGGTCCTCAGGTCC
734	GGTCGCCATGTTGGAGACAGTGGATGGAGG
735	TGCCAGGTCAGGGTGATGTCAGCAGGGTAG
736	AAGACCTGAAAACGTGGACGGCGGCGGACA
737	CACGTAGCCGACTTCCATGTACCGGGGCTC
738	ACGAAGACCTGAAAACGTGGACGGCGGCGG
739	GGTGACGAAATACCTCAGCGAGTGTGGGCC
740	CTCTGGCTGTGAAGTGGGGTCCGACGGGCG
741	CCTCCCCATTCAACTGCCAGGTCAGGGTGA
742	ACTTTATCTTCAGGTCTGCTGTGATGGGTC
743	AGTTCGTGCGCTTCGACAGCGACGCGGAGA
744	CCACCGCGCCCGCGGCTCATATCTCGGATT
745	CATCTGTGGTGGTGCCTCTTGGGAAGGAGC
746	AGCTGATCCAGGACATGGAGCTTGTGGAGA
747	CTCCTCCATCCACTGTCTCCAACATGGCGA
748	CCCGGTACATGGAAGTCGGCTACGTGGACG
749	CAACGGTCGCCATGTTGGAGACAGTGGATG
750	ATTACACATGCCATGTGTACCATCAGGGGC
751	CATCACCCTGACCTGGCAGTTGAATGGGGA
752	GAGACAGTGGATGGAGGAGGCTCTGGGAAG
753	GAACCTTCCAGAAGTGGGCATCTGTGGTGG
754	GCCTGAGCCCCTCACCCTGAGATGGGGTAA
755	CTCCTTACCCCATCTCAGGGTGAGGGGCTC
756	ATCACCCTGACCTGGCAGTTGAATGGGGAG
757	GAGCTTGTGGAGACCAGGCCTGCAGGGGAT
758	TGGAGCAGGAGGGGCCCGAGTATTGGGAGC
759	CTCGGAAACTCTGCTCATTGCCCTTGGCTT
760	CATGTTGGAGACAGTGGATGGAGGAGGCTC
761	GCACCTCAGGGTGACTTTATCTTCAGGTCT
762	TCAGCTCCTCCCCATTCAACTGCCAGGTCA
763	TAGAAGCCCAGGGCCCAGCACCTCAGGGTG
764	GCTCGGCTACTACAACCAGAGCAAGGGCGG
765	GGAGCTTGTGGAGACCAGGCCTGCAGGGGA
766	CTGGTCTCCACAAGCTCCATGTCCTGGATC
767	TCCTCCCCATTCAACTGCCAGGTCAGGGTG
768	CCCGCGCGGGTCTGAGTCGGAGCCAGGGCG
769	TGTGGAGACCAGGCCTGCAGGGGATGGAAT
770	AGGCTGGTGAAGCAGAGAGACTCAGGGCCT
771	CTGTGATGGGTCACATGGGCCTTTGGGGAA
772	CCCTCCTTACCCCATCTCAGGGTGAGGGGC
773	GATGAAGATGAGAAGGAGAAACACAGGTAG
774	TGTCACCCTGAGGTGCTGGGCCCTGGGCTT
775	AGCAGCGTCGCGTTCCCGTTCTTCAGGTAT
776	TGCCTGAGCCCCTCACCCTGAGATGGGGTA
777	CCTCCTTACCCCATCTCAGGGTGAGGGGCT
778	CTGCCTGAGCCCCTCACCCTGAGATGGGGT
779	CTGCCAGGTCAGGGTGATGTCAGCAGGGTA
780	CCCACACTCTCCTTACCCCATCTCAGGGTG
781	CGCGGGTCTGAGTCGGAGCCAGGGCGGCCG
782	ACCCCATCTCAGGGTGAGGGGCTCAGGCAG
783	GGCACCACCACAGATGCCCACTTCTGGAAG
784	TGATGTCAGCAGGGTAGAAGCCCAGGGCCC
785	CATGTACCGGGGCTCCCCGAGGCCGGGCCG
786	CTTCTGGAAGGTTCCATCCCCTGCAGGCCT
787	GTCCCGCAGGCTCTCACACTATTCAGGTGA
788	GAAATACCTCAGCGAGTGTGGGCCTGGGGG
789	TGGGCATCTGTGGTGGTGCCTCTTGGGAAG
790	ACCGCCGTGTCCCGGCCCGGCCTCGGGGAG
791	AAGTCACCCTGAGGTGCTGGGCCCTGGGCT
792	CCACCACAGATGCCCACTTCTGGAAGGTTC
793	AAATACCTCAGCGAGTGTGGGCCTGGGGGC
794	ACCGGGGCTCCCCGAGGCCGGGCCGGGACA
795	CAGGACATGGAGCTTGTGGAGACCAGGCCT
796	GGAAGGTTCCATCCCCTGCAGGCCTGGTCT
797	CCAACATGGCGACCGTTGCTGTTCTGGTTG
798	GGAGACAGTGGATGGAGGAGGCTCTGGGAA
799	GTGGGCATCTGTGGTGGTGCCTCTTGGGAA
800	GCTGTGATGGGTCACATGGGCCTTTGGGGA
801	GTGAGGGGCTCAGGCAGCCCCTGATGGTAC
802	CACCGCCGTGTCCCGGCCCGGCCTCGGGGA
803	TGAACGAAGACCTGAAAACGTGGACGGCGG
804	CACCAGCCTGCTCCCACTTGTGTTTGGTGA
805	CCACGTAGCCGACTTCCATGTACCGGGGCT
806	GCGGCGCTGATCACCAAACACAAGTGGGAG
807	TGCTCTGGTTGTAGTAGCCGAGCAGGGTCC
808	CAGGAGGGGCCCGAGTATTGGGAGCGGGAG
809	GCGGAGAATCCGAGATATGAGCCGCGGGCG
810	TCTGGCTGTGAAGTGGGGTCCGACGGGCGA
811	CGGCGCTGATCACCAAACACAAGTGGGAGC
812	TGATCACCAAACACAAGTGGGAGCAGGCTG
813	ACTTCCATGTACCGGGGCTCCCCGAGGCCG
814	CGGGTACCAGCAGTACGCCTACGACGGCTG
815	CCGAGCAGGGTCCTCAGGTCCACTCGGAAA
816	GTGACGAAATACCTCAGCGAGTGTGGGCCT
817	AGACCTGAAGATAAAGTCACCCTGAGGTGC
818	AAGCAGAGAGACTCAGGGCCTACCTGGAGG
819	TCGTAGGCGTACTGCTGGTACCCGCGGAGG
820	TCCACGTAGCCGACTTCCATGTACCGGGGC
821	TCTGTGTCTCCCGCTCCCAATACTCGGGCC
822	CAGGTCTGCTGTGATGGGTCACATGGGCCT
823	ATGGAGCAGGAGGGGCCCGAGTATTGGGAG
824	CCTGGCTCCGACTCAGACCCGCGCGGGTGA
825	CGGGGAGCCCCGGTACATGGAAGTCGGCTA
826	GCGTTCCCGTTCTTCAGGTATCTGCGGAGC
827	CCCTGGCTCCGACTCAGACCCGCGCGGGTG
828	CGCCAACAGCAGGAGCAGCGTGCACGGTAC
829	CCGAGTGGACCTGAGGACCCTGCTCGGCTA
830	TGCTCGGCTACTACAACCAGAGCAAGGGCG
831	GGGTCCGACGGGCGACTCCTCCGCGGGTAC
832	GATATGAGCCGCGGGCGCGGTGGATGGAGC
833	CTCCTGCTCCATCCACCGCGCCCGCGGCTC
834	TGGAAGTCGGCTACGTGGACGACACGGAGT
835	TCCCGGCCCGGTACTCACCCGCGCGGGTCT
836	TCAGGTGATCTCTGGCTGTGAAGTGGGGTC
837	TCAGGCAGCCCCTGATGGTACACATGGCAT
838	AGGGCAATGAGCAGAGTTTCCGAGTGGACC
839	GAGCAGAGTTTCCGAGTGGACCTGAGGACC
840	AGAGAGACTCAGGGCCTACCTGGAGGGCAC
841	TTCAGGTGATCTCTGGCTGTGAAGTGGGGT
842	CACCAAACACAAGTGGGAGCAGGCTGGTGA
843	GCTCCAGTGACTATTGCAGCTCCAAGGACA
844	TACCGTGCACGCTGCTCCTGCTGTTGGCGG
845	GGTACCCGCGGAGGAGTCGCCCGTCGGACC
846	AAACGTGGACGGCGGCGGACATGGCGGCGC
847	GGGCGATGTAATCGCAGCCGTCGTAGGCGT
848	AGAAGCCCAGGGCCCAGCACCTCAGGGTGA
849	GCGGGCGCGGTGGATGGAGCAGGAGGGGCC
850	CGGAGAATCCGAGATATGAGCCGCGGGCGC
851	CAGGCTGGTGAAGCAGAGAGACTCAGGGCC
852	TTACACATGCCATGTGTACCATCAGGGGCT
853	GGGGTCCGACGGGCGACTCCTCCGCGGGTA
854	GGAGCCAGGGCGGCCGCCAACAGCAGGAGC
855	AAGATAAAGTCACCCTGAGGTGCTGGGCCC
856	GACCGTTGCTGTTCTGGTTGTCCTTGGAGC
857	CTTTATCTTCAGGTCTGCTGTGATGGGTCA
858	GTGGCTCCGCAGATACCTGAAGAACGGGAA
859	TACCTGGAGGGCACGTGCGTGGAGTGGCTC
860	CAGAGAGACTCAGGGCCTACCTGGAGGGCA
861	CTCCAAGGACAACCAGAACAGCAACGGTCG
862	TACACATGCCATGTGTACCATCAGGGGCTG
863	CGTGCACGCTGCTCCTGCTGTTGGCGGCCG
864	CCGGCCTCGGGGAGCCCCGGTACATGGAAG
865	CTGCAATAGTCACTGGAGCTGTGGTGGCTT
866	GAAGATAAAGTCACCCTGAGGTGCTGGGCC
867	TTGCTCTGGTTGTAGTAGCCGAGCAGGGTC
868	AGTTGAATGGGGAGGAGCTGATCCAGGACA
869	GCCCTGAACGAAGACCTGAAAACGTGGACG
870	GGAGCGGGAGACACAGAAAGCCAAGGGCAA
871	AAATCTTCCACACAGATTCCCCAAAGGCCC
872	AATCCGAGATATGAGCCGCGGGCGCGGTGG
873	CGGGAACGCGACGCTGCTGCGCACAGGTGC
874	CCGCCGTGTCCCGGCCCGGCCTCGGGGAGC
875	AGCCACTCCACGCACGTGCCCTCCAGGTAG
876	TCGCAGCCGTCGTAGGCGTACTGCTGGTAC
877	TTTCGTCACCGCCGTGTCCCGGCCCGGCCT
878	CCGCCCCCAGGCCCACACTCGCTGAGGTAT
879	GTACTCACCCGCGCGGGTCTGAGTCGGAGC
880	CGGGCGCGGTGGATGGAGCAGGAGGGGCCC
881	CTCCCGGCCCGGTACTCACCCGCGCGGGTC
882	TGAAAACGTGGACGGCGGCGGACATGGCGG
883	TCAGGTCTGCTGTGATGGGTCACATGGGCC
884	GAGCTGCAATAGTCACTGGAGCTGTGGTGG
885	CGCCATGTTGGAGACAGTGGATGGAGGAGG
886	CTCTCACACTATTCAGGTGATCTCTGGCTG
887	AGGTATTTCGTCACCGCCGTGTCCCGGCCC
888	CCAGAACAGCAACGGTCGCCATGTTGGAGA
889	GCTCCCCGAGGCCGGGCCGGGACACGGCGG
890	CCTTGATATAGGGCTGGTTGGAGAGGGTGA
891	AGGGCTGGTTGGAGAGGGTGACGCGGGAGC
892	TGTGCCAGTCTTGCAGGTGTCCCGAGGGCA
893	TCTCGGGTCAGGCTGAACTCATGCTGGATG
894	GTGCCAGTCTTGCAGGTGTCCCGAGGGCAG
895	AGGTGACCAGCCTGACAGCCTGCCTGGTGA
896	TAGCCAACTTCACCACCAAGGATGAGGGCG
897	ATCCAGGATGTGTTCTGAACCAGCAGGCTT
898	ACTGCCGCCATGAGAATAACACCAAGGATA
899	GAGTTCAGCCTGACCCGAGAGAAGAGGAAG
900	GGCTAGGGTAAGGACCTTGATATAGGGCTG
901	CATCCTTGGTGGTGAAGTTGGCTAGGGTAA
902	TCTTGCAGGTGTCCCGAGGGCAGAAGGTGA
903	CAATAAAAGTATCAGTGTGTATAGAGGTGA
904	TCATCCTTGGTGGTGAAGTTGGCTAGGGTA
905	ACCTTGATATAGGGCTGGTTGGAGAGGGTG
906	ATCCACAGACAAGCTGGTCAAGTGTGGCGG
907	CACAAAAGTAGTCGCCCTCATCCTTGGTGG
908	GACCCTTGCCCAGTACCTGAGAGCAGGAGA
909	ACGTGCTTCCTCTTCTCTCGGGTCAGGCTG
910	TGGCTAGGGTAAGGACCTTGATATAGGGCT
911	AAAAGTAGTCGCCCTCATCCTTGGTGGTGA
912	GGTACGTGTGCTCGGGTATCCCAAGGGTGC
913	AGCAGGAGAGCGACGCTGATGGCTGGGTTC
914	TCAGGCTGGTCACCTTCTGCCCTCGGGACA
915	AGGGTAAGGACCTTGATATAGGGCTGGTTG
916	TCAAGTGTGGCGGCATAAGCCTGCTGGTTC
917	CCCCTTCTCTATCCACAGACAAGCTGGTCA
918	GACGCGGGAGCGGTACGTGTGCTCGGGTAT
919	GAGTTATCCTTGGTGTTATTCTCATGGCGG
920	CGGTACGTGTGCTCGGGTATCCCAAGGGTG
921	GTGTTATTCTCATGGCGGCAGTCCAGGCGA
922	AAGCACGTGCTCTCAGGCACCCTTGGGATA
923	TTCTCATGGCGGCAGTCCAGGCGAAGGTTT
924	CTGCCCTCGGGACACCTGCAAGACTGGCAC
925	CTGAGAGCAGGAGAGCGACGCTGATGGCTG
926	GGGTCAGGCTGAACTCATGCTGGATGGAGT
927	CGCCCTCATCCTTGGTGGTGAAGTTGGCTA
928	AGAGCACGTGCTTCCTCTTCTCTCGGGTCA
929	GGTTCACCAGGCAGGCTGTCAGGCTGGTCA
930	CCCTCTCCAACCAGCCCTATATCAAGGTCC
931	TAAGGACCTTGATATAGGGCTGGTTGGAGA
932	ACTCATGCTGGATGGAGTTATCCTTGGTGT
933	GAAGCACGTGCTCTCAGGCACCCTTGGGAT
934	TTGGTGGTGAAGTTGGCTAGGGTAAGGACC
935	AGAGAAGAGGAAGCACGTGCTCTCAGGCAC
936	TGGTTGGAGAGGGTGACGCGGGAGCGGTAC
937	TGGCGGCAGTCCAGGCGAAGGTTTTGGTTC
938	GCCTGGTGAACCAAAACCTTCGCCTGGACT
939	TAGGGCTGGTTGGAGAGGGTGACGCGGGAG
940	CATCAGCGTCGCTCTCCTGCTCTCAGGTAC
941	GAGCGACGCTGATGGCTGGGTTCATGGTGC
942	TTTTGGTTCACCAGGCAGGCTGTCAGGCTG
943	TGACGCGGGAGCGGTACGTGTGCTCGGGTA
944	GTCAGGCTGGTCACCTTCTGCCCTCGGGAC
945	TTACCCTAGCCAACTTCACCACCAAGGATG
946	GAGCAGGAGAGCGACGCTGATGGCTGGGTT
947	GAGAGCACGTGCTTCCTCTTCTCTCGGGTC
948	AAGGCACTGCTGTGCCAGTCTTGCAGGTGT
949	CACAGACAAGCTGGTCAAGTGTGGCGGCAT
950	TTATCCTTGGTGTTATTCTCATGGCGGCAG
951	AGCCAACTTCACCACCAAGGATGAGGGCGA
