1	TGGAGGCTGCTTTACCCGCTGTGGGGGCGC
2	CGTCTCCGGGTTGGCCTTCCACTGGGGCAG
3	CCCTCAGCATCCTTCGGAAAGCTCTGGACA
4	GGCGCGGTAGAAGCAGGTAGTCTGGGGATA
5	GTGTCATCCCGCTGCCCCAGTGGAAGGCCA
6	CATGGATCAGGGCGCGGTAGAAGCAGGTAG
7	GCGATCTTGTCCAGAGCTTTCCGAAGGATG
8	ACACAACCGCCAAGGCCGATGCAGAGGCTG
9	CTGGAGGCTGCTTTACCCGCTGTGGGGGCG
10	AAACAGGACCGAGTAGTCATCCTGGGGCTG
11	CTCTACAATGACTCGGAGCCACCCCGGAAG
12	TATCTCTGAGCCACATTGAGGGGAGGGGAA
13	ATCTCTGAGCCACATTGAGGGGAGGGGAAT
14	TTCGGAAAGCTCTGGACAAGATCGCGGAAA
15	AGAAGCAGGTAGTCTGGGGATACAGGGCCA
16	CCCGCTGTGGGGGCGCATGGATCAGGGCGC
17	CAAACAGGACCGAGTAGTCATCCTGGGGCT
18	ACTCAGCCTCTGCATCGGCCTTGGCGGTTG
19	TGTTCCAGAAGGAGCAGCTCGTGCTGGCCC
20	AGGCCAACCCGGAGACGGACCCTGAGGCCT
21	TCCATCAGCTGATCAAACAAACCCAGGTAA
22	GTCACCAGGCTTCCCGATCCACAGGGGCAG
23	AGCGGGATGACACGGCGCCGGCTCAGGGTG
24	ATCAAGTCTCTGTTGGAAGAGAGGCGGATT
25	TCAATGTGGCTCAGAGATACGTGGTGGCTT
26	GAGGGGAATAGCCATCTGCATAGGAGGTGT
27	TAGAAGCAGGTAGTCTGGGGATACAGGGCC
28	CGGGTTGGCCTTCCACTGGGGCAGCGGGAT
29	GTATCTCTGAGCCACATTGAGGGGAGGGGA
30	CTTCTCCCCGCCCTCAGCATCCTTCGGAAA
31	GGGGAGGGGAATAGCCATCTGCATAGGAGG
32	TTCCACTGGGGCAGCGGGATGACACGGCGC
33	CGCCGTGTCATCCCGCTGCCCCAGTGGAAG
34	GGATCCACTGCTCGTCCCCATCCACGGCCT
35	GCGGGATGACACGGCGCCGGCTCAGGGTGT
36	CCCAGTGGAAGGCCAACCCGGAGACGGACC
37	GTGGCTCCGAGTCATTGTAGAGACCGGCAA
38	TCAAACAGGACCGAGTAGTCATCCTGGGGC
39	CAGGCTTCCCGATCCACAGGGGCAGGGTCA
40	CTGCTCCTTCTGGAACAAGGCCTCAGGGTC
41	GCCCTGATCCATGCGCCCCCACAGCGGGTA
42	TCCCTATTACCGGACAAAGCTGCGTGGCCT
43	GTGTAGAGGCCACGCAGCTTTGTCCGGTAA
44	TGCGTGGCCTCTACACAACCGCCAAGGCCG
45	CCACGTATCTCTGAGCCACATTGAGGGGAG
46	GCCATGACCCTGCCCCTGTGGATCGGGAAG
47	TGCTCCTTCTGGAACAAGGCCTCAGGGTCC
48	GTGAACATCCAGAAGACCCATGAGCGGATG
49	TGTCACCAGGCTTCCCGATCCACAGGGGCA
50	TGAGAAGTTCTGCAATGCGGGAATCGGCAG
51	TGCTTTACCCGCTGTGGGGGCGCATGGATC
52	CCCTGATCCATGCGCCCCCACAGCGGGTAA
53	GGGTTGGCCTTCCACTGGGGCAGCGGGATG
54	CCGTCTCCGGGTTGGCCTTCCACTGGGGCA
55	GCTCTGTGAGAAGTTCTGCAATGCGGGAAT
56	CCATCCCTGCCTCAGGAGACTACGTGGCCA
57	AAGGCCGTGGATGGGGACGAGCAGTGGATC
58	TTGTTCTCTGTCTGCATCCGCTCATGGGTC
59	AACAAGGCCTCAGGGTCCGTCTCCGGGTTG
60	AGGCCTCAGGGTCCGTCTCCGGGTTGGCCT
61	TGAGGTAGATGACATCGATGAAGAAGGCAA
62	TGGGGCAGCGGGATGACACGGCGCCGGCTC
63	TTTTCCTTACAGGAAGAGCGTTCGCGGAGC
64	TGTGGGGGCGCATGGATCAGGGCGCGGTAG
65	TCCGTCTCCGGGTTGGCCTTCCACTGGGGC
66	TGGATGGGGACGAGCAGTGGATCCTGGCCG
67	GCATCGGCCTTGGCGGTTGTGTAGAGGCCA
68	CCAGGGTTGGTGTCACTCACTTGTTGGTGG
69	GAACAAGGCCTCAGGGTCCGTCTCCGGGTT
70	AGATTGCCGGTCTCTACAATGACTCGGAGC
71	GAAATCAAGTCTCTGTTGGAAGAGAGGCGG
72	GCAATGCGGGAATCGGCAGACACGAGGGCC
73	AGCTCTGTGAGAAGTTCTGCAATGCGGGAA
74	CCAGGCTTCCCGATCCACAGGGGCAGGGTC
75	GGGCGCGGTAGAAGCAGGTAGTCTGGGGAT
76	TTGTCACCAGGCTTCCCGATCCACAGGGGC
77	AGTCATTGTAGAGACCGGCAATCTTGGCCG
78	GGCGCCGGCTCAGGGTGTGTCTCCTGGGGG
79	GGGACGAGCAGTGGATCCTGGCCGAGGTGG
80	ACCCGCTGTGGGGGCGCATGGATCAGGGCG
81	CAATGCGGGAATCGGCAGACACGAGGGCCA
82	ACCTGGGTTTGTTTGATCAGCTGATGGAGC
83	TCCTCTGCAGTTTCTCCCTATTACCGGACA
84	CGCTGCCCCAGTGGAAGGCCAACCCGGAGA
85	GTCTCTGTTGGAAGAGAGGCGGATTGGTGA
86	GCGCCGGCTCAGGGTGTGTCTCCTGGGGGA
87	AGATCGCGGAAATCAAGTCTCTGTTGGAAG
88	TCCCGATCCACAGGGGCAGGGTCATGGCCG
89	GCCACGCAGCTTTGTCCGGTAATAGGGAGA
90	CACGTATCTCTGAGCCACATTGAGGGGAGG
91	GGCCACGCAGCTTTGTCCGGTAATAGGGAG
92	CTCAGAGATACGTGGTGGCTTGTAAGGAAC
93	CCCTCAATGTGGCTCAGAGATACGTGGTGG
94	ACCACGTATCTCTGAGCCACATTGAGGGGA
95	TGTTCTCTGTCTGCATCCGCTCATGGGTCT
96	CCTTCCCACAGCGGCCAAGATTGCCGGTCT
97	AGGGCCAGCACGAGCTGCTCCTTCTGGAAC
98	CGGACCCTGAGGCCTTGTTCCAGAAGGAGC
99	GTCTGCATCCGCTCATGGGTCTTCTGGATG
100	AGGGCGCGGTAGAAGCAGGTAGTCTGGGGA
101	CCTGCCCCTGTGGATCGGGAAGCCTGGTGA
102	ACGCCGAGGAGAGACTCACCGGAAAGGCCC
103	ATATGAGCATCTCAAACACAACGATGGATG
104	ATAATGAGAGGTATTCAGGAGACCTGGAGT
105	GAACCAATTGTAAAGGTGGTTGAAAGGGAA
106	TGTTTTTCCTCCACAGACTGAATGTGGATG
107	TTTTTTAGGTAACTCAGCAGTTGAAGGCGC
108	CCTTTTTAACTGGTCCATAAAATGTGGCAT
109	TCTTACAGTCCGGGTGCTCACGACAGGATA
110	TGATGCACTGCCTTGACAAATCAACGGAAG
111	GTCCGGGTGCTCACGACAGGATATTGGCCC
112	TAGAGCCCTACAGTCCCTCGCCTGTGGTAA
113	TTAAAGAGCATTAATATGGTCATCTGGAAA
114	TCAAAAGCATGTCTTGGTGCTGGTGGGATG
115	GTGTGAGCTGTCGACCACTGTGTTTGGCTA
116	TATGGGTGTATTAGGGATCATCTACGGCAA
117	AGATGGATCTGAAGTTGGTGTTGGAGGTGC
118	GATAAGCTGAAAAAGGGAGTCAAAGGGGTA
119	TGCACTTTGGTGTGGCTGACTGAGTGGGCC
120	TGATTAGAGACATACTAATGTACATGGTAA
121	TCTCTTGGATATTACAGATGACCATGGATG
122	GCACAAGTAACTGGCTCTAATACACGGAAG
123	AGTTGTTATTAAGAAACGTATTGAAGGACT
124	GTTTACCACAGGCGAGGGACTGTAGGGCTC
125	GAGGAGAGACTCACCGGAAAGGCCCGGATC
126	AATCTGAGCAAAGGCACGGGCAGCCGGAAG
127	GCATTAATATGGTCATCTGGAAAGTGGAAA
128	TCAAACACAACGATGGATGAATTCAGGCAA
129	CATGAGATAGAAGCTGCTATAGTGCGGATA
130	AGATGCAGCACAATGTTCTAGTAGCGGAGG
131	AAGTTGTACGTTATGGGTGTATTAGGGATC
132	AAGGTTCTACTTAGCCAAACACAGTGGTCG
133	GACAGCTCACACTCCAGCATCATATGGGTT
134	TTTACTTACCTGGATATAGTCAACAGGATT
135	AGGGCTCTAACAAGCTCTCTTTCAGGGATA
136	TATGAGTTCCTATTTGAGGGAGCAAGGTAA
137	AGGTAAAGCTCTTGTTTCTGAAGAAGGAGA
138	ACTATAGTAGAAATGGAGAATTCTGGGCTA
139	ACCGTCTCTTTAAACAAACTATTGCGGGTG
140	CTGGTGGGATGTTGCACTTTGGTGTGGCTG
141	TTAGGTGGTGTTGATCTTACAGTCCGGGTG
142	CTCGCCTGTGGTAAACCAACACAGCGGGTT
143	AGACGGTCATTGTTGAATGATTCCAGGAGG
144	AGAGTAGGTTCGATCGCTTCCTCCTGGAAT
145	AGATCTGCAGAACCCATATGATGCTGGAGT
146	ATAAGCTGAAAAAGGGAGTCAAAGGGGTAA
147	TGGTGCTGGTGGGATGTTGCACTTTGGTGT
148	ATGTCAGTTCACGTCAAAACTGGAAGGAAT
149	GGTTTACCACAGGCGAGGGACTGTAGGGCT
150	TCTGAATATCTCAAAAGCATGTCTTGGTGC
151	TGTGAGTGTATGAGTTCCTATTTGAGGGAG
152	TGGATGAATTCAGGCAACATCTACAGGCAA
153	GAGAATATTTGGCACGAACACCTGAGGATC
154	TGAGCAAAGGCACGGGCAGCCGGAAGGACA
155	GCACTTTGGTGTGGCTGACTGAGTGGGCCA
156	CTAAGACCACTGTTATTCTTACGCTGGATT
157	AGCTCTATAGAAATGCATATACAATGGTTT
158	GGCCAATATCCTGTCGTGAGCACCCGGACT
159	CGGATCCGCATCTTGGTGTCCTTCCGGCTG
160	AATCAACGGAAGAACCAATTGTAAAGGTGG
161	CTAAATAACTTGTACATGCAACCAAGGTCT
162	TTCTTACAAAAGAACCCAAATCAAAGGAAA
163	TTCTTTTGTAAGAACCCGCTGTGTTGGTTT
164	AAACAAGGTGAATCCGACCCAGAGAGGAAA
165	GAGCGGAAAGGAGAAGTCGTAGACAGGTAA
166	TAAACATGGAGAAAAGCTCTACACTGGACT
167	GAAAGAATCCTGTTGACTATATCCAGGTAA
168	ATTGGTTCTTCCGTTGATTTGTCAAGGCAG
169	TATGTTGAAAAATGGAAAGACAGAAGGTAA
170	CAACGGAAGAACCAATTGTAAAGGTGGTTG
171	AACCAATTGTAAAGGTGGTTGAAAGGGAAC
172	GCTGTGTTGGTTTACCACAGGCGAGGGACT
173	CTCTATTATTAAAGAGCATTAATATGGTCA
174	TAGGTGGTGTTGATCTTACAGTCCGGGTGC
175	TTGATACCTTATTTATGAGATGTTCGGTAA
176	AAGGGCTTATTGGATCTGAAGAGTAGGTTC
177	CTTGGAATGATCATCAAACAGCTATGGTGA
178	TCGAGACCTAAAATCATTAACATCTGGCAA
179	AGAAATCCAGCGTAAGAATAACAGTGGTCT
180	CCGGAAAGGCCCGGATCCGCATCTTGGTGT
181	TCTCTGGGTCGGATTCACCTTGTTTGGCAG
182	TAGAAACAATATTGGATAAAGCAATGGTCC
183	GAACCCGCTGTGTTGGTTTACCACAGGCGA
184	GAGCTTTACCTTGCTCCCTCAAATAGGAAC
185	TTGTTACCGAACATCTCATAAATAAGGTAT
186	GGAAGATGGATCTGAAGTTGGTGTTGGAGG
187	CCCGCAATAGTTTGTTTAAAGAGACGGTCA
188	GAAACAGGAAGATGGATCTGAAGTTGGTGT
189	GTGAGTGTATGAGTTCCTATTTGAGGGAGC
190	TGCAGCACAATGTTCTAGTAGCGGAGGTGA
191	AGGTATTCAGGAGACCTGGAGTTGAGGTTG
192	TCGCCTGTGGTAAACCAACACAGCGGGTTC
193	CTATTGGATATGATTGCAAGAGAGCGGAAA
194	GTGTGTATGTACAACAAAATAATGTGGAGA
195	TGGTGTTGGAGGTGCACAAGTAACTGGCTC
196	GGCAGCCGGAAGGACACCAAGATGCGGATC
197	GGATATGATTGCAAGAGAGCGGAAAGGAGA
198	ATAATAGAGAAAAATACACATTTGAGGTAT
199	CGGTCATTGTTGAATGATTCCAGGAGGAAG
200	CGCTGTGTTGGTTTACCACAGGCGAGGGAC
201	ATTCAGGCAACATCTACAGGCAACTGGTGT
202	TTTCGAGATCAAGTTGTACGTTATGGGTGT
203	CGGAAGGACACCAAGATGCGGATCCGGGCC
204	TAATGTGGAGAACGTCTACAATTTGGGATT
205	TTGAACGTTATTATAAACAACACTTGGCAA
206	CGTTATTATAAACAACACTTGGCAAGGAGA
207	CAGAACAAGAAGTAGAAACAATATTGGATA
208	CTCAAAAGCATGTCTTGGTGCTGGTGGGAT
209	AGCACATGAAGACTATAGTAGAAATGGAGA
210	ATTTATTGATGATAAGCTGAAAAAGGGAGT
211	ACTACACAGAGTCAAGATTCAAACAGGTAT
212	TATCTCAAAAGCATGTCTTGGTGCTGGTGG
213	AGCTCTTGTTTCTGAAGAAGGAGAAGGAAA
214	CCATGTCGAATCTGAGCAAAGGCACGGGCA
215	GTGGATGTCAGTTCACGTCAAAACTGGAAG
216	ACAGCTCACACTCCAGCATCATATGGGTTC
217	GGAAGGACACCAAGATGCGGATCCGGGCCT
218	TGATAAGCTGAAAAAGGGAGTCAAAGGGGT
219	CGTCAAAACTGGAAGGAATGTTTAGGGATA
220	ATGAAAAATATGTAAACAGCATTTGGGACC
221	CCAAGATGCGGATCCGGGCCTTTCCGGTGA
222	ATATGTGTATACTTTGCGATCCTCAGGTGT
223	CCGTGCCTTTGCTCAGATTCGACATGGTGC
224	TTTTCGAGATCAAGTTGTACGTTATGGGTG
225	GACTATAGTAGAAATGGAGAATTCTGGGCT
226	CATGTCGAATCTGAGCAAAGGCACGGGCAG
227	ACGTCAAAACTGGAAGGAATGTTTAGGGAT
228	TGGGCTAGTACATATGTTGAAAAATGGAAA
229	TTTCTACTATAGTCTTCATGTGCTTGGAAA
230	AAGGACTTATTGAGAGAGAATATTTGGCAC
231	TTTGAATCTTGACTCTGTGTAGTTTGGATG
232	GGGATCATCTACGGCAAACTCTATTGGATA
233	GAGCACCATGTCGAATCTGAGCAAAGGCAC
234	TAGGGCTCTAACAAGCTCTCTTTCAGGGAT
235	AAAAAAACATGATATCTAAGTTAAAGGTAA
236	ATCAATAAATAATGAGAGGTATTCAGGAGA
237	ACGTTTCTTAATAACAACTGGACTTGGTAA
238	CCGTCTCTTTAAACAAACTATTGCGGGTGA
239	TATTTATTGATGATAAGCTGAAAAAGGGAG
240	ATAATGTGGAGAACGTCTACAATTTGGGAT
241	TTCCCTTTCAACCACCTTTACAATTGGTTC
242	TTCAATACGTTTCTTAATAACAACTGGACT
243	TCTTTTTCTTGCATAAACCTAAAAAGGACC
244	CAAGTTGTACGTTATGGGTGTATTAGGGAT
245	AAATTCTGCAGACATTTCCAAAAAAGGAGC
246	TTTCTTCAAACGCTAAATCAAGCTTGGAAT
247	CAAGTTATTTAGTCGTGTGCCAAATGGTTT
248	TGGCGACCCGCAGCCCTGGCGTCGTGGTGA
249	TGCTCGAGATGTGATGAAGGAGATGGGAGG
250	TGTAGCCCTCTGTGTGCTCAAGGGGGGCTA
251	ATTCCTCATGGACTAATTATGGACAGGTAA
252	CTCCGTTATGGCGACCCGCAGCCCTGGCGT
253	GCAAAATAAATCAAGGTCATAACCTGGTTC
254	TGGTCAGGCAGTATAATCCAAAGATGGTCA
255	GGCAGTATAATCCAAAGATGGTCAAGGTCG
256	TTAACTAGAATGACCAGTCAACAGGGGACA
257	ATTGTAGCCCTCTGTGTGCTCAAGGGGGGC
258	GCCGAGCTGCTCACCACGACGCCAGGGCTG
259	TATAGCCCCCCTTGAGCACACAGAGGGCTA
260	AGCACACAGAGGGCTACAATGTGATGGCCT
261	TTATAGCCCCCCTTGAGCACACAGAGGGCT
262	AATCATTATGCTGAGGATTTGGAAAGGGTG
263	CTGCTCACCACGACGCCAGGGCTGCGGGTC
264	TCTTTGGATTATACTGCCTGACCAAGGAAA
265	TTTGGAAAGGGTGTTTATTCCTCATGGACT
266	CTGGCTTATATCCAACACTTCGTGGGGTCC
267	TTGCTCGAGATGTGATGAAGGAGATGGGAG
268	ATGATCTCTCAACTTTAACTGGAAAGGTAT
269	TTTTCTTCTAGAATGTCTTGATTGTGGAAG
270	AACAGGGGACATAAAAGTAATTGGTGGAGA
271	TTTAACTAGAATGACCAGTCAACAGGGGAC
272	TTGTAGCCCTCTGTGTGCTCAAGGGGGGCT
273	CATTGTAGCCCTCTGTGTGCTCAAGGGGGG
274	AACGTCTTGCTCGAGATGTGATGAAGGAGA
275	CGCCAGGGCTGCGGGTCGCCATAACGGAGC
276	TTTTCAGATTAGTGATGATGAACCAGGTTA
277	TGATAAAATCTACAGTCATAGGAATGGATC
278	CCCTGAAGTATTCATTATAGTCAAGGGCAT
279	TTCAGTGCTTTGATGTAATCCAGCAGGTCA
280	ATGCAGACTTTGCTTTCCTTGGTCAGGCAG
281	TGCTCACCACGACGCCAGGGCTGCGGGTCG
282	TTACCTGTCCATAATTAGTCCATGAGGAAT
283	TTTTAACTAGAATGACCAGTCAACAGGGGA
284	TCGAGATGTGATGAAGGAGATGGGAGGCCA
285	GGCCGAGCTGCTCACCACGACGCCAGGGCT
286	TCTGGCTTATATCCAACACTTCGTGGGGTC
287	AAAAAAAGTAATTCACTTACAGTCTGGCTT
288	ATCATTATGCTGAGGATTTGGAAAGGGTGT
289	TTTTTGAAAGGATATAATTGACACTGGCAA
290	GGTGAAAAGGACCCCACGAAGTGTTGGATA
291	AATCCAAAGATGGTCAAGGTCGCAAGGTAT
292	TTCCAAATCCTCAGCATAATGATTAGGTAT
293	TGTTTATTCCTCATGGACTAATTATGGACA
294	TCCCTGAAGTATTCATTATAGTCAAGGGCA
295	CCCTTGACTATAATGAATACTTCAGGGATT
296	AAACAATGCAGACTTTGCTTTCCTTGGTCA
297	TTTGCATACCTAATCATTATGCTGAGGATT
298	GTCAACAGGGGACATAAAAGTAATTGGTGG
299	ATACCTTGCGACCTTGACCATCTTTGGATT
300	TGAAATTCCAGACAAGTTTGTTGTAGGATA
301	TGGAGATGATCTCTCAACTTTAACTGGAAA
302	GCCCTTGACTATAATGAATACTTCAGGGAT
303	GGCATATCCTACAACAAACTTGTCTGGAAT
304	TACCTAATCATTATGCTGAGGATTTGGAAA
305	GTCTGGCTTATATCCAACACTTCGTGGGGT
306	GTAATTAACAGCTTGCTGGTGAAAAGGACC
307	CAGTCTGATAAAATCTACAGTCATAGGAAT
308	ACATTGTAGCCCTCTGTGTGCTCAAGGGGG
309	GCATGTTTGTGTCATTAGTGAAACTGGAAA
310	GCTATAAATTCTTTGCTGACCTGCTGGATT
311	CAAGTCACTGAGTGCAGAATGGCTAGGAGT
312	GCAAACACTGCCGAGCGATGAGGATGGCAA
313	GGGAGGAAGGTGAAACTGACCTGTTGGCAG
314	TGGGCCCGCCTAGTACCTACCTGTAGGATA
315	GTCTTGAAAAGGTGAAGGAGGATGCGGCAG
316	TGCCTGTGCATCGTGGCTGTCCTGCGGCAC
317	GACCAGATGGCACAGGTCTTTGAGGGGTAA
318	CACCAGCATTAAGGAGTGAAGGGATGGCAG
319	GTTCAGTCTGCATACCTGTCCCGCCGGCTT
320	CACACCTGAGCCGTGACCTGGTGTTGGTCA
321	TGCGGTGTCTTGAAAAGGTGAAGGAGGATG
322	ACCTGGTGTTGGTCATAATGTGAAAGGTGC
323	TGGCCTCAGCTGTATCCTACAGGTAGGTAC
324	GTTCTGGTCGGCATCGTGCTATGGTGGTAG
325	GTAGTGAACAGGACTCTGAGCCAGGGGCCC
326	AAGGAAGACTGGCGCATGGTCCACTGGTCC
327	AGGAGCAAACACTGCCGAGCGATGAGGATG
328	ACTTTTGTTGCCATCCTCATCGCTCGGCAG
329	AGCTGCGGTGTCTTGAAAAGGTGAAGGAGG
330	TATTGCAAGTCACTGAGTGCAGAATGGCTA
331	CCTCTGGCATGGGCAGGTTGGACGGGGCAA
332	CGTGTACAGAAGTAGGCAAGCCGGCGGGAC
333	CTGATGCTGAGTGAATATTCCATGAGGTCG
334	CTGACTGTTGGAAAACCTCGATTGTGGCCT
335	CCTTGCTTCTTCATGCAGGCTGTGTGGCGT
336	GCGCATAAAGCGCATTCTCCAGGTAGGCCA
337	CAATAGCCGGTCAGCTCTGCACACAGGATT
338	AATGAGCCAGGCAGCCCGCATCACAGGCAC
339	GCAGCCATGAGTGCAACCAGCGGTTGGTCG
340	TTCTGCATTGGTAAGCGCACAGGACGGTAT
341	GCTGTCAGCTGCAAGCGTTCTGGTCGGCAT
342	ACCCTCTGGCATGGGCAGGTTGGACGGGGC
343	TGCCGCAGGACAGCCACGATGCACAGGCAC
344	CCAAAGTATGAAGTACCCGTCCAATGGTGA
345	TGAAAAGGTGAAGGAGGATGCGGCAGGTAA
346	ATGGGTGGCGTACTGCACGTGTCGTGGCTG
347	GCCAAATACACAGTGCCTGTGATGCGGGCT
348	CTACTAGCCTGTGCCTGTGCATCGTGGCTG
349	TGGTCAGACATACCTGCTGAGTGAAGGCAC
350	CCTCTATCACAGAACTTGGACCAGTGGACC
351	CTCCGTGTACAGAAGTAGGCAAGCCGGCGG
352	TGCCATTGTTAGAGGAGCAGCACAAGGCCT
353	TGACCCAGAGCACAAGGAGGCTGAAGGCAG
354	ACCTTTCACATTATGACCAACACCAGGTCA
355	TCATGCAGCCATGAGTGCAACCAGCGGTTG
356	AGTTCACCAGCATTAAGGAGTGAAGGGATG
357	CACATTATGACCAACACCAGGTCACGGCTC
358	TGTTACCCTCTGGCATGGGCAGGTTGGACG
359	TGGACAGACATGAGTTCCTGACCTGGGTGC
360	ATGAGCTGCAGCTCCAAGGAAGACTGGCGC
361	CGCAAAGGGACAGCAGAAACTGGTGGGTTT
362	ACCCCAAACAGTACGACCAACCGCTGGTTG
363	AGTGGTAGGGGTCCGTACTCAGCATGGGAG
364	TAGGCCCACACCTGAGCCGTGACCTGGTGT
365	GCAGGAGGAGCGGATTCCTACTGTAGGCTT
366	GTAGCCAGCGAGTCATGAAAAGATAGGTCA
367	AGCGTTCTGGTCGGCATCGTGCTATGGTGG
368	CAAACCAAGGCACTAGGACAGCACAGGAGG
369	TACTCTCTACCTGAAACATGAACATGGCCA
370	TCATGAAAAGATAGGTCACTGACCTGGAGG
371	GTATACTTGCACTCTCATCTCCCGAGGGGA
372	CTGCCGATGACCCAGAGCACAAGGAGGCTG
373	GGAGCCTGTGTATCCAGAAACTGCAGGAGG
374	CGGGGCAATAGGCAAGTGGTCAAGTGGTGA
375	TGAGGTGGGCAGTTTAGCAATGAGGGGGGC
376	GATACAGCTGAGGCCAAAAACCAGGGGCCG
377	GCTTGATCATGAGCTGCAGCTCCAAGGAAG
378	AATGCCCTTATGCACGTCTGTGTGGGGCAC
379	GTGTACAGAAGTAGGCAAGCCGGCGGGACA
380	ATGACCAACACCAGGTCACGGCTCAGGTGT
381	ACTCCCTCTTGGAGAACATCGCCAAGGCCA
382	CAGTCAGTGAGTAGTGCCAAACCAAGGCAC
383	ATACTTGCACTCTCATCTCCCGAGGGGACC
384	CGCAATCCTGTGTGCAGAGCTGACCGGCTA
385	GTTAGGAGTTACTCACCCATGAAAGGGTCA
386	ATGAGGCAGGCATGATAGTGCCGCAGGACA
387	TTTTTGGCCTCAGCTGTATCCTACAGGTAG
388	CTGAGGTGGGCAGTTTAGCAATGAGGGGGG
389	TCAGCAGTGGGGAAGGCTTCAGGCCGGTTG
390	AGGCGATGGAACCCTTCTCATCTGCGGCTT
391	CGCCGGCTTGCCTACTTCTGTACACGGAGA
392	TATACTTGCACTCTCATCTCCCGAGGGGAC
393	TGTTAGGAGTTACTCACCCATGAAAGGGTC
394	CCAAATACACAGTGCCTGTGATGCGGGCTG
395	GTGTACAGATCATAGAGATAAGCAAGGATA
396	GTGCAGAATGGCTAGGAGTGCTTAAGGCCT
397	TAGTTCACCAGCATTAAGGAGTGAAGGGAT
398	GGCTGCTGGGGAAGAATTGGAGAAGGGTCA
399	AGTTTAAGCAATTCATCCTCTCCAGGGCGG
400	TGAAGGAGGATGCGGCAGGTAAGCCGGGCC
401	CCCCATGATGTAGAGGTGGCAATCCGGCAG
402	AAGGTGCTGGGGAATAGTACCTGGGGGATG
403	AGAATCAGAAGCCGCAGATGAGAAGGGTTC
404	CTGGACAGACATGAGTTCCTGACCTGGGTG
405	ACCAAGGCACTAGGACAGCACAGGAGGATG
406	TGATGATGATCTCCAGGAGGAGCATGGCCC
407	GCAGCTCCAAGGAAGACTGGCGCATGGTCC
408	GCCTGTGTATCCAGAAACTGCAGGAGGACA
409	GCTCCTCCTGGAGATCATCATCAGCGGCAC
410	CTGAGTGAAGGCACTGTTACCCTCTGGCAT
411	CCGCCTGTCTCTTCTCCAGGAGCTTGGCTA
412	GGATTGAGCTGCGGTGTCTTGAAAAGGTGA
413	GAGGCAAGTGGTATGACATGCCAAGGGCAA
414	TCCTCCTGCAGTTTCTGGATACACAGGCTC
415	ATGCGGTTCTGGGAGGCAGCCAGCAGGTGG
416	TTGTTCTGTCATCTTGCAGCGTTGTGGAGA
417	ACGGAGACTGGCCCTGCAGCTGGATGGTGT
418	GCCTCATCCTCAACCAGGACCAGATGGCAC
419	AGTCGAGGGTGTGCTGCTAGTTGGGGGCTG
420	AGGCACAGGTCATCTTAATGAGCCAGGCAG
421	TGGTCGTGTCTTCACAGTACTCTGGGGAAT
422	TAGAGCGCTCTGGTGTATGGCTGGTGGCCC
423	CCTTTAACACATGTCCCTGGACTGAGGTGG
424	GGATACAGCTGAGGCCAAAAACCAGGGGCC
425	AATGAGGATGGGGAAAACCCCCAGCGGCAG
426	ATTTGTTCTTTAAATGGCTACAGGAGGTGT
427	GTGCTATGGTGGTAGCCAAGCTCCTGGAGA
428	TGTAGTGAACAGGACTCTGAGCCAGGGGCC
429	TGCAGCGCAGCACCCAGCAGACCACGGAGT
430	CGTGGCTGGTCGTAAAGAACCCCAAGGGTC
431	ACTGACGGCCTTGAATGTAAAACAAGGTTT
432	CTTGCCTTTGGAGCCCCTGGTCCCCGGCCT
433	GCAGCACAGCGAATCAGATCTTCCAGGAGC
434	CAATGCCCTTATGCACGTCTGTGTGGGGCA
435	TCAAAACACTCAAGCACCCAGGTCAGGAAC
436	ACTGAGGTGGGCAGTTTAGCAATGAGGGGG
437	AGATGTCATCACGTGTGAGCCACAGGGCTC
438	GAAGGCACTGTTACCCTCTGGCATGGGCAG
439	AAAATGGGAGCACTGGGAGCAGAAAGGGAG
440	ATGCGCTTTATGCGCTGCCGCTGGGGGTTT
441	CCCGTCCAACCTGCCCATGCCAGAGGGTAA
442	TGAGAGTGCAAGTATACATGTTGTGGGAGA
443	CGTTCTTTGCGTGAAGAGGAACCCAGGTGC
444	GAAGAGACATGTTGACCCTTTCATGGGTGA
445	GAAGGAGGATGCGGCAGGTAAGCCGGGCCC
446	CGGGGGAGGCGCTCACCTCTGTCTTGGTAG
447	CTCCATCCACGATGCGGTTCTGGGAGGCAG
448	CCACCAAACAGAAGATCTCGCCCTGGGATC
449	TCCCACTGCCCTTATCAGGTCTCCCGGAAT
450	TCTGGTCCTGGTTGAGGATGAGGCAGGCAT
451	CCCTCTGGCATGGGCAGGTTGGACGGGGCA
452	TTTGGATTGGGACCTAGCAAGGATGGGCAT
453	GATGCGGCAGGTAAGCCGGGCCCCTGGCTC
454	CCCTTTGTAACCGAATCTTTGGATTGGGAC
455	TCCACCAAACAGAAGATCTCGCCCTGGGAT
456	ACCAGCGGTTGGTCGTACTGTTTGGGGTGG
457	CTGCACTCAGTGACTTGCAATAGCCGGTCA
458	CATGGGCAGGTTGGACGGGGCAATAGGCAA
459	GCAGGAAGCCCCAAGTGAACCAGAAGGATA
460	AGAACATCGCCAAGGCCACAATCGAGGTTT
461	TTCGCTGGTCTTTCGATAAATGCCAGGAAG
462	CTAGCATCTCGCAAGGTAGCATGGAGGAAA
463	CAGGATTGCGATGTCATTCACCCTAGGGAA
464	TAGGCAAGTGGTCAAGTGGTGAGCCGGTCT
465	TGCCTCCCAGAACCGCATCGTGGATGGAGC
466	CCCCGTCCAACCTGCCCATGCCAGAGGGTA
467	GCAAACACGGCTCCATCCACGATGCGGTTC
468	TGTTCCAAACCAGCCCCAAGAGAGTGGTGC
469	TTGCCACCTCTACATCATGGGGCAAGGGCC
470	TGGCTGCCTCCCAGAACCGCATCGTGGATG
471	TGAAGAACACCATCTACTGCAACGTGGAGC
472	GGGCTCCAAAGGCAAGGTCCCCTCGGGAGA
473	GCTTCAACCCCTCAAAAAGATCCCAGGGCG
474	GTGTGGGGCCTCTATCACAGAACTTGGACC
475	TTCTCCCCTACTATGCCCTGTGAGGGGAAG
476	GCTTCTCAAATCCTCGGATCTGGTGGGCAG
477	TTGCTGCTCTACCACACACACCTGAGGCCC
478	TTTGGGGTCCTGAGGGTAAACATCGGGAGG
479	GTGGCTGGTCGTAAAGAACCCCAAGGGTCC
480	TAAGACTCTTGCCTAGCCCCGTGTAGGTGA
481	AGATGAGAAGGGTTCCATCGCCTCTGGCTC
482	GACTGCTCACACCATCCAGCTGCAGGGCCA
483	AGGATACAGCTGAGGCCAAAAACCAGGGGC
484	AGGCTGAGCTGCTTCTCAAATCCTCGGATC
485	CCATTGGACGGGTACTTCATACTTTGGAAG
486	CGTACTTGGCATAGACATCCAGACTGGCTG
487	GTGGTAGGGGTCCGTACTCAGCATGGGAGC
488	TGCCACCTCTACATCATGGGGCAAGGGCCC
489	CGATAAATGCCAGGAAGCTACTGCAGGTAT
490	CTTCAACCCCTCAAAAAGATCCCAGGGCGA
491	TGCCATCCCTTCACTCCTTAATGCTGGTGA
492	ACCGGCCAGGGCCTGCAGGAAGTGGGGGCT
493	CACCCAGAACCAGCCACTACCTGCAGGTGA
494	CTGCTAGTTGGGGGCTGAGGAGCAGGGGTG
495	GAGGAACAGAAGAACTTCCAGAGGAGGAGG
496	GCCTTCCCCAGACAAGCCTACAGTAGGAAT
497	TGGGACCTAGCAAGGATGGGCATGAGGTAA
498	CAGGCTGTGTGGCGTCGTGAAGCATGGGAT
499	CTGTGCTGTCCTAGTGCCTTGGTTTGGCAC
500	GAAGCATGGGATGAACCGGTCCGATGGCTC
501	GGTGCCCCACACAGACGTGCATAAGGGCAT
502	TCCAGGCACTACTCACATTGTTAGGGGTCT
503	ATGACACCACAGCATCATCATCTGAGGAGA
504	TGCAGACATGTCTAGCATCTCGCAAGGTAG
505	ACTTGTTGTGGCCCTGGCAGGTGGGGGGCA
506	GTCATGGTTGTGGGCAGCACTCCAGGGTAA
507	AGGTTCAGGCTTCACTGTGACAGGAGGAAC
508	AGGCTGCTGGGGAAGAATTGGAGAAGGGTC
509	GTGCCGCTGATGATGATCTCCAGGAGGAGC
510	TGTTCTCCCCTACTATGCCCTGTGAGGGGA
511	CCAAGTCTCACATCAACATTGCAGAGGAGA
512	ACGTGATGACATCTCGGGTCTGCTTGGGCA
513	AGGTGGGCAGTTTAGCAATGAGGGGGGCCA
514	TTAGCAAAGATATCTTCAGCAGTGGGGAAG
515	CCTTCTCGACATCTGGCTTCTCAGGGGATG
516	GGCAGGGTGGCCGCAACATCTCTGTGGAGA
517	TCTTCTCAAAACACTCAAGCACCCAGGTCA
518	GAGGTGGGCAGTTTAGCAATGAGGGGGGCC
519	TGAGCGTGCTCATCAATGGGACATTGGCTG
520	ATCATGCCTGCCTCATCCTCAACCAGGACC
521	GTGTAGGTGAAGGTGTGAGCTGCAGGGTTC
522	CTGGCTTCGATTCCATCTTCAAGAAGGAGG
523	TCCTTCTTACTGAAAATGGGGACCTGGATG
524	TTCTCCAAGAGGGAGTTCATCTCCTGGGGA
525	TCACACCTTCACCTACACGGGGCTAGGCAA
526	GGGGCTCCAAAGGCAAGGTCCCCTCGGGAG
527	AGAAGAACTTCCAGAGGAGGAGGGAGGAGG
528	CCCACCTGAATGGCAAAGTCGATGAGGCCA
529	CGCTCTGCAGAGGAGCCATCGGACCGGTTC
530	AAGCAAGGATACAGCGCTCTGCAGAGGAGC
531	GCTTACCTCATGCCCATCCTTGCTAGGTCC
532	ATCCACATCGACTGCTGGACAATGAGGATG
533	TGCACATGCTGCACCAGAGGCAAGTGGTAT
534	CAGAGATTGCTGCATAGTAGGCACAGGTCA
535	CAGGGTCACTTACTTCCATCAGACTGGCAA
536	TGGTGCTAACATGTCTGAAAGGGCAGGATG
537	GAAAGGGCAGGATGAACAACGCGAGGGACT
538	TTCAGTAAGAAGGAAGAGGTGTTTGGGTAC
539	AGGGCATTGCAGACAAAGCTGTAGCGGTTA
540	CACTCAGTACACCCCATACCTATCGGGATC
541	GTGGCGTACTGCACGTGTCGTGGCTGGTCG
542	GAGTCGAGGGTGTGCTGCTAGTTGGGGGCT
543	GCAAACCAAAGCAGCTTATGCATGAGGCAC
544	TTCGGGATCTTGAGCTACGAACACCGGCCC
545	CGGGGCCGGGGCCTCAGGTGTGTGTGGTAG
546	CTTGGTATCGATAAGGGAGCCCTGTGGCTC
547	AGGCACTCAAACTGCGGCTCAACCTGGTGA
548	TAACACATGTCCCTGGACTGAGGTGGGCAG
549	TCTGTAACTGCTCCCATAAGTACTTGGTGA
550	TCCTCCTTAGGCTTCACCATTGGACGGGTA
551	ACCCTCGAAGTGAGAGTGAGCGGGTGGAAT
552	CTCTAGAGCGCTCTGGTGTATGGCTGGTGG
553	GCAGCTCACACCTTCACCTACACGGGGCTA
554	TCCAAGCCTTACTCGGAGAAGCAGAGGCAG
555	GCCTCATCGACTTTGCCATTCAGGTGGGGA
556	GTCTGCTTGGGCAGTGGCAGCAGCTGGCGA
557	TGAAGGCACTGTTACCCTCTGGCATGGGCA
558	ATGTAGAGGTGGCAATCCGGCAGTGGGATT
559	GCGGTTGGTCGTACTGTTTGGGGTGGGAAA
560	GCCATGCTCATCCCCAGAGACAGCAGGCTG
561	GTTTGGGGTCCTGAGGGTAAACATCGGGAG
562	TCCTCCTGTGCTGTCCTAGTGCCTTGGTTT
563	TTTTGGCTAGTTGCGTGAGTGGCTTGGTGC
564	ACTGACTGATAGCAGAATTAAGACCGGCTC
565	TAGTGTAGCTGCCCACCAGATCCGAGGATT
566	GCAAGACCAAGCCTGTGCTCAGGTCGGATA
567	AGCAGGTGGCGGTCGCAGGAGGAGCGGATT
568	CAGGAGGAACAGAAGAACTTCCAGAGGAGG
569	CATCGGCAGGATCATCAAAGGGAGAGGGAG
570	AGGTTGGACGGGGCAATAGGCAAGTGGTCA
571	CAAGTGAACCAGAAGGATAACTTCTGGCTG
572	GTTTTGAGAAGATCCGCCCTGGAGAGGATG
573	GTTCTCCAGCTCTCTAGAGCGCTCTGGTGT
574	GGCAGGATCATCAAAGGGAGAGGGAGGCCG
575	CCGGATTGCCACCTCTACATCATGGGGCAA
576	GGGCCAGTCTCCGTGTACAGAAGTAGGCAA
577	TGCTGAATGAACTGAGTGTAGTTGAGGCTG
578	AGAATTGGAGAAGGGTCAGCACCTGGGTTC
579	GCCACTCACACAGGACTATGGAATGGGCCC
580	GTACACAGAGGTCTTATAAGAGGAGGGTTC
581	CTGTGGTGTCATTGCTATGTGAATGGGCTG
582	CCGCAAAGGGACAGCAGAAACTGGTGGGTT
583	GACTCCTTACCTCCCTCTACAGCCAGGTGC
584	GCAGCACCCAGCAGACCACGGAGTGGGCCA
585	TACCGGCCAGGGCCTGCAGGAAGTGGGGGC
586	GGCCTTGTGCTGCTCCTCTAACAATGGCAC
587	CTTTGGATTGGGACCTAGCAAGGATGGGCA
588	TGTTGGTCATAATGTGAAAGGTGCTGGAAC
589	GTTCTCCCCTACTATGCCCTGTGAGGGGAA
590	GATCGAGCAGCAGATCAAGGAGCGGGGACA
591	AATACCCTTCCTGACACTGGTCGCAGGAAG
592	TGAAACCACAAGTGCCATTGTTAGAGGAGC
593	TCTCCATGTCCTCAAAGAGAACACTGGAAC
594	CTGGCTGTCTCCACAGAGATGTTGCGGCCA
595	AGAAAATCACCAAGGATATCTTGAAGGTTC
596	GCACTCCAGGGTAAGTTGGTCGGGTGGGCA
597	TTGCTGTCCTCACACAGAGACTTAAGGCAA
598	GGCGCTACGGGCTGGGCAAGATGGCGGCCT
599	ATACACCAGAGCGCTCTAGAGAGCTGGAGA
600	GCGGACCCTCGAAGTGAGAGTGAGCGGGTG
601	AGGGGACCTTGCCTTTGGAGCCCCTGGTCC
602	ACTACTTTGGGTACCTTTGAGTGGAGGTCA
603	GCAGCCAGCCAGCTACCAAGACAGAGGTGA
604	CTGAAGTCAGAGCGTTCAAAACTATGGCTG
605	CAGACAAAGCTGTAGCGGTTAGCAGGGTTC
606	GCAGCAGCAACCTGCGGTGCCCCAAGGACA
607	CTGATTGTCAGCTTCCTCAGGAATGGGTAG
608	GGACCAGATGGCACAGGTCTTTGAGGGGTA
609	CAGAAGTAGGCAAGCCGGCGGGACAGGTAT
610	CTTTTCCTCCTTAGGCTTCACCATTGGACG
611	TTAACACATGTCCCTGGACTGAGGTGGGCA
612	GGGGCTGGTTTGGAACAGTCCGAGTGGACC
613	GTTTGGGTGGTGCAGGAGGTCCGGAGGCAC
614	AGCGGTTGGTCGTACTGTTTGGGGTGGGAA
615	ACAGTGCCGCTGATGATGATCTCCAGGAGG
616	TGGGTCATCGGCAGGATCATCAAAGGGAGA
617	CTTCTTGCGTTCCTCAGTACTGGGTGGAGC
618	ATCTTGAAGGTTCTGAACCGCAAAGGGACA
619	GGCTTCCTGCGACCAGTGTCAGGAAGGGTA
620	CGGCTCCATCCACGATGCGGTTCTGGGAGG
621	AAGGGAGAGGGAGGCCGGGGACCAGGGGCT
622	TGCTTCTCAAATCCTCGGATCTGGTGGGCA
623	AGGAGAAGATTGAAGGGACCCTTGGGGTTC
624	AACGTTGCCTTAAGTCTCTGTGTGAGGACA
625	TGTTAAAGGCTGCTGGGGAAGAATTGGAGA
626	GCTTCGATTCCATCTTCAAGAAGGAGGCAT
627	CGGACCCTCGAAGTGAGAGTGAGCGGGTGG
628	TGTGGCTCACACGTGATGACATCTCGGGTC
629	CAGATTGGTAGTTCACCAGCATTAAGGAGT
630	CGCAGCACCCAGCAGACCACGGAGTGGGCC
631	CTCTAGAGTGTCGATCATGAACTCAGGTGC
632	ACAGGGCTCCCTTATCGATACCAAGGGCAA
633	GCTGGGGAATAGTACCTGGGGGATGGGAAA
634	CCCCTACTATGCCCTGTGAGGGGAAGGGCA
635	TATAACACACCTTAACTACAGGCAAGGCTC
636	TGCTCCTCTCCTCGAGCCACTCGCCGGTCC
637	ATCCTCATTGTCCAGCAGTCGATGTGGATA
638	AACAGAAGAACTTCCAGAGGAGGAGGGAGG
639	CCCTACTATGCCCTGTGAGGGGAAGGGCAG
640	CTGCGCCTGGGCACTACTCAACACTGGGTC
641	AGGAACGCAAGAAGAAGTCCACCAAGGGCA
642	CTTGTTGTGGCCCTGGCAGGTGGGGGGCAT
643	GCTTCCTGCGACCAGTGTCAGGAAGGGTAT
644	GAAGTTATCCTTCTGGTTCACTTGGGGCTT
645	CCTCATCGACTTTGCCATTCAGGTGGGGAA
646	GTGGCCTTGGCGATGTTCTCCAAGAGGGAG
647	TCACTCAGTACACCCCATACCTATCGGGAT
648	GGAGCAGATCACGAGCTTTGCCCTTGGCAT
649	CCCTTTAGCAGAGTCAGGGCATGTTGGGAC
650	TCACACAGGACTATGGAATGGGCCCGGGTC
651	AGATCTCCTCAGATGATGATGCTGTGGTGT
652	AAGGAGAAGATTGAAGGGACCCTTGGGGTT
653	CTCACCTCTGTCTTGGTAGCTGGCTGGCTG
654	TGGCACTCACCTGCAGGTAGTGGCTGGTTC
655	GGACCTCCTGCACCACCCAAACCCTGGTTC
656	TTTCAGTAAGAAGGAAGAGGTGTTTGGGTA
657	TGAAAGGGCAGGATGAACAACGCGAGGGAC
658	GGGGTCCTGAGGGTAAACATCGGGAGGCCC
659	GATGTAGAGGTGGCAATCCGGCAGTGGGAT
660	AACCACAGGGGATGCGGAACTGAAAGGTTC
661	GCGGATTCCTACTGTAGGCTTGTCTGGGGA
662	TGCCACTCACACAGGACTATGGAATGGGCC
663	CTTTTTCTCAGGCTCTAGCAGGGTAGGAGC
664	TCAATAACCAGCCTGCTGTCTCTGGGGATG
665	GAACAGGACTCTGAGCCAGGGGCCCGGCTT
666	CCAGCAGCCTTTAACACATGTCCCTGGACT
667	CATGGAATATTCACTCAGCATCAGTGGCCT
668	TGTGTTATAGAACCAGGGTTTGGGTGGTGC
669	ACCACTACTTTGGGTACCTTTGAGTGGAGG
670	ACCCTCAGGACCCCAAACAGAAGGAGGTGC
671	TTGTCAGCTTCCTCAGGAATGGGTAGGAGA
672	AAATGGGAGCACTGGGAGCAGAAAGGGAGC
673	ACATGAACCTGGCGAAGAAGTTGCAGGTAA
674	CAGGGACATGTGTTAAAGGCTGCTGGGGAA
675	CCATCTACTGCAACGTGGAGCCATCGGAAT
676	GGTCAACATGTCTCTTCTTAACCTTGGTCT
677	CTGCAGCTCACACCTTCACCTACACGGGGC
678	CCTCCTTAGGCTTCACCATTGGACGGGTAC
679	GAACGTGATCGACAAAAGCAGAAGAGGTAA
680	TTGCTAGGTCCCAATCCAAAGATTCGGTTA
681	GGAGGAGGTGGCAGTGGTGGTCGGAGGCAG
682	TCTCCAAGAGGGAGTTCATCTCCTGGGGAG
683	TGGACCGGCGAGTGGCTCGAGGAGAGGAGC
684	CAGTTTAAGCAATTCATCCTCTCCAGGGCG
685	CCTTTAGCAGAGTCAGGGCATGTTGGGACA
686	ACATGTTAGCACCAGCGATAAGAAGGGCTG
687	ACAGGACGGTATGGGTCCACACGAGGGCCA
688	CTCGACATCTGGCTTCTCAGGGGATGGACT
689	AGCAGCAAGACCAAGCCTGTGCTCAGGTCG
690	GCCAAAAACCAGGGGCCGGTGCTGAGGGCA
691	TTACAGAAGATGGCTGAATACTACCGGCCA
692	AGGGTAACAGTGCCTTCACTCAGCAGGTAT
693	GGACATGGACTGACCTCCACTCAAAGGTAC
694	TGGGGCCTCCCGATGTTTACCCTCAGGACC
695	TAGTTAAGGTGTGTTATAGAACCAGGGTTT
696	CATGTTTCTATCCGACCTGAGCACAGGCTT
697	TCCACCCGCTCACTCTCACTTCGAGGGTCC
698	CCCAATCCAAAGATTCGGTTACAAAGGGAG
699	TGTGGGCAGCACTCCAGGGTAAGTTGGTCG
700	AGCTGCTTCTCAAATCCTCGGATCTGGTGG
701	CCTGGTGCACCTGGCTGTAGAGGGAGGTAA
702	TTTACCCTCAGGACCCCAAACAGAAGGAGG
703	CGGGGGCTGCTCCACCCAGTACTGAGGAAC
704	ATCTTCAGCAGTGGGGAAGGCTTCAGGCCG
705	AGGCTCTAGCAGGGTAGGAGCAGGCGGCTC
706	GTTTTCCAACAGTCAGCAGAGACAGGGTCA
707	CCAGCCCCAAGAGAGTGGTGCTGACGGCTT
708	GTAGTTAAGGTGTGTTATAGAACCAGGGTT
709	TACAGCGCTCTGCAGAGGAGCCATCGGACC
710	CAGCTTCTGCATTGGTAAGCGCACAGGACG
711	GGCTCCAGGTAATAGGCGCGGGGCCGGGGC
712	ACTATGCAGCAATCTCTGAGACCAAGGTTA
713	GGCCCTTGCCCCATGATGTAGAGGTGGCAA
714	CCACGGAGTGGGCCATGCTCCTCCTGGAGA
715	GGTACACAGAGGTCTTATAAGAGGAGGGTT
716	ACCTCTTCCTTCTTACTGAAAATGGGGACC
717	CAGGTTGCTGCTGCCGGTACACAGAGGTCT
718	TGAATACTACCGGCCAGGGCCTGCAGGAAG
719	GTGAACCAAGTGTTAATGGCACTCTGGGAT
720	AGAAGTTATCCTTCTGGTTCACTTGGGGCT
721	AGGCCCCAGCCGCGGCCGCTTCAGGGGCCG
722	AGAGCCCCCCAAAACTGACAAACCGGGGGC
723	GGCAGCACTCCAGGGTAAGTTGGTCGGGTG
724	GTTCTAAACCCATGACGCCAGTCATGGTTG
725	CTGGGTCATCGGCAGGATCATCAAAGGGAG
726	ATAAGAAGGGCTGCTGGCTCAATAGGGACA
727	CTTTCCTGCCTCAGGATGAACTGACGGCCT
728	TGGAGTGCTGCCCACAACCATGACTGGCGT
729	GCCTGCTGTCTCTGGGGATGAGCATGGCAG
730	TCCTCTTATAAGACCTCTGTGTACCGGCAG
731	CACTCCAGGGTAAGTTGGTCGGGTGGGCAG
732	ATCAGACTGGCAAGGATTGAGCTGCGGTGT
733	ATTGGTAAGCGCACAGGACGGTATGGGTCC
734	GTGGCTCACACGTGATGACATCTCGGGTCT
735	GATGGTCGTGTCTTCACAGTACTCTGGGGA
736	TGGCCTTGGCGATGTTCTCCAAGAGGGAGT
737	ACAGCATCATCATCTGAGGAGATCTGGAGA
738	CAGCCAGCAGGTGGCGGTCGCAGGAGGAGC
739	GCTGGTTCTGGGTGTACAGGCCTATGGAGC
740	AGCAGCAGATCAAGGAGCGGGGACAGGCAG
741	GGCGTCGTGAAGCATGGGATGAACCGGTCC
742	AGCTACGAACACCGGCCCCTGAAGCGGCCG
743	GAGAATCAGAAGCCGCAGATGAGAAGGGTT
744	GAAGATGGCTGAATACTACCGGCCAGGGCC
745	AAGGTGTGTTATAGAACCAGGGTTTGGGTG
746	CTCTACCACACACACCTGAGGCCCCGGCCC
747	CGTGATGACATCTCGGGTCTGCTTGGGCAG
748	GAACAGAAGAACTTCCAGAGGAGGAGGGAG
749	TCCTGTGCCTGCAGAAGGAGTTGGGGGAGC
750	AGCCCCCCAAAACTGACAAACCGGGGGCTG
751	CAGTGGCTCCAGGTAATAGGCGCGGGGCCG
752	CACACAGGACTATGGAATGGGCCCGGGTCG
753	CTTATGCATGAGGCACTCAAACTGCGGCTC
754	ATCGACTGCTGGACAATGAGGATGGGGAAA
755	ACTTATGGGAGCAGTTACAGAAGATGGCTG
756	TGGCTGGCACTCACCTGCAGGTAGTGGCTG
757	GCCCTTATGGTGTGACAGTGCCTCCGGACC
758	GACCTGCTTATGTGCCCTCAGCACCGGCCC
759	TCACTTACTTCCATCAGACTGGCAAGGATT
760	TCGCTGGTGCTAACATGTCTGAAAGGGCAG
761	GATGAACTGCACATGCTGCACCAGAGGCAA
762	GAACCGCAAAGGGACAGCAGAAACTGGTGG
763	CCTATGGAGCCTTGCCTGTAGTTAAGGTGT
764	CCATTAACACTTGGTTCACTGACTTGGCTG
765	TAAGCAGGTCACTAAAGGGAGTCGAGGGTG
766	GGATGGACTGCCCTTCCCCTCACAGGGCAT
767	CAAGGAGAAGATTGAAGGGACCCTTGGGGT
768	CACAGGGCTCCCTTATCGATACCAAGGGCA
769	TGCACCTGGCTGTAGAGGGAGGTAAGGAGT
770	GAGCCCCCCAAAACTGACAAACCGGGGGCT
771	AGGACAGCCACGATGCACAGGCACAGGCTA
772	CGGATTCCTACTGTAGGCTTGTCTGGGGAA
773	CCCTTCCCCTCACAGGGCATAGTAGGGGAG
774	AGGTGGCAGTGGTGGTCGGAGGCAGGGTGG
775	GTAAACATCGGGAGGCCCCAGCCGCGGCCG
776	CATTGGTAAGCGCACAGGACGGTATGGGTC
777	CCCAGCCGCGGCCGCTTCAGGGGCCGGTGT
778	GGTTCAGAACCTTCAAGATATCCTTGGTGA
779	AGCACCAGCGATAAGAAGGGCTGCTGGCTC
780	CCCCCACCCAAGGAGAAGATTGAAGGGACC
781	CCAAAAACCAGGGGCCGGTGCTGAGGGCAC
782	CGTGTAGGTGAAGGTGTGAGCTGCAGGGTT
783	CGGGGACCAGGGGCTCCAAAGGCAAGGTCC
784	TACACCCCATACCTATCGGGATCATGGTGC
785	TAACACTTGGTTCACTGACTTGGCTGGCAC
786	AGCCATCGGAATCAAATATGCGCTGGGCAC
787	ATCCTGCCGATGACCCAGAGCACAAGGAGG
788	AACCCATGACGCCAGTCATGGTTGTGGGCA
789	GAGATCGAGCAGCAGATCAAGGAGCGGGGA
790	TAGCCAAGCTCCTGGAGAAGAGACAGGCGG
791	GGGTACTTCATACTTTGGAAGTGCTGGACA
792	TGACACATACCTGCAGTAGCTTCCTGGCAT
793	GCAGCTCAATCCTTGCCAGTCTGATGGAAG
794	ACCCATGACGCCAGTCATGGTTGTGGGCAG
795	GAGGGCACATAAGCAGGTCACTAAAGGGAG
796	AATGTCCATAGATTCTGAGAGCCCTGGATC
797	AGAAGAGACATGTTGACCCTTTCATGGGTG
798	GGCAGGTGGGGGGCATGTTTGACACGGTGC
799	ATGAGCTGCATGAGGCGCTGCGCCTGGGCA
800	TTGGCATGTCATACCACTTGCCTCTGGTGC
801	CAGCTGAGGCCAAAAACCAGGGGCCGGTGC
802	AGCTTCTCGGTGTAATCCCACTGCCGGATT
803	ATGAGAGTGCAAGTATACATGTTGTGGGAG
804	AGGGTTTGGGTGGTGCAGGAGGTCCGGAGG
805	AGGCTGTGTGGCGTCGTGAAGCATGGGATG
806	CCGGCCAGGGCCTGCAGGAAGTGGGGGCTG
807	CACACCATAAGGGCCGCTCCGACCCGGGCC
808	GACATCTCGGGTCTGCTTGGGCAGTGGCAG
809	TGGTCTCAGAGATTGCTGCATAGTAGGCAC
810	GCCGGTACACAGAGGTCTTATAAGAGGAGG
811	TGGCAGGATTGAAGCTGACGTTCTTGGCAC
812	TTTCAATAACCAGCCTGCTGTCTCTGGGGA
813	ACCTCCTTCTGTTTGGGGTCCTGAGGGTAA
814	GCCATGCCATCAAGAAAATCACCAAGGATA
815	GAGCAGAAAGGGAGCCAGAGGCGATGGAAC
816	CTGAGAAGCCAGATGTCGAGAAGGAGGTGA
817	GCCATCTGGTCCTGGTTGAGGATGAGGCAG
818	CCGTCAGCACCACTCTCTTGGGGCTGGTTT
819	TCAGGTGGGGAGGATGGGCAGAAGCGGCGA
820	ACACCATAAGGGCCGCTCCGACCCGGGCCC
821	GCAGCACTCCAGGGTAAGTTGGTCGGGTGG
822	AGTCATGGTTGTGGGCAGCACTCCAGGGTA
823	GAAGCCGTCAGCACCACTCTCTTGGGGCTG
824	GCCGGATTGCCACCTCTACATCATGGGGCA
825	ATCGGCAGGATCATCAAAGGGAGAGGGAGG
826	CCGATGGCTCCACGTTGCAGTAGATGGTGT
827	TCTTGTTGCCCTTGGTATCGATAAGGGAGC
828	AGGCACTAGGACAGCACAGGAGGATGGTCT
829	AGCGCCAGTCAGACAGTCTGGAAAAGGTTC
830	TGCCGGATTGCCACCTCTACATCATGGGGC
831	TCCAGAAACTGCAGGAGGACATCCTGGAAA
832	CTCAGGCTCTAGCAGGGTAGGAGCAGGCGG
833	TTCTATCCGACCTGAGCACAGGCTTGGTCT
834	CCGAGTGGACCGGCGAGTGGCTCGAGGAGA
835	GGGATGGACTGCCCTTCCCCTCACAGGGCA
836	CCCCTGAGAAGCCAGATGTCGAGAAGGAGG
837	ACGTTGTAATACCCTTCCTGACACTGGTCG
838	AAGCAGGTCACTAAAGGGAGTCGAGGGTGT
839	CCGGCCCCTGAAGCGGCCGCGGCTGGGGCC
840	CGGCCCCTGAAGCGGCCGCGGCTGGGGCCT
841	CACCTCCTTCTGTTTGGGGTCCTGAGGGTA
842	GCATGGCCCACTCCGTGGTCTGCTGGGTGC
843	AGTGGGGGCTGTGGTTCCACGATAGGGCCC
844	ACAGCCCCCACTTCCTGCAGGCCCTGGCCG
845	CCCCCACTTCCTGCAGGCCCTGGCCGGTAG
846	AGAACGTCAGCTTCAATCCTGCCAAGGTGA
847	TTCAATAACCAGCCTGCTGTCTCTGGGGAT
848	ATCGCTGGTGCTAACATGTCTGAAAGGGCA
849	CCTTCCCCTCACAGGGCATAGTAGGGGAGA
850	TCCTTCTCGACATCTGGCTTCTCAGGGGAT
851	TTGGGGCTTCCTGCGACCAGTGTCAGGAAG
852	TGCAGCTCACACCTTCACCTACACGGGGCT
853	CACAGGACGGTATGGGTCCACACGAGGGCC
854	GTCCGGAGGCACTGTCACACCATAAGGGCC
855	GCCCCCACCCAAGGAGAAGATTGAAGGGAC
856	CGGGGACAGGCAGTTGAAGTTCGCTGGTCT
857	AGGGACATGTGTTAAAGGCTGCTGGGGAAG
858	TTTGGTTTGCAATCATCTAAGTACTGGTCA
859	CACTGGGAGCAGAAAGGGAGCCAGAGGCGA
860	CATCGACTGCTGGACAATGAGGATGGGGAA
861	CTGCTCCTCTAACAATGGCACTTGTGGTTT
862	TCAGATGACTCCCAGCTCTTCCTACGGTTT
863	GCTCCTCCTGCGACCGCCACCTGCTGGCTG
864	GAGTGGAGGTCAGTCCATGTCCATAGGTGG
865	AGCAGGCGGCTCCTCATCTTCTGGGGGCAG
866	CTCAGTACTGGGTGGAGCAGCCCCCGGTTT
867	GACATGTTAGCACCAGCGATAAGAAGGGCT
868	ATAGAACCAGGGTTTGGGTGGTGCAGGAGG
869	CAAGGGTCCCTTCAATCTTCTCCTTGGGTG
870	AGATCGAGCAGCAGATCAAGGAGCGGGGAC
871	TGGTCGGGTGGGCAGCTTCTGCATTGGTAA
872	AGCGGGTGGGGATGCTTTACTTGTTGGACT
873	GCTGCCCACCCGACCAACTTACCCTGGAGT
874	GACATCCTGGAAAATGGGAGCACTGGGAGC
875	TTACCTGGGAAGTCTGCAAACCGTAGGAAG
876	GAACCAGGGTTTGGGTGGTGCAGGAGGTCC
877	ACATCGACTGCTGGACAATGAGGATGGGGA
878	GCACTGTTACCCTCTGGCATGGGCAGGTTG
879	GAGCCATCGGAATCAAATATGCGCTGGGCA
880	GGTTCTATAACACACCTTAACTACAGGCAA
881	GGCAGTGGCTCCAGGTAATAGGCGCGGGGC
882	TGCGGGAGATCGAGCAGCAGATCAAGGAGC
883	TCCGGAGGCACTGTCACACCATAAGGGCCG
884	CTTGGTGATGATCTGAGTCCATTCTGGAGG
885	TGGAGAAGAGACAGGCGGAGATTGAGGCTG
886	TGAACCAAGTGTTAATGGCACTCTGGGATC
887	CTGTTGGCGAAGGCGCTGTCCTTGGGGCAC
888	CAGCCTCCTTGTGCTCTGGGTCATCGGCAG
889	GAAAGGTTCAGGCTTCACTGTGACAGGAGG
890	TGGGGGAGCGCCAGTCAGACAGTCTGGAAA
891	ATAGTACCTGGGGGATGGGAAAATGGGTGG
892	CCCTTCAATCTTCTCCTTGGGTGGGGGCTT
893	GGTGTTCGTAGCTCAAGATCCCGAAGGCCG
894	TCGTGATCTGCTCCAGAACATTCCGGGAGA
895	CCTCCCTCTACAGCCAGGTGCACCAGGTAC
896	CACTGCCACTGCCCCCAGAAGATGAGGAGC
897	TGGAGGTCAGTCCATGTCCATAGGTGGGGG
898	TGTACCTGGTGCACCTGGCTGTAGAGGGAG
899	CAAAGATATCTTCAGCAGTGGGGAAGGCTT
900	TGGTGCCCCACACAGACGTGCATAAGGGCA
901	TGGGGGCTGAGGAGCAGGGGTGGTGGGTAG
902	GGTCCCTTCAATCTTCTCCTTGGGTGGGGG
903	AGGTCAGTCCATGTCCATAGGTGGGGGCCT
904	GCAGTGGCTCCAGGTAATAGGCGCGGGGCC
905	TTGAAGCCGTCAGCACCACTCTCTTGGGGC
906	CTATACTCCTTATGTTTCTCATGTGGGATT
907	GAGGCCGGGGACCAGGGGCTCCAAAGGCAA
908	GCTGGGGGGCACCATGGTACCTGCAGGGCC
909	GTCACCAGCCAGAAGTTATCCTTCTGGTTC
910	CAACCAGCGGTTGGTCGTACTGTTTGGGGT
911	CCCAGGGCGAGATCTTCTGTTTGGTGGAAA
912	TGCTAGTTGGGGGCTGAGGAGCAGGGGTGG
913	TGACTCCCTTTGTAACCGAATCTTTGGATT
914	AGGGCACATAAGCAGGTCACTAAAGGGAGT
915	GGCAGATGCTGCGCAGCACGTACTTGGCAT
916	GGAACCACAGCCCCCACTTCCTGCAGGCCC
917	TTCCTGTGCCTGCAGAAGGAGTTGGGGGAG
918	CTGCTTACCTGCAACTTCTTCGCCAGGTTC
919	CAGGACTATGGAATGGGCCCGGGTCGGAGC
920	AGTCTGCAAACCGTAGGAAGAGCTGGGAGT
921	CTTATCAGGTCTCCCGGAATGTTCTGGAGC
922	CTTAGCAAAGATATCTTCAGCAGTGGGGAA
923	GGTAGTGGCTGGTTCTGGGTGTACAGGCCT
924	GTACCTGGTGCACCTGGCTGTAGAGGGAGG
925	CGGCTCCTCATCTTCTGGGGGCAGTGGCAG
926	GGAGGTCAGTCCATGTCCATAGGTGGGGGC
927	AAGAATTGGAGAAGGGTCAGCACCTGGGTT
928	CTCACTATCTTTGCCTGGAGCTGTTGGCGA
929	CTCCTTGTGCTCTGGGTCATCGGCAGGATC
930	AAGTGGGGGCTGTGGTTCCACGATAGGGCC
931	GGAACGCAAGAAGAAGTCCACCAAGGGCAA
932	ATCATGGGTGTCTGCTGCAGTGTCTGGTGT
933	CTCCCCAGGAGATGAACTCCCTCTTGGAGA
934	TCCTAGTGGCTGGCACTCACCTGCAGGTAG
935	GGCAGTGGGATTACACCGAGAAGCTGGCCA
936	ACGACCAACCGCTGGTTGCACTCATGGCTG
937	GTCCAGGCACTACTCACATTGTTAGGGGTC
938	GATGGGCAGAAGCGGCGACGCAACCGGCCT
939	ATCTTGTTGCCCTTGGTATCGATAAGGGAG
940	CCCACCCGTGAACCACAGGGGATGCGGAAC
941	GCTGCTAGTTGGGGGCTGAGGAGCAGGGGT
942	GAGGTCAGTCCATGTCCATAGGTGGGGGCC
943	AGAGGCAAGTGGTATGACATGCCAAGGGCA
944	GAACAGTCCGAGTGGACCGGCGAGTGGCTC
945	CCTCGAGCCACTCGCCGGTCCACTCGGACT
946	CCGCCACCTGCAACAGCGGCCCAGTGGCTA
947	GAGGCCCCAGCCGCGGCCGCTTCAGGGGCC
948	TAGGAAGAGCTGGGAGTCATCTGATGGACA
949	AATAGTACCTGGGGGATGGGAAAATGGGTG
950	TGTGCACCAGCAGGCCCCCACCTATGGACA
951	CTTCTTCTTGCGTTCCTCAGTACTGGGTGG
952	CCTTAACTACAGGCAAGGCTCCATAGGCCT
953	GTCCCTTCAATCTTCTCCTTGGGTGGGGGC
954	TGCCCACAACCATGACTGGCGTCATGGGTT
955	CTGGGGGGCACCATGGTACCTGCAGGGCCT
956	CAGAAGTTATCCTTCTGGTTCACTTGGGGC
957	GTACCTACCTGTAGGATACAGCTGAGGCCA
958	CCTGGTACCCATAGGATGGAATGCTGGACA
959	TCTTCCTGTGCCTGCAGAAGGAGTTGGGGG
960	GCTGGCTGCGTTTCTTGCCCTTGGTGGACT
961	TTCAGAGGCACAATAGGAGCAAGCTGGTCT
962	CTATGGAATGGGCCCGGGTCGGAGCGGCCC
963	TATGTTCTATGCCCTCAGGATCCAGGGCTC
964	TGGCAGTGGTGGTCGGAGGCAGGGTGGCCG
965	TCTTGCCTAGCCCCGTGTAGGTGAAGGTGT
966	TGGTTTGGAACAGTCCGAGTGGACCGGCGA
967	GCCCACAACCATGACTGGCGTCATGGGTTT
968	ACTTAGCAAAGATATCTTCAGCAGTGGGGA
969	GCAATGCCCTTATGCACGTCTGTGTGGGGC
970	CGGTTCTGGGAGGCAGCCAGCAGGTGGCGG
971	TGCCCAGCGCATATTTGATTCCGATGGCTC
972	GATCCCAGGGCGAGATCTTCTGTTTGGTGG
973	TGTGGATAGCAAATGAGCTGCATGAGGCGC
974	AGGGAGAGGGAGGCCGGGGACCAGGGGCTC
975	TCCAAATATGTTGGTACTGGGCTGTGGCTG
976	CTACCGGCCAGGGCCTGCAGGAAGTGGGGG
977	CTGTGTACCGGCAGCAGCAACCTGCGGTGC
978	CACCTGCAGGTAGTGGCTGGTTCTGGGTGT
979	CACAGGCTTGGTCTTGCTGCTGCTGGGCAT
980	TCTTTTCTCCCTTTAGCAGAGTCAGGGCAT
981	TCAATCTCCGCCTGTCTCTTCTCCAGGAGC
982	TGACTGCTCACACCATCCAGCTGCAGGGCC
983	GAAGGGTGGGTGCTCTGGTAAGGCTGGCTG
984	CTTCCTACGGTTTGCAGACTTCCCAGGTAA
985	GCCCTTCCCCTCACAGGGCATAGTAGGGGA
986	TGGGGCACCGCAGGTTGCTGCTGCCGGTAC
987	AGGCAGCCAGCAGGTGGCGGTCGCAGGAGG
988	ATTGCAGCAACACACAGGCCCTGCAGGTAC
989	AGAGACAGGCGGAGATTGAGGCTGAGGTTA
990	CTGGCAGAGTTGTCTCACCTTGGCAGGATT
991	GGGCCTGCTGGTGCACATAGCCACTGGGCC
992	CGCCCTGGGCACTCATTGGAGTCATGGTAC
993	TGTGTGGGGCACCATGATCCCGATAGGTAT
994	GGACATCCTGGAAAATGGGAGCACTGGGAG
995	GGGTGTGCTGCTAGTTGGGGGCTGAGGAGC
996	GAATCTTTGGATTGGGACCTAGCAAGGATG
997	CGATCCCAGAGTGCCATTAACACTTGGTTC
998	TACTGTGAGGTACCTAAGAATGTCAGGTCT
999	CTGCAGGAGGACATCCTGGAAAATGGGAGC
1000	CACTGGGCCGCTGTTGCAGGTGGCGGGTAG
1001	AGGGCCTGCAGGAAGTGGGGGCTGTGGTTC
1002	CCAAGCTCCTGGAGAAGAGACAGGCGGAGA
1003	ATCTCCCCAACTTCCCCACCTGAATGGCAA
1004	CCAGGGACATGTGTTAAAGGCTGCTGGGGA
1005	ACTGCAGGAGGACATCCTGGAAAATGGGAG
1006	AGGTGTGTTATAGAACCAGGGTTTGGGTGG
1007	CCACTGGGCCGCTGTTGCAGGTGGCGGGTA
1008	GTCCTCAAAGAGAACACTGGAACTAGGGTC
1009	TAGTTGGGGGCTGAGGAGCAGGGGTGGTGG
1010	ACTCAGATCATCACCAAGTACTTATGGGAG
1011	ATCTTTGCCTGGAGCTGTTGGCGAAGGCGC
1012	GGACATGCTGAGCGTGCTCATCAATGGGAC
1013	GACAGCGCCTTCGCCAACAGCTCCAGGCAA
1014	GAGGTGGCAGTGGTGGTCGGAGGCAGGGTG
1015	CCAGCAGGCCCCCACCTATGGACATGGACT
1016	AGGGGATGCGGAACTGAAAGGTTCAGGCTT
1017	GGCCTGCTGGTGCACATAGCCACTGGGCCG
1018	GTGGCTCGAGGAGAGGAGCAGCAGCGGTTG
1019	TGGTAAGGCTGGCTGGAGTAGCTGGGGGGC
1020	GAGCAGGCGGCTCCTCATCTTCTGGGGGCA
1021	CTCATCTTCTGGGGGCAGTGGCAGTGGCTC
1022	AAGGCGCTGTCCTTGGGGCACCGCAGGTTG
1023	AAGTCTGCAAACCGTAGGAAGAGCTGGGAG
1024	AACCAGCGGTTGGTCGTACTGTTTGGGGTG
1025	GCTGCCTTCAGCCTCCTTGTGCTCTGGGTC
1026	GAGGGAGGAGGTGGCAGTGGTGGTCGGAGG
1027	GTAGCGTCCAAATATGTTGGTACTGGGCTG
1028	TAGCCACTGGGCCGCTGTTGCAGGTGGCGG
1029	AGCCACTCACGCAACTAGCCAAAAAGGTAA
1030	CCTTTGTAACCGAATCTTTGGATTGGGACC
1031	GTCTCCAGGATTCAGAGGCACAATAGGAGC
1032	GATCCTACCCGCCACCTGCAACAGCGGCCC
1033	GGGTAGGATCTACAAGAGTAGGATTGGTAG
1034	GTACACGGAGACTGGCCCTGCAGCTGGATG
1035	TTGTAGTGAACAGGACTCTGAGCCAGGGGC
1036	CAAGAGTAGGATTGGTAGAAGGGTGGGTGC
1037	GGGCTGGGCAAGATGGCGGCCTTCGGGATC
1038	ATATGTTGGTACTGGGCTGTGGCTGGGTAT
1039	TACCCCTCAAAGACCTGTGCCATCTGGTCC
1040	TGCTCAGGTAGGATGGCTGTTGAACGGACG
1041	CTCAGATCATCACCAAGTACTTATGGGAGC
1042	TGTCTAGCATCTCGCAAGGTAGCATGGAGG
1043	TGAGAAACATAAGGAGTATAGCCCTGGAGG
1044	ATGGTCGTGTCTTCACAGTACTCTGGGGAA
1045	TGCTCGATCTCCCGCAACTTTGCACGGACC
1046	GAATGTCAGGTCTCCAGGATTCAGAGGCAC
1047	TGAGCTGCATGAGGCGCTGCGCCTGGGCAC
1048	ACCGGCCCCTGAAGCGGCCGCGGCTGGGGC
1049	CCAGAGATCTGTACCTGGTGCACCTGGCTG
1050	GGTCCAGGCACTACTCACATTGTTAGGGGT
1051	AGCTGTTGGCGAAGGCGCTGTCCTTGGGGC
1052	TCCTCAAAGAGAACACTGGAACTAGGGTCA
1053	AGTGGACCATGCGCCAGTCTTCCTTGGAGC
1054	TGAAGCCGTCAGCACCACTCTCTTGGGGCT
1055	CATTGGAGTCATGGTACTTATCATGGGTGT
1056	AGTAGCGTCCAAATATGTTGGTACTGGGCT
1057	CTGGTAAGGCTGGCTGGAGTAGCTGGGGGG
1058	CCAAGTCAGTGAACCAAGTGTTAATGGCAC
1059	AGAGGAGGAGGGAGGAGGTGGCAGTGGTGG
1060	TACCATGACTCCAATGAGTGCCCAGGGCGT
1061	AATATGTTGGTACTGGGCTGTGGCTGGGTA
1062	GAGATGTCATCACGTGTGAGCCACAGGGCT
1063	CAGGATTGAACTTACTGAGAAATCAGGCTT
1064	CCAGGAGGAGCATGGCCCACTCCGTGGTCT
1065	ATGGGCTGTCAGCTGCAAGCGTTCTGGTCG
1066	CCTCAGTCCAGGGACATGTGTTAAAGGCTG
1067	CTGGCTGGCTGCGTTTCTTGCCCTTGGTGG
1068	AATGCGCTTTATGCGCTGCCGCTGGGGGTT
1069	GGATTGGTAGAAGGGTGGGTGCTCTGGTAA
1070	GCTCCAGGTAATAGGCGCGGGGCCGGGGCC
1071	TCATTTGCTATCCACATCGACTGCTGGACA
1072	GAAACATGAACATGGCCAGCTTCTCGGTGT
1073	GTGGCGGGTAGGATCTACAAGAGTAGGATT
1074	GGCCCAGTGGCTATGTGCACCAGCAGGCCC
1075	ACGGCTCCATCCACGATGCGGTTCTGGGAG
1076	ACCCTAGTTCCAGTGTTCTCTTTGAGGACA
1077	AAGGGTCCCTTCAATCTTCTCCTTGGGTGG
1078	GACATGCTGAGCGTGCTCATCAATGGGACA
1079	TGGAACATGCCTCCTTCTTGAAGATGGAAT
1080	TGGCTCAGTAGCGTCCAAATATGTTGGTAC
1081	GTACCATGACTCCAATGAGTGCCCAGGGCG
1082	TTCGAACGCACCTCCTTCTGTTTGGGGTCC
1083	TTCCACCCGCTCACTCTCACTTCGAGGGTC
1084	AACACACAGGCCCTGCAGGTACCATGGTGC
1085	TCTACAAGAGTAGGATTGGTAGAAGGGTGG
1086	TTATGTTCTATGCCCTCAGGATCCAGGGCT
1087	TGCTCCTATTGTGCCTCTGAATCCTGGAGA
1088	GGTAGAAGGGTGGGTGCTCTGGTAAGGCTG
1089	TGGGGCTGGGACTGGGGCTGGGGTTGGGGA
1090	GGGGCTGGGACTGGGGCTGGGGTTGGGGAG
1091	AGCTCTCTAGAGCGCTCTGGTGTATGGCTG
1092	AAGATGGCTGAATACTACCGGCCAGGGCCT
1093	TGCTGGGGAATAGTACCTGGGGGATGGGAA
1094	GTACCTGGGGGATGGGAAAATGGGTGGCGT
1095	ACTTCTTCTTGCGTTCCTCAGTACTGGGTG
1096	AGGATCCAGGGCTCTCAGAATCTATGGACA
1097	TCATTGGAGTCATGGTACTTATCATGGGTG
1098	GCTATACTCCTTATGTTTCTCATGTGGGAT
1099	GGCCGGTGCTGAGGGCACATAAGCAGGTCA
1100	ATCTACAAGAGTAGGATTGGTAGAAGGGTG
1101	GGTACCTAAGAATGTCAGGTCTCCAGGATT
1102	TCCTCTGCCACTCACACAGGACTATGGAAT
1103	CAGAGCCCCCCAAAACTGACAAACCGGGGG
1104	ACATTGCAGGTCCGTGCAAAGTTGCGGGAG
1105	CTCCTTCTCGACATCTGGCTTCTCAGGGGA
1106	TTTCGAACGCACCTCCTTCTGTTTGGGGTC
1107	CCATGTCCATAGGTGGGGGCCTGCTGGTGC
1108	ACATAGCCACTGGGCCGCTGTTGCAGGTGG
1109	CCAATCCAAAGATTCGGTTACAAAGGGAGT
1110	TAGGGCCCTTGCCCCATGATGTAGAGGTGG
1111	GCTGTTGGCGAAGGCGCTGTCCTTGGGGCA
1112	GCTGCTGCTGCTGCTCAGGTAGGATGGCTG
1113	TGAGCCAGCAGCCCTTCTTATCGCTGGTGC
1114	TGAACCAGAAGGATAACTTCTGGCTGGTGA
1115	CTTCCTGTGCCTGCAGAAGGAGTTGGGGGA
1116	CTCGTGATCTGCTCCAGAACATTCCGGGAG
1117	GCAGTGGCAGTGGCTCCAGGTAATAGGCGC
1118	TCATCGCTCGGCAGTGTTTGCTCCTGGAAG
1119	TGCCTGGACGCCCTGGGCACTCATTGGAGT
1120	TCCCTTCAATCTTCTCCTTGGGTGGGGGCT
1121	TTATGTGCCCTCAGCACCGGCCCCTGGTTT
1122	GGAGCAGGCGGCTCCTCATCTTCTGGGGGC
1123	TGTAGTCCAGCAGCTACCTGGGGCTGGGAC
1124	ACAGTGCCTGTGATGCGGGCTGCCTGGCTC
1125	GCTGTGGTGTCATTGCTATGTGAATGGGCT
1126	GCTACCTGGGGCTGGGACTGGGGCTGGGGT
1127	CTCACTCTCACTTCGAGGGTCCGCTGGAGG
1128	AATGAGTGCCCAGGGCGTCCAGGCAGGCGT
1129	CGGGCTGGGCAAGATGGCGGCCTTCGGGAT
1130	AGAAGCTGGCCATGTTCATGTTTCAGGTAG
1131	CCAGCAGCTACCTGGGGCTGGGACTGGGGC
1132	TTGCCTACTTCTGTACACGGAGACTGGCCC
1133	AAGAACAAATTTGGGGAGCTCTTCAGGTAA
1134	AGAAGGAGGTGAAGCCCCCACCCAAGGAGA
1135	TATCTTGAAGGTTCTGAACCGCAAAGGGAC
1136	ACAAGAGTAGGATTGGTAGAAGGGTGGGTG
1137	AACGGACGCCTGCCTGGACGCCCTGGGCAC
1138	GGGCCGCTGTTGCAGGTGGCGGGTAGGATC
1139	GGAGTCGAGGGTGTGCTGCTAGTTGGGGGC
1140	GAGTGCCTCATGCATAAGCTGCTTTGGTTT
1141	TGAGTAGTGCCAAACCAAGGCACTAGGACA
1142	GCCACAGCCCAGTACCAACATATTTGGACG
1143	GCCGCCTGTTGCTGCTGTTGCTGCTGGTGT
1144	CTCTTTTCTCCCTTTAGCAGAGTCAGGGCA
1145	CTGGGACTGGGGCTGGGGTTGGGGAGGAGC
1146	TTTTCGAACGCACCTCCTTCTGTTTGGGGT
1147	GGGCTGGGACTGGGGCTGGGGTTGGGGAGG
1148	AGCATGGCCCACTCCGTGGTCTGCTGGGTG
1149	CCACCAGTTTCTGCTGTCCCTTTGCGGTTC
1150	GTGGCCTCATCGACTTTGCCATTCAGGTGG
1151	CTAGAGAGCTGTTGTTGAAGTTGCCGGACC
1152	TCACCTGCAGGTAGTGGCTGGTTCTGGGTG
1153	GAATCCTGGAGACCTGACATTCTTAGGTAC
1154	AACTGTCCCCTCAGGTGGGGAGGATGGGCA
1155	GGCCCCGGCCCCGCGCCTATTACCTGGAGC
1156	GCACTACTCAACACTGGGTCTTGCAGGTCA
1157	GGGAGTCGAGGGTGTGCTGCTAGTTGGGGG
1158	GTCGATCACGTTCTTTGCGTGAAGAGGAAC
1159	GAACACCGGCCCCTGAAGCGGCCGCGGCTG
1160	CTATTTCCACCCAGTTCCAGCGCCAGGGGC
1161	TCTCTGCAATAATGCTGCTGAAGTTGGAAC
1162	TTTCAACTGTCCCCTCAGGTGGGGAGGATG
1163	GGCAGCGCATAAAGCGCATTCTCCAGGTAG
1164	ATGTGCAGTTCATCTTCGACCTCATGGAAT
1165	CAGCAGCAGCAGCAGTACCACATCCGGCAG
1166	ATGGCTGTTGAACGGACGCCTGCCTGGACG
1167	CTCCAATGAGTGCCCAGGGCGTCCAGGCAG
1168	ATTTCCACCCAGTTCCAGCGCCAGGGGCTT
1169	TGCGCCTGGGCACTACTCAACACTGGGTCT
1170	CTACCCTGCTAGAGCCTGAGAAAAAGGCTC
1171	CTGCCTTCAGCCTCCTTGTGCTCTGGGTCA
1172	TTTCTATTCTAGATTGTGAATAATTGGCGA
1173	GGGCTTCACCTCCTTCTCGACATCTGGCTT
1174	TATTTCCACCCAGTTCCAGCGCCAGGGGCT
1175	CCCGCATCACAGGCACTGTGTATTTGGCTA
1176	GCTGAAGCCCCTGGCGCTGGAACTGGGTGG
1177	GAGCAGCCCCCGGTTTGTCAGTTTTGGGGG
1178	CATCATGGGGCAAGGGCCCTATCGTGGAAC
1179	GCACAGGCTTGGTCTTGCTGCTGCTGGGCA
1180	AGGACCAGATGGCACAGGTCTTTGAGGGGT
1181	CTCCAGGTAATAGGCGCGGGGCCGGGGCCT
1182	TGTTCTCAAGGCTGTGTTTGTACTTGGTAC
1183	GATAAGAAGGGCTGCTGGCTCAATAGGGAC
1184	GTAGTCCAGCAGCTACCTGGGGCTGGGACT
1185	AAGACCCAGTGTTGAGTAGTGCCCAGGCGC
1186	AGGAGCAGGCGGCTCCTCATCTTCTGGGGG
1187	TGCTGAAGCCCCTGGCGCTGGAACTGGGTG
1188	ACTGTCCCCTCAGGTGGGGAGGATGGGCAG
1189	ACCAGCAGCAACAGCAGCAACAGGCGGCTC
1190	AGCAGCTACCTGGGGCTGGGACTGGGGCTG
1191	CAAATTTGTTCTTTAAATGGCTACAGGAGG
1192	GTTGGAAAACCTCGATTGTGGCCTTGGCGA
1193	TTGGGGGCTGAGGAGCAGGGGTGGTGGGTA
1194	GCAGACAAAGCTGTAGCGGTTAGCAGGGTT
1195	ACATCTCTGTGGAGACAGCCAGTCTGGATG
1196	CATTGCAGGTCCGTGCAAAGTTGCGGGAGA
1197	TCTGGTAAGGCTGGCTGGAGTAGCTGGGGG
1198	TGGGTCTGCTGAAGCCCCTGGCGCTGGAAC
1199	GATGACCCTGTCTCTGCTGACTGTTGGAAA
1200	GTTCCAGTGTTCTCTTTGAGGACATGGAGA
1201	GGAGGCCCCAGCCGCGGCCGCTTCAGGGGC
1202	AGCACCACTCTCTTGGGGCTGGTTTGGAAC
1203	AGAATGCGCTTTATGCGCTGCCGCTGGGGG
1204	TCCAGGATGTCCTCCTGCAGTTTCTGGATA
1205	ACGTGCTGCGCAGCATCTGCCAACAGGTCA
1206	GAACGGACGCCTGCCTGGACGCCCTGGGCA
1207	GGGCCCGGGTCGGAGCGGCCCTTATGGTGT
1208	GGTGGGTGCTCTGGTAAGGCTGGCTGGAGT
1209	AAAGCTGCTGTCTGTTGCTGCTGCTGGGTC
1210	AAGCTGCTGTCTGTTGCTGCTGCTGGGTCT
1211	CAGCAACAGACAGCAGCTTTGGTCCGGCAA
1212	AGCAGCAGCAACAGACAGCAGCTTTGGTCC
1213	GAATGCGCTTTATGCGCTGCCGCTGGGGGT
1214	GGTTTTCCAACAGTCAGCAGAGACAGGGTC
1215	GGCGCTCACCTCTGTCTTGGTAGCTGGCTG
1216	TAATAGGCGCGGGGCCGGGGCCTCAGGTGT
1217	CAGCAGCTACCTGGGGCTGGGACTGGGGCT
1218	ATGAAATCCCAGTGCCTTACCCGCAGGATC
1219	CATCTCCCGAGGGGACCTTGCCTTTGGAGC
1220	TGCTGCTGGGTCTGCTGAAGCCCCTGGCGC
1221	GGCTGTGACAGTTCCCAGCGGGTCCGGATA
1222	TCTGAGGAGGAACTGATGATGGCATGGAAG
1223	GAATTCCGAAGTTCAGCTGCATGCTGGTTT
1224	GGACTTACATTGGTGATGATTCGATGGAGT
1225	TCATTTAGAAAGACTGATTGCCCTAGGACT
1226	AAGGTGAACTGGTTCTCATCTACTAGGCAG
1227	CTACCAAGCTGGGACTTCCAAAGCTGGGAA
1228	ACTAAGAAAGTAACAACGTGGAAGAGGTAG
1229	AGTAAATCCACTTACCTATAGGAAGGGTCA
1230	GAAAGTAACAACGTGGAAGAGGTAGGGAAG
1231	TGCTTCATACGGTGAGACAATGGCAGGATT
1232	ATGCAAAGCCATATGAAATTGTAGTGGACC
1233	GAAGTGTGTGCCACTGTTTATACCAGGTAT
1234	CTGTTTTAAAGCGATTGCTAGGCCCGGTAT
1235	CAAAAGCCAAAATGGAAGATGGCCAGGTAA
1236	GGCAGTACAGCAGAATTAATTACAGGGCTC
1237	AGTTACAGTTATAGATATAGACTGCGGAGA
1238	CAAGATTCGGCCAAAAGATGTCCCTGGGAC
1239	AAAAGCAACTTTGATGCAGCACGCAGGTAA
1240	TTATCTTGTGTCCAGAAATAATCCAGGATA
1241	GTTAAATAGCATTGGATACAGAGCAGGACT
1242	AAAAAGCCACCACCTAGAATCGAAAGGGGC
1243	TGGCTTCACACTCCTGGTGCATGAAGGTGA
1244	TGGCTGATCGGTTTGAGAGATTGGTGGAAC
1245	TACCAGCACATAGTGAAATGTAGAAGGTGA
1246	ATTGGTGGAACTGGTCACAATGATGGGTGA
1247	AATGTGCAGAAAAGCTATTTGACTTGGTGG
1248	AGCAATCTCTGGCATGTGTGACTGAGGGAC
1249	CTTTGTTTGGAATACATGACTCCATGGCTG
1250	TGCAAAATTAAAACGACTCCTGAAGGGTAA
1251	TGCATGAAGGTGAGCGGCGTGCCCTGGTTT
1252	TGGTTTGTTCTACAAATTGAGTATTGGTAT
1253	TTGCAGTGCCACTCCAGAGGATTCCGGATT
1254	GAGCAGCACTTCAGAAAAGAGTGATGGCAC
1255	AGAAAGTAACAACGTGGAAGAGGTAGGGAA
1256	CTCTTCACAAAAGAAGAACATATGCGGCCT
1257	CCACATTAGGCTTAGGTTACCACAAGGATC
1258	TTCGAAGTTGAGGGGGGAATTCTGAGGAGG
1259	TGCCAGAGATTGCTCAGGAAGCAATGGAGG
1260	TCTTTTGGCCGAATCTTGGTGTGTTGGGGG
1261	GGGCTTATACGAAAGCAAGAAACAAGGCAG
1262	GTGGCTACTAAGAAAGTAACAACGTGGAAG
1263	ATCCTTACCAGCCATATCAGTCTGTGGGAT
1264	CCCTTAGAGCTTCCACACATGGACTGGTCA
1265	GTGAGGAAGCAGATATCCGGTGTGGGGTGG
1266	AAAGCCACCACCTAGAATCGAAAGGGGCTT
1267	TTAGGCAGTTCTGACCCGAGTTTACGGTAG
1268	GGCATGTGTGACTGAGGGACCAGTTGGACG
1269	TGGTTTGCAATGGTTAAGGTGAACTGGTTC
1270	CCTTCAGGTCCTCTTCTAAAGCCAAGGTGG
1271	GACTGGACAATGGCTTCACACTCCTGGTGC
1272	AGTCGGGCTGTGACAGTTCCCAGCGGGTCC
1273	TGGCCGCGCACAGGCCGGTGGAATGGGTCC
1274	TGGCACACACTTCGAAGTTGAGGGGGGAAT
1275	CTGAACTTCGGAATTCTGCCTCTGGGGTTT
1276	AGTTCTGACAAAAATCCTTCAACAAGGCAC
1277	GAAGTTGAGGGGGGAATTCTGAGGAGGAAC
1278	GCAGTTCTGACCCGAGTTTACGGTAGGTTT
1279	TTTTCATAGACTGTCCTGGGAAACTGGCTG
1280	TGTGTCAATTAGTTGAAGTAATGATGGCAA
1281	GCTCAATATCGCATTACTTAATTTAGGCAG
1282	AGGGAGTACACCAAGTATCATGAGCGGCTG
1283	ACAGTGGCACACACTTCGAAGTTGAGGGGG
1284	TCCCTGCTTCATACGGTGAGACAATGGCAG
1285	TAGAATTGTTACAGTATATCAATGTGGATT
1286	CACAAACCTGTGGCAGATACACACTGGTCC
1287	TAATGCGATATTGAGCAGTGTCCCAGGGAC
1288	CTCTTCTAAAGCCAAGGTGGCAGCAGGTAG
1289	GGTATCCTTCAGAACCTTTGGGAGAGGACC
1290	ATCGGTTTGAGAGATTGGTGGAACTGGTCA
1291	TTTTAAAAAACCTACCGTAAACTCGGGTCA
1292	GCCATTGTCTCACCGTATGAAGCAGGGATT
1293	ACAATGGCAGGATTGATAAATCTGAGGAAC
1294	ACCAATGCTCTCACCTTAAAGTGTTGGTTG
1295	CAGGATTGATAAATCTGAGGAACATGGCAC
1296	GTAGGACAATCAGATGCTATATCAAGGAAA
1297	CTGACTGGCCTCAAAGGTAGCAAAAGGCTT
1298	TGGATTATTTCTGGACACAAGATAAGGAGA
1299	CAGAAGATTATAGGCAGCTGACCTAGGAGA
1300	CACCTTCTACATTTCACTATGTGCTGGTAA
1301	CGGGTCCGGATATGAATGATAGACTGGACA
1302	GGACAGTCTACGAAAAGCTCTTGCTGGCCA
1303	GAGTCGGGCTGTGACAGTTCCCAGCGGGTC
1304	ATTGTAGTGGACCTTACCCATACCGGGCCT
1305	GTCTTACTAATAGAGACAATAAAGAGGGTG
1306	AGTGGCACACACTTCGAAGTTGAGGGGGGA
1307	AGATACTTATAGCTTCTTGTCTCCAGGTCT
1308	CAAAGCTAACATGTTGCCAATCAGAGGATG
1309	TGTATTAGCAAACGAGTGTCTCATGGGCAG
1310	CGATTGCTAGGCCCGGTATGGGTAAGGTCC
1311	TCAGCAGAGCGAACAAAAGTCCTAGGGCAA
1312	CCTTGTTGTGCTCAGTACTGACTTTGGTAT
1313	ACACTCCTGGTGCATGAAGGTGAGCGGCGT
1314	TCAAAGTTTGAGGAATTTATGACTAGGTAA
1315	TCGTCGAAGCGGCTGACCACGGCCTGGACC
1316	TATGGCTTTAAAGTCAGTAAGACATGGTAT
1317	CTCTATGTGCTCAGCCAGTTTCCCAGGACA
1318	TAAGAGAACACTTTACCTGTCCTTGGGAGT
1319	TTTGGCCGAATCTTGGTGTGTTGGGGGATA
1320	GCTCTTGCTGGCCATGGAGGAAGTAGGCAG
1321	TCTATAACTGTAACTCCTGGGTCAGGGAGT
1322	CAGAGATTGCTCAGGAAGCAATGGAGGTAA
1323	CCTTGGCTTTAGAAGAGGACCTGAAGGTAT
1324	CCAACGTGCAAGTGGCTGGACCAGTGGACA
1325	GACCAGTGGACAGAACTAGCTCAAAGGTAT
1326	GGTTAGAACCATCAGAGAGCCTTGAGGAAA
1327	ACTTGGACAGCAGTAGAACCAACCTGGAAA
1328	GTCTATATCTATAACTGTAACTCCTGGGTC
1329	CAGTGGCACACACTTCGAAGTTGAGGGGGG
1330	AAAACGAACTAGATTTGACAGCCATGGAGT
1331	AGACTCCATGCAGACTCTCTTCCGAGGCAA
1332	CAATCTTAGGCCACCAATCCAATGCGGACT
1333	TGTAAGCATACCTGGTATAAACAGTGGCAC
1334	TGATATTAATGACCAGTCCATGTGTGGAAG
1335	CGCACAGGCCGGTGGAATGGGTCCAGGCCG
1336	TCTATATCTATAACTGTAACTCCTGGGTCA
1337	GATACTTGGTGTACTCCCTGACCCAGGAGT
1338	TCAGGTCCTCTTCTAAAGCCAAGGTGGCAG
1339	ATGATTATCTTTAATAGAGTCCAGAGGAAG
1340	CATGGAGTCATGTATTCCAAACAAAGGTGT
1341	TGGTCTGGCCGACAGTTGGATAGGTGGCTG
1342	TCCTTGCAGAATCCAAGAAAACAGGGGCCC
1343	TAGGGAAGATGAGCTGCCACATCAAGGGAA
1344	TCCTACTGCACCGATGCTGTTCTGAGGGAA
1345	GCGTGCCCTGGTTTGCAATGGTTAAGGTGA
1346	TCAGAGAGCCTTGAGGAAAACCAGCGGAAC
1347	CTTACTCAATGCCAACGTAGACAGTGGTCT
1348	TAAAGCGATTGCTAGGCCCGGTATGGGTAA
1349	ATGATGAATGGGATATGTATCCATAGGAAC
1350	AGGAAGCAGATATCCGGTGTGGGGTGGATG
1351	GGCTGGCATCACTGAGGCACTGTACGGTCC
1352	CATTTAAATTTAAAGCCCTAAAGAAGGTTG
1353	ATACACTGGAAAAATGTCTTGCTGGGGTAA
1354	GCCAATGTGGTTCCTTGTTCTCAGTGGGTA
1355	GTTCACCTTAACCATTGCAAACCAGGGCAC
1356	TCAACCACGTCTTTGGATATATCCTGGATT
1357	ATGTGAAAAGATGACAAACCTGGTAGGATC
1358	TTGTGAGCTAGCTTGAGAGCATTGTGGAAT
1359	GCTCTCCCTTAGAGCTTCCACACATGGACT
1360	AGTTGAAGATGAAAGTGCGCAAACAGGTGG
1361	CTATCATTCATATCCGGACCCGCTGGGAAC
1362	GTGCTACCTATCTACAAAAACTCCTGGATC
1363	CCGACAGTTGGATAGGTGGCTGCAAGGTAT
1364	CCACTGGTCCAGCCACTTGCACGTTGGAAT
1365	ATCACAATTCGTAATAAAGGATCCAGGAGT
1366	AGTCACACATGCCAGAGATTGCTCAGGAAG
1367	ACACCTGTCAGCAAATTTATGGATCGGCTG
1368	GAGAACTCCCTATAGCGATGGCTCTGGCCA
1369	TACGTAGTAATTCTTCATGATCCATGGACA
1370	GTGCAGAAAAGCTATTTGACTTGGTGGATG
1371	AGCACAGCCACAGCTACCCAAAAGAGGGCT
1372	CAATGAGATTAGATGAAACGATGCTGGTCA
1373	ACACCCAAAGACAACAAGAGCTCTTGGTTG
1374	CTCAGGATGAACTAGCTCGAGTTCTGGTTA
1375	TCTATCATTCATATCCGGACCCGCTGGGAA
1376	ACAATAAAGAGGGTGTTGTTGGCAGGGATA
1377	CAAGATAAGGAGAATGATTTGTAGTGGCCA
1378	CATGGGTCCAGTCAGTGAACGTAAGGGTTC
1379	CTCCATTGCTTCCTGAGCAATCTCTGGCAT
1380	ACCATCTCCTTCTTCAGGCTGCAGAGGGAG
1381	CCAAAGTCAGTACTGAGCACAACAAGGAAT
1382	AACAGAAACTACCTGCTGCCACCTTGGCTT
1383	TCTTACTAATAGAGACAATAAAGAGGGTGT
1384	CTGTTGACATCATATTGCTGACAGAGGCAA
1385	CTCAGTTGATTATATTGGATACACTGGAAA
1386	TAGCAGTTATAAATAGCCTGGAAAAGGTAA
1387	GTCAATCATTAGATCCACATCTGCAGGCTG
1388	GACTCAGCCATGGTCCTCTCCCAAAGGTTC
1389	CCTGCTCGTCGAAGCGGCTGACCACGGCCT
1390	CACTCTTCCAAAAATTCTAACGTGAGGTGT
1391	GTGGCACACACTTCGAAGTTGAGGGGGGAA
1392	GCACGCCGCTCACCTTCATGCACCAGGAGT
1393	CAGTCAGCAGCCGCTCATGATACTTGGTGT
1394	TGAAACACTTCATAAAGCAGTGCAAGGTTG
1395	AATGCGATATTGAGCAGTGTCCCAGGGACA
1396	GAATTCGTTGATCAAACTCATCTGTGGTAT
1397	TTATTGTCTCTATTAGTAAGACACTGGCAG
1398	AATTTAAAGAAAAACCTACAGACCTGGAGA
1399	CCGGATTGCCATAAATACTTCCTCTGGACT
1400	CTGCCACATCAAGGGAATTGTTGAAGGACA
1401	CCAGATCCCACAGACTGATATGGCTGGTAA
1402	CTTCAAGCCCCTTTCGATTCTAGGTGGTGG
1403	CTTACGTTCACTGACTGGACCCATGGGTGG
1404	GATTGGTGGAACTGGTCACAATGATGGGTG
1405	AAGATTCGGCCAAAAGATGTCCCTGGGACA
1406	CCCTATCTTGCTGCAGAAACTCAGAGGATT
1407	AGACAACAAGAGCTCTTGGTTGCAGGGATG
1408	ATTTTACTGGCCAAGCTGTTGCCTCGGAAG
1409	TTCAGCAGAGCGAACAAAAGTCCTAGGGCA
1410	AGATTGATGCTGTGTATTGTCACTCGGTTG
1411	AGAAAAGCTATTTGACTTGGTGGATGGTTT
1412	CCCACTGAGAACAAGGAACCACATTGGCCA
1413	CTGCTAACTGCGCAACCTTCTTTAGGGCTT
1414	GAGTAAATCCACTTACCTATAGGAAGGGTC
1415	GATGGCAACACTTCTTGCATACCTGGGTCC
1416	ACAGGTTTGTGCTCTGGAGGACCCAGGTAT
1417	CGAATTGTGATCACATCCTCTGATTGGCAA
1418	ACCTTAAAGTGTTGGTTGTTGTGAGGGCTT
1419	CTTACCGGTGCCATTCGTATTGCTGGGTGT
1420	TGAAGATGAAAGTGCGCAAACAGGTGGCAG
1421	CCTGCTTCTTTACAGGTTATTGGAAGGATG
1422	TTCCCAGCTTTGGAAGTCCCAGCTTGGTAG
1423	TTTTTGCATCTTGGCAGGCTACACTGGTAA
1424	TTTCTCTAGTCCGCATTGGATTGGTGGCCT
1425	AGCAGATAATCCGTATTCTTAGCAAGGTAC
1426	TCGCCTCTGCACAAAGCCCTCTTTTGGGTA
1427	GGTAAGGTCCACTACAATTTCATATGGCTT
1428	TCTGGGCTTGTCGGCAAATCGGGGGGGTTC
1429	GTGTATTAGCAAACGAGTGTCTCATGGGCA
1430	GTGACAATACACAGCATCAATCTTAGGCCA
1431	GCACAGCCACAGCTACCCAAAAGAGGGCTT
1432	TTGCTTACCTTGTCATTGAATATACGGAGA
1433	TACCTTTGAGCTAGTTCTGTCCACTGGTCC
1434	TAATCCAGGATATATCCAAAGACGTGGTTG
1435	TGAGCGGCGTGCCCTGGTTTGCAATGGTTA
1436	GCAATCTCTGGCATGTGTGACTGAGGGACC
1437	ATTCTAACGTGAGGTGTGGCTCATTGGCTG
1438	ATCAAAAGGAGATACTTACACAACAGGAAA
1439	GGAAACCAGCATGCAGCTGAACTTCGGAAT
1440	CACCTTAAAGTGTTGGTTGTTGTGAGGGCT
1441	AAGCTCTAAGGGAGAGCGGACCTGTGGCTA
1442	ACAAAGGTGTTTCAATTCAATACCTGGAAA
1443	TAGGTTCAAAACTGGTCAAATCAATGGTGA
1444	AGGAGAGTAAATCCACTTACCTATAGGAAG
1445	CGCGGGGAGGACATGGCCGCGCACAGGCCG
1446	ATCAAGGAGAACTCCCTATAGCGATGGCTC
1447	CTTGGTGTGTTGGGGGATAGAGTCGGGCTG
1448	TCCAGGCTCATGGATTTCCTGGCTCGGGGA
1449	CAGAAGCTTTGTTGGAGATCATGGAGGTAT
1450	TGCAGCCTGAAGAAGGAGATGGTGTGGAAT
1451	ATATTTCAATGGAAAATGTTCCTATGGATA
1452	TACCCAAAAGAGGGCTTTGTGCAGAGGCGA
1453	TCTGTCAGCTGCCTACTTCCTCCATGGCCA
1454	CTATAGCGATGGCTCTGGCCAATGTGGTTC
1455	TTGAGAGCATTGTGGAATACCTTCAGGTCC
1456	TCATAAATTCCTCAAACTTTGAACTGGTAA
1457	TACCAAGCTGGGACTTCCAAAGCTGGGAAT
1458	AGCACCAAACGTAAAGCAGCAGTTTGGCCA
1459	CAGGAAATCCATGAGCCTGGACATGGGGCA
1460	CCATGGGTCCAGTCAGTGAACGTAAGGGTT
1461	TTTTCCCTTCCGGAGAGAGGCTCCAGGAGT
1462	GATACACTGGAAAAATGTCTTGCTGGGGTA
1463	ATTCATCATGGTGACCCTTCCTATAGGTAA
1464	TTTTGGCCGAATCTTGGTGTGTTGGGGGAT
1465	TTCCTTGCAGAATCCAAGAAAACAGGGGCC
1466	GTACTCCTGGAGCCTCTCTCCGGAAGGGAA
1467	TGATGAGGTCAACTTGTATTCAGCAGGTAC
1468	ATGTGTGGAAGCTCTAAGGGAGAGCGGACC
1469	ATTATACATTTAAACTTACCCTTCAGGAGT
1470	GACAATAAAGAGGGTGTTGTTGGCAGGGAT
1471	TATGGATACATATCCCATTCATCATGGTGA
1472	ACTTCCATAAATGTAGCTCTTGTCTGGAGA
1473	ACCTGTCCCGGTAACTGGAACGGAAGGCAA
1474	TCCTTACCAGCCATATCAGTCTGTGGGATC
1475	GAATTTTACATACACTACTAACTCTGGTTA
1476	TGGAACTTACTTTAATAGAAACTTTGGTGT
1477	AAGTACTTACTGATCCGAAGATCCAGGCGC
1478	GGACCCATTCCACCGGCCTGTGCGCGGCCA
1479	CCTTGCAGCCACCTATCCAACTGTCGGCCA
1480	GAGCAGTGTCCCAGGGACATCTTTTGGCCG
1481	TCAAACTTTGAACTGGTAAGGTTAAGGCTG
1482	TGTTGCCTCGGAAGAGAGTCTGCATGGAGT
1483	GTGCTTGCTTTACATCGTCTACTCTGGAAC
1484	AATTGTAGTGGACCTTACCCATACCGGGCC
1485	TACTTGCTTTACACAGTTTGACACAGGCAA
1486	GACAAGCCCAGACCAAACTAGAAGTGGCCC
1487	GCAGTCTTTAGTCGCATTTCTACCAGGTTA
1488	GGGAGGACATGGCCGCGCACAGGCCGGTGG
1489	ATGTCTCGGAGGCTGGCATCACTGAGGCAC
1490	ACAAAGCTTCTGTGACTGTTTCCAAGGATG
1491	TTTGTTCGCTCTGCTGAAGTTACTTGGACA
1492	AGTTCACCTTAACCATTGCAAACCAGGGCA
1493	CAATTAGTTGAAGTAATGATGGCAAGGAGA
1494	TTGAGCAAACTCAATACCTGCCCAAGGCTT
1495	ATAAGAGAACACTTTACCTGTCCTTGGGAG
1496	CAGAACTTGACTGTTGTAAGTGTCAGGTCC
1497	CTAATCACTTACCCACTGAGAACAAGGAAC
1498	CATAAACCTGATGTCTCTAGTAACTGGCCC
1499	ACTTCATAAAGCAGTGCAAGGTTGTGGAGC
1500	CTATGATTTCAGTGATGTCTTCAGAGGGAA
1501	GTTTTTCTCTAGTCCGCATTGGATTGGTGG
1502	TTCAGAACCTTTGGGAGAGGACCATGGCTG
1503	AATTTCATCTCTTGGCAAAATGAGAGGTCA
1504	GTAGCTCTTGTCTGGAGATCCTTGTGGTAA
1505	CGTTGTTACTTTCTTAGTAGCCACAGGTCC
1506	TGTTCTTGCAACAATAGCAGGTGAAGGATG
1507	CCAGGCTCATGGATTTCCTGGCTCGGGGAC
1508	CCAGCGTTTCCCTCAGAACAGCATCGGTGC
1509	AAGAAAACAGGGGCCCGAAACCCAAGGCAG
1510	AGGCAGTACAGCAGAATTAATTACAGGGCT
1511	GGGCCGGTTACCTGCTCGTCGAAGCGGCTG
1512	GTCATTGCCTTCCGTTCCAGTTACCGGGAC
1513	AATACTTACACAAAGCAAGAGCTTTGGATC
1514	ACGAAAAGCTCTTGCTGGCCATGGAGGAAG
1515	AATGTAGAAGGTGAATTCTGAGCCAGGCAG
1516	CGAGGGCCAGTTACTAGAGACATCAGGTTT
1517	GGAAACGTGGCATGTCTCGGAGGCTGGCAT
1518	GGAACAGGTACCTTGCTAAGAATACGGATT
1519	CCATCTCCTTCTTCAGGCTGCAGAGGGAGA
1520	GACTTCAAATACGGACCAATGTTAAGGATC
1521	GAGCCAGGAGAGAATGACCTGTCCCGGTAA
1522	CTGTGGCTGTGCTGCAGCTTGATGAGGTCA
1523	CCGATGCTGTTCTGAGGGAAACGCTGGCTA
1524	GGAATTCTGAGGAGGAACTGATGATGGCAT
1525	TTACCGGGACAGGTCATTCTCTCCTGGCTC
1526	AGGGAAGATGAGCTGCCACATCAAGGGAAT
1527	CATTTGCTTGCAGTGCCACTCCAGAGGATT
1528	TCTATCCCCCAACACACCAAGATTCGGCCA
1529	TATGATTTCAGTGATGTCTTCAGAGGGAAA
1530	TGCCATTGTCTCACCGTATGAAGCAGGGAT
1531	ATACGGAGACTATCTAAAGTATGCAGGTTT
1532	AGTGCATGAGACCACTGTCTACGTTGGCAT
1533	CTATGGATCCTCCTCCACTCACATGGGACA
1534	GCTGAACTTCGGAATTCTGCCTCTGGGGTT
1535	CCACATAAGATGTTGTTCTAAAGTAGGAGT
1536	ACTGGTCACAATGATGGGTGATCAAGGAGA
1537	CACCTCTGTGAGGAAGCAGATATCCGGTGT
1538	AGCTGAACTTCGGAATTCTGCCTCTGGGGT
1539	CACCGGATATCTGCTTCCTCACAGAGGTGG
1540	GCCAGGCCAGAATTGCTTCTCTGCTGGAGG
1541	AGGGCTTTGTGCAGAGGCGAGTCCTGGCAA
1542	CCAGTCCATGTGTGGAAGCTCTAAGGGAGA
1543	ATGGCAATCCGGAATCCTCTGGAGTGGCAC
1544	GAGAGAATGACCTGTCCCGGTAACTGGAAC
1545	CAGGCTCATGGATTTCCTGGCTCGGGGACT
1546	GAATTCTTTATGAATACTTAGCAGAGGCCA
1547	CCAGAGGAAGTATTTATGGCAATCCGGAAT
1548	CAACTTCTTAGTGTTGGCCTGAGAAGGTTG
1549	CTGCATGCTGGTTTCCTTCACGACAGGTGT
1550	AGGACACTAAAGGAGACTCAGCCATGGTCC
1551	CCAGGAAATCCATGAGCCTGGACATGGGGC
1552	TCAACTCTAACTTTAACTTTGCATTGGTTG
1553	TTGATCACTTGATATCAGACACAAAGGCTC
1554	GTGGCTTGGGATCAATAAAAGCTGAGGTGA
1555	ATTGGGCAGTATCTTTCCAGCAACAGGTAA
1556	AACAAGAGCTCTTGGTTGCAGGGATGGATT
1557	CACACCCAGCAATACGAATGGCACCGGTAA
1558	CCCTCAGAACAGCATCGGTGCAGTAGGAAG
1559	TATTTATGGCAATCCGGAATCCTCTGGAGT
1560	GTCGGCCAGACCAGTCCCCGAGCCAGGAAA
1561	TGGTCTCCCTCTGCAGCCTGAAGAAGGAGA
1562	AGTAAGAAGCAGCGCCTGGATCTTCGGATC
1563	GGCCGGTGGAATGGGTCCAGGCCGTGGTCA
1564	CTTGCAGAAACAGTATTGGCTGATCGGTTT
1565	CAAGTATCATGAGCGGCTGCTGACTGGCCT
1566	ATGGTCCTCTCCCAAAGGTTCTGAAGGATA
1567	AAAAGCCACCACCTAGAATCGAAAGGGGCT
1568	CCTACTTTAGAACAACATCTTATGTGGGAT
1569	GTGGAGCACACCCAGCAATACGAATGGCAC
1570	TATAGGAAGGGTCACCATGATGAATGGGAT
1571	AAGAAGTGTTGCCATCTTATCAAAAGGTCG
1572	AGACAGTGGTCTCATGCACTCCATAGGTGA
1573	TCATTGCCTTCCGTTCCAGTTACCGGGACA
1574	ATATCAGACACAAAGGCTCCTAAAAGGCAA
1575	AAGGTTGCCCCATGTCCAGGCTCATGGATT
1576	TCTTGCCCAACTATAACACATTCATGGAGT
1577	AGACTCTCTTCCGAGGCAACAGCTTGGCCA
1578	TGTACCAGATCCCACAGACTGATATGGCTG
1579	AGGACATGGCCGCGCACAGGCCGGTGGAAT
1580	ATCTATAACTGTAACTCCTGGGTCAGGGAG
1581	TAATCCAAGTAAGCCATTCTCAAGGGGCAG
1582	GCCTGAGAAGGTTGCCCCATGTCCAGGCTC
1583	CCCGAGCCAGGAAATCCATGAGCCTGGACA
1584	AAACTCCATGAATGTGTTATAGTTGGGCAA
1585	TCAGTCATCTGAAGGAGGTTCCGCTGGTTT
1586	CCTACTGCACCGATGCTGTTCTGAGGGAAA
1587	CAAAAATATGGGGAAGCCTTGGGCAGGTAT
1588	TGCAGGCTGACTGCCTCTTGAGAATGGCTT
1589	TTAAGGTTGGCAGTGATACTAAGCTGGCTC
1590	TATATCTCTCTCAGTTGATTATATTGGATA
1591	CCAGCCATATCAGTCTGTGGGATCTGGTAC
1592	TCATGAAGAATTACTACGTACTCCTGGAGC
1593	AGGAAATCCATGAGCCTGGACATGGGGCAA
1594	TTGACACACTTGCAGAAACAGTATTGGCTG
1595	ACTAGAACAGTAAGAAGCAGCGCCTGGATC
1596	ATGAATGTGTTATAGTTGGGCAAGAGGTTA
1597	TGGAGCCTCTCTCCGGAAGGGAAAAGGGAA
1598	GAGATATTCCAACGTGCAAGTGGCTGGACC
1599	TGTCCTTCAACAATTCCCTTGATGTGGCAG
1600	GAAAGACTTTGGGAAACACAACACTGGCCT
1601	CTACGTACTCCTGGAGCCTCTCTCCGGAAG
1602	GACCACGGCCTGGACCCATTCCACCGGCCT
1603	GGAGACGTTGTCGTAAGCAAAGCCAGGAAA
1604	TAGAGACAATAAAGAGGGTGTTGTTGGCAG
1605	ACTAACCAAGCAACTTCTTAGTGTTGGCCT
1606	CTGCTGCCACCTTGGCTTTAGAAGAGGACC
1607	TTGGATCTTGGCACAATGATAACAGGGTGT
1608	TACACCACACTCTGCACAATTCCATGGATT
1609	TCAGGCCAACACTAAGAAGTTGCTTGGTTA
1610	CAAGCCCCTTTCGATTCTAGGTGGTGGCTT
1611	TTATGGATCGGCTGTTGTCCTTAATGGTGT
1612	CAAGAGGCAGTCAGCCTGCAGATGTGGATC
1613	TGTGAGGAAGCAGATATCCGGTGTGGGGTG
1614	GACTGGTCTGGCCGACAGTTGGATAGGTGG
1615	CACACTCTGCACAATTCCATGGATTGGATT
1616	TTTCATCAAAACCAGTGCAACAGGTGGCTT
1617	CAATCCATGGAATTGTGCAGAGTGTGGTGT
1618	CTGTGAGGAAGCAGATATCCGGTGTGGGGT
1619	TACATCGTCTACTCTGGAACAATCAGGAGA
1620	TTTGGATCTTGGCACAATGATAACAGGGTG
1621	TACTCCTGGAGCCTCTCTCCGGAAGGGAAA
1622	ACTTTGAACTGGTAAGGTTAAGGCTGGACC
1623	ATACTTACACAACAGGAAAGACTTTGGGAA
1624	CCTTCACGACAGGTGTGAAGAAAATGGCAG
1625	AATTAATTACAGGGCTCGTCCAACTGGTCC
1626	ACTTCTAGTTTGGTCTGGGCTTGTCGGCAA
1627	ATAGTCTCCGTATATTCAATGACAAGGTAA
1628	AGGCCAGAATTGCTTCTCTGCTGGAGGCAC
1629	AATGACCTGTCCCGGTAACTGGAACGGAAG
1630	TACTTACACAACAGGAAAGACTTTGGGAAA
1631	CTTTTGGCCGAATCTTGGTGTGTTGGGGGA
1632	CCCTCTGCAGCCTGAAGAAGGAGATGGTGT
1633	TCAAGCAAAAATATGGGGAAGCCTTGGGCA
1634	AATAGAGTCCAGAGGAAGTATTTATGGCAA
1635	CAGGTAAGATGTTTGGTATTGTGGTGGGGA
1636	GTATTGAATTGAAACACCTTTGTTTGGAAT
1637	TGTTTTCATCTTTCAGGACACTAAAGGAGA
1638	CACATTGGCCAGAGCCATCGCTATAGGGAG
1639	CACTTCTTCTTACTGATATTTCAATGGAAA
1640	TTCATCTAATCTCATTGTGTCCTTTGGTTG
1641	TCTTGGTGTGTTGGGGGATAGAGTCGGGCT
1642	GAGGCGCATTGAGCATCCCACTGCAGGAAA
1643	CCAAAATGTTTCTACAGGAGCATCAGGATT
1644	GGAGCCTCTCTCCGGAAGGGAAAAGGGAAC
1645	CATCTGTTTGTCCACATTAGGCTTAGGTTA
1646	GGCATACCTCAGTGTTTCCTGCAGTGGGAT
1647	CTACTTTAGAACAACATCTTATGTGGGATG
1648	GACACTGAAACTTTACGTAAATGTGGGTGC
1649	ATGGCCGCGCACAGGCCGGTGGAATGGGTC
1650	TGGGATCAATAAAAGCTGAGGTGATGGCAG
1651	CTCTGGAGTGGCACTGCAAGCAAATGGATC
1652	TGGTATTGTGGTGGGGATTCTTCATGGTAC
1653	GCTGGACCAGTGTGTATCTGCCACAGGTTT
1654	GATACTAAGCTGGCTCTGCAGTGCAGGAGG
1655	CAAGCAAAAATATGGGGAAGCCTTGGGCAG
1656	ACTCTGGAACAATCAGGAGAAAATTGGGCA
1657	TTGCAGGTAAGATGTTTGGTATTGTGGTGG
1658	TCCAAATTTGTTAAATCCAATCCATGGAAT
1659	TACAGTAATTACCTTATTAAGAAGTGGCTG
1660	ATAGGAAGGGTCACCATGATGAATGGGATA
1661	CTTAACAATAAGCTCAGCATAGTCTGGAAT
1662	GAATAGCAGTAACTCTTTGTCGTTTGGCAT
1663	GTGGAAATACCAGTCAAATGTCCATGGATC
1664	GTAAATGTGGGTGCTGTTGTGATGAGGAAA
1665	TTTGAATTCTGTAGAAGTTATTTCTGGACA
1666	GAAATGTGAAATTGGTTTCAAGCAAGGTAA
1667	TGGTTGCGGGAAATATTGATCTGCAGGAAT
1668	TTTTTAAATTAAAGGTACAAGTTAAGGCAC
1669	CAAACTCCATGAATGTGTTATAGTTGGGCA
1670	TAATTAATTCTGCTGTACTGCCTTGGGTTT
1671	GCCTTCCGTTCCAGTTACCGGGACAGGTCA
1672	GTTCTGGTTACTCTGTTTGATTCTCGGCAT
1673	CCTAAAAGGCAAGAAATGGAATCAGGGATC
1674	CAATTCCACACCATCTCCTTCTTCAGGCTG
1675	GCAACCAAGAGCTCTTGTTGTCTTTGGGTG
1676	AAGTACAGAAGAAGCTGACCATAGAGGAGT
1677	AGACACTGAAACTTTACGTAAATGTGGGTG
1678	TTCGTCCACTGTTACAGTGGCCAGTGGTAG
1679	CCTAATCTCCCAAAATGTTTCTACAGGAGC
1680	TTCCAAAAATTCTAACGTGAGGTGTGGCTC
1681	TTTACTTAAGAAATAACTGTGATTTGGCTT
1682	GGTCTGGGCTTGTCGGCAAATCGGGGGGGT
1683	CAAAACCAGTGCAACAGGTGGCTTGGGATC
1684	GATGAAAGTGCGCAAACAGGTGGCAGGAAA
1685	TCCAGCAGAGAAGCAATTCTGGCCTGGCAA
1686	GGGATCACAACACCCCCCAAAATGAGGAGA
1687	TAAAATTTGATTTGTTGCAGGTTTTGGTTT
1688	TTCACTGGTTTCTTCATCAATTCCAGGCAG
1689	GGTAGGATGTGATATTCCTTCTAGTGGAAA
1690	AGGTAAGATGTTTGGTATTGTGGTGGGGAT
1691	GAACGTTGAACTCTCCCCTACCACTGGCCA
1692	TCATAGTCTTTCCTTCATAAGTGACGGCAA
1693	CTCGGTTGAACTTCGAAATATGTTTGGTGA
1694	TGGAAACAGTCACAGAAGCTTTGTTGGAGA
1695	AATTTGAAGTGAATACACAGAGCGTGGCCT
1696	TCAAAACCAGTGCAACAGGTGGCTTGGGAT
1697	ATTTTAAAAAACCTACCGTAAACTCGGGTC
1698	TATTTACTTTGCAGGTAAGATGTTTGGTAT
1699	CTGCAAGGTATCCTTCAGAACCTTTGGGAG
1700	ATGAGAGATATTCCAACGTGCAAGTGGCTG
1701	TTAAAGCGATTGCTAGGCCCGGTATGGGTA
1702	AAATCCTGCTTCTTTACAGGTTATTGGAAG
1703	TTCTAAATGACATTTATTATGCTTCGGAAA
1704	TTCTGCTGTACTGCCTTGGGTTTCGGGCCC
1705	AAAAGTCTCTCTCTCATAGGAGCCAGGAGA
1706	TCATGGATTTCCTGGCTCGGGGACTGGTCT
1707	GGGTAAGGAGATGTGGGAGTCAGGAGGGAT
1708	TGATGGCAGATACTGCTGTAGCTTTGGCTT
1709	TTGATCCCAAGCCACCTGTTGCACTGGTTT
1710	CTTTTACTGTAGCTTTATTCAGTAGGGAGT
1711	TAACTTCAAGCCCCTTTCGATTCTAGGTGG
1712	CGCAGTTAGCAGTTATAAATAGCCTGGAAA
1713	ATATCACATCCTACCCCGTAAAAAAGGAGA
1714	TCTTTTACTGTAGCTTTATTCAGTAGGGAG
1715	ACCAGTCCATGTGTGGAAGCTCTAAGGGAG
1716	AGATACTGCTGTAGCTTTGGCTTCTGGAAA
1717	TCTGACTGTTCTTGCAACAATAGCAGGTGA
1718	ACTGTAGCTTTATTCAGTAGGGAGTGGCAA
1719	TCGGGGACTGGTCTGGCCGACAGTTGGATA
1720	CTTGGTTGCAGGGATGGATTATATTGGAAT
1721	CAGATACACCTGTCAGCAAATTTATGGATC
1722	TCTATGGATCCTCCTCCACTCACATGGGAC
1723	TACACAGAGCGTGGCCTACTTAGCAGGTAA
1724	TGAGCGGCTGCTGACTGGCCTCAAAGGTAG
1725	TGCAAGGTATCCTTCAGAACCTTTGGGAGA
1726	ATTGGATTTAACAAATTTGGATCTTGGCAC
1727	CAAGCACATTGCCGTCACTTATGAAGGAAA
1728	CTCTGTCAGCAATATGATGTCAACAGGTAA
1729	TTTGGTCTGGGCTTGTCGGCAAATCGGGGG
1730	TTCCAGGCAGGTACGTGTCAATCAAGGCAT
1731	CAGCCGATCCATAAATTTGCTGACAGGTGT
1732	GGTAAGATGTTTGGTATTGTGGTGGGGATT
1733	TGGTTGATGAAAACAACATGAATAAGGTAA
1734	GCAGTGCAGGAGGGTAAGGAGATGTGGGAG
1735	CCATGTCCAGGCTCATGGATTTCCTGGCTC
1736	TTATAACCAAAGAAAACTTGTATTTGGAAA
1737	TCCATGGATTGGATTTAACAAATTTGGATC
1738	GTAATTAATTCTGCTGTACTGCCTTGGGTT
1739	CAGTGTCTGAATCAAATGTTCTCTTGGATG
1740	AAGACAACAAGAGCTCTTGGTTGCAGGGAT
1741	CAGTTTCTGCTACTCTCCTCATTTTGGGGG
1742	TGGTCTGGGCTTGTCGGCAAATCGGGGGGG
1743	CTCTAACTTTAACTTTGCATTGGTTGGACA
1744	GGATACACTGGAAAAATGTCTTGCTGGGGT
1745	TCCTAAAAGGCAAGAAATGGAATCAGGGAT
1746	ACTAAGCTGGCTCTGCAGTGCAGGAGGGTA
1747	CAACCAAGAGCTCTTGTTGTCTTTGGGTGT
1748	CCTGATGCTCCTGTAGAAACATTTTGGGAG
1749	AGATGGCAACACTTCTTGCATACCTGGGTC
1750	TCACAGAAGCTTTGTTGGAGATCATGGAGG
1751	AGTAGCAGAAACTGATTATGAAATGGGTGA
1752	CTGGCTCTGCAGTGCAGGAGGGTAAGGAGA
1753	CTATTTTAAAGAATGTTAACAATATGGTGA
1754	AAGATGTTGTTCTAAAGTAGGAGTTGGAGA
1755	CAGTGCAGGAGGGTAAGGAGATGTGGGAGT
1756	GTCTGGGCTTGTCGGCAAATCGGGGGGGTT
1757	ACATTTACTGACCTGGGGAATGCTGGGAAG
1758	GGATGTGATCACAATTCGTAATAAAGGATC
1759	GGGAATGCTGGGAAGTTGCAAGTGAGGTCA
1760	GATTTCCTGGCTCGGGGACTGGTCTGGCCG
1761	GTGGTTCTTTATTTATAGGCATTTTGGAAC
1762	TATTCGTGCATTTCTGTAGGTATATGGTGC
1763	TTCTGCACTTGGCTTGCGGATCCGTGGCGA
1764	CTAAGCTGGCTCTGCAGTGCAGGAGGGTAA
1765	TTTTTTTCAGCTTCCAATAAAAACAGGACA
1766	TGCCTTGATTGACACGTACCTGCCTGGAAT
1767	GGTGTGAAGAAAATGGCAGATTTCTGGCAG
1768	TATTGGCTGATCGGTTTGAGAGATTGGTGG
1769	CCTTATTAAGAAGTGGCTGTAATTTGGTTA
1770	GCCCTCACAACAACCAACACTTTAAGGTGA
1771	TTCTTTGCTTCTGCACTTGGCTTGCGGATC
1772	GTGCAAAATTAAAACGACTCCTGAAGGGTA
1773	GAGGTCATGGAATTAGAAAGGTTAAGGTTG
1774	TTTGGATATATCCTGGATTATTTCTGGACA
1775	GCCTGGACATGGGGCAACCTTCTCAGGCCA
1776	CATAGAACCCTTACGTTCACTGACTGGACC
1777	CAAAGGCTCCTAAAAGGCAAGAAATGGAAT
1778	ACTGCTAACTGCGCAACCTTCTTTAGGGCT
1779	GGAGGGTAAGGAGATGTGGGAGTCAGGAGG
1780	CTGGTTTCTTCATCAATTCCAGGCAGGTAC
1781	TAATGCCAAACAGCAAGTAAAATTTGGGTA
1782	CCCTACCACTGGCCACTGTAACAGTGGACG
1783	TTAACCTTACCAGTTCAAAGTTTGAGGAAT
1784	TTGGTCTGGGCTTGTCGGCAAATCGGGGGG
1785	TCTTACCGGTGCCATTCGTATTGCTGGGTG
1786	GTAAAATAATGACATTCTGTTTCAAGGTTT
1787	TCTACGAAAAGCTCTTGCTGGCCATGGAGG
1788	CTTTGGCTTCTGGAAATGTGAAATTGGTTT
1789	AAAGGCACTTGAGAGTTGCTTAAAAGGACC
1790	CCGTGGTCAGCCGCTTCGACGAGCAGGTAA
1791	AATTCCTCAAACTTTGAACTGGTAAGGTTA
1792	ATCTCCAGACAAGAGCTACATTTATGGAAG
1793	TCAACTTCACTGCAGTCATTCAAAAGGTTC
1794	GCAAGTGAGGTCATGGAATTAGAAAGGTTA
1795	CCAAATTACAGCCACTTCTTAATAAGGTAA
1796	TTTTAATGGCTTGTGGCGGTTTGCAGGACC
1797	CTGTAACAGTGGACGAACTCGCCACGGATC
1798	ACTTGCAACTTCCCAGCATTCCCCAGGTCA
1799	GAGTAGCAGAAACTGATTATGAAATGGGTG
1800	TGGGAGTCAGGAGGGATTCTTCACTGGTTT
1801	TCCAGATACATTTATTTACTTTGCAGGTAA
1802	CCATTTTCTTCACACCTGTCGTGAAGGAAA
1803	CCAAGTGCAGAAGCAAAGAAGCGCTGGCAG
1804	CCAGCGCTTCTTTGCTTCTGCACTTGGCTT
1805	TTCAACGTTCTCCTTGTCGATTCCTGGAGA
1806	CAGTTTCATCAAAACCAGTGCAACAGGTGG
1807	CACATTTACTGACCTGGGGAATGCTGGGAA
1808	GGTAAGGAGATGTGGGAGTCAGGAGGGATT
1809	CCTTACGTTCACTGACTGGACCCATGGGTG
1810	CCACTGTTACAGTGGCCAGTGGTAGGGGAG
1811	TCATGGAATTAGAAAGGTTAAGGTTGGCAG
1812	ATTCTGCTGTACTGCCTTGGGTTTCGGGCC
1813	TTTTTTAAAAAATTCAGGCTCTGCTGGTTC
1814	AATTTCATATGGCTTTGCATAATATGGCTT
1815	TCCACTGTTACAGTGGCCAGTGGTAGGGGA
1816	CACTGTTACAGTGGCCAGTGGTAGGGGAGA
1817	GCTGGGAAGTTGCAAGTGAGGTCATGGAAT
1818	TGGCGAGTTCGTCCACTGTTACAGTGGCCA
1819	ACATGGAAAAGAGCAAGCATCTGCAGGAGC
1820	TGGCCTGGCTCAAAATGGACAAGAAGGTTG
1821	AAAAATCCCCGCTTGTGAACACTGGGGTCG
1822	TGAGGGAGGAGGCTGAACGCACGAGGGATG
1823	GAGATGTTTCGGATTTCATTCCACGGGAAG
1824	GGCTCACCGGGTACGTGGGCTTGGTGGCAA
1825	GCCAGGAGCACAGAAGCCTCAGGAGGGCAG
1826	TCTTTGAGCCTACCTTGGCCTGGACGGCGT
1827	TCTTTGGACTGCAGTACACAATCAAGGACA
1828	AGGTACTGGATCATGATGTTTCAAAGGAAG
1829	AGGCCACAGCGATTCGCACGGAGGAGGAGA
1830	TTCTTCTTTGAGCCTACCTTGGCCTGGACG
1831	AAATGGAATATCTGAAGATAGCTCAGGACC
1832	CTACGACCCCAGTGTTCACAAGCGGGGATT
1833	CCACAGATTCTCCAGCTATGTATCGGGAAC
1834	TAAAAAGGGCACAGAGCTGCTGCTTGGAGT
1835	AGGACCTGCAGGAAGCACGCGAGGCGGAGC
1836	GTTCAGCAGATGAAAGCCCAGGCCAGGGAG
1837	CTTTGATTTGGTGTGCCGGACTCTGGGGCT
1838	TCAGGGTCATAAATGTGAAGCCCCAGGGCA
1839	TGTATCAGATGACTCCGGAAATGTGGGAGG
1840	CTGACCCCCAAGATCTCCTTCCCGTGGAAT
1841	TCATTCCACGGGAAGGAGATCTTGGGGGTC
1842	GCTGCTGCTTGGAGTGGATGCCCTGGGGCT
1843	CGTTCACCGTGAGGATCGTCACCATGGACG
1844	CTCTTGCCGGCAGAGTGGAATACATGGAAA
1845	ATTGGTTTGTTATTGCAGATGAAGTGGAAA
1846	ATGAAAAGATCTACTGCCCTCCTGAGGCTT
1847	AACCATGATCTATTTATGAGGAGAAGGAAA
1848	GGCCCCCAGGCTCACCGGGTACGTGGGCTT
1849	GCTGTCACCAATGAGGTTGAAGCTTGGTAT
1850	CATTCCACGGGAAGGAGATCTTGGGGGTCA
1851	AAGTAGTTCACACCGTACATCTCCAGGTCC
1852	CGAGATGTTTCGGATTTCATTCCACGGGAA
1853	AGCAGGACCTGCAGGAAGCACGCGAGGCGG
1854	GACGATCCTCACGGTGAACGTCTTGGGTTG
1855	AAGGACCTCTTTGATTTGGTGTGCCGGACT
1856	TCAGTATCTTTGAAGTCGAAAGACAGGCTG
1857	TGACGATCCTCACGGTGAACGTCTTGGGTT
1858	AAGCAACCCAAGACGTTCACCGTGAGGATC
1859	CGGACTCTGGGGCTCCGAGAAACCTGGTTC
1860	GAAACATCTCGTACAGTGACAAGGAGGTAG
1861	GCCACAGATTCTCCAGCTATGTATCGGGAA
1862	TTTGATTTGGTGTGCCGGACTCTGGGGCTC
1863	GATAGCTCAGGACCTGGAGATGTACGGTGT
1864	CGGCGTCCATGGTGACGATCCTCACGGTGA
1865	CTGTATCAGATGACTCCGGAAATGTGGGAG
1866	AGAAGCCAGGAGCACAGAAGCCTCAGGAGG
1867	AAGCAACAATGGCCAACGAAGCACTGGTGA
1868	TGCAGTACACAATCAAGGACACAGTGGCCT
1869	AGAGTCCGGCACACCAAATCAAAGAGGTCC
1870	AGCGCCTGATGGAGCAGAAGGTGCTGGAAG
1871	AGGAGAAGCGCCTGATGGAGCAGAAGGTGC
1872	CAGGTTTCTCGGAGCCCCAGAGTCCGGCAC
1873	CATCCTTTCCTTGCAGGGCCAAAGAGGCAG
1874	ATCTTGGGGGTCAGTCTGTTCTCAGGGTCA
1875	TTTGGCCAAGAAGTGAAAGGTGACTGGTTC
1876	AATATCTGAAGATAGCTCAGGACCTGGAGA
1877	AACTTCTGGCCCAGAAGGCCGCAGAGGCTG
1878	TTCTTACGCCGTCCAGGCCAAGGTAGGCTC
1879	GGATCGTCACCATGGACGCCGAGATGGAGT
1880	TACTGCTTGGTACGCAGAGCACCGAGGCCG
1881	GTTTTGCCTCCTCCTCGGTGATCTGGGCCT
1882	ACAATGAATGGGCCTCACCTGGCTCGGCCT
1883	CTCTTGAGAGAGCTGAAGCTCATGCGGGAA
1884	TCCTTGTCACTGTACGAGATGTTTCGGATT
1885	TTACCTCGCAATTGAACTCCATCTCGGCGT
1886	TTCCTTCTCCTCATAAATAGATCATGGTTC
1887	CTGAAAAGGCCCAGATCACCGAGGAGGAGG
1888	CCAAAAATCCCCGCTTGTGAACACTGGGGT
1889	TCGCTCGAGAGAAGCAGATGAGGGAGGAGG
1890	TTTCATTCCACGGGAAGGAGATCTTGGGGG
1891	ACGGTGTGAACTACTTTGCAATCCGGGTGT
1892	AATTTTATCCTGAGAATGCTGAAGAGGAGC
1893	ATCGGGAACCATGATCTATTTATGAGGAGA
1894	GGTCTGAGGAGACAGCTGACCTGTTGGCTG
1895	TGGCTGAAAAGGCCCAGATCACCGAGGAGG
1896	CATCTCGTACAGTGACAAGGAGGTAGGACA
1897	TGGCCCCCAGGCTCACCGGGTACGTGGGCT
1898	AGATCATGGTTCCCGATACATAGCTGGAGA
1899	AGAATGCTGAAGAGGAGCTGGTTCAGGAGA
1900	TGGAAGTTCAGCAGATGAAAGCCCAGGCCA
1901	TTTGTTATTGCAGATGAAGTGGAAAGGGAA
1902	ACTACGACCCCAGTGTTCACAAGCGGGGAT
1903	GATAAAATTTGGCCAAGAAGTGAAAGGTGA
1904	GACTACGACCCCAGTGTTCACAAGCGGGGA
1905	TGCTCCTGGCTTCTTACGCCGTCCAGGCCA
1906	TTGGCCTGGACGGCGTAAGAAGCCAGGAGC
1907	AGGGCACAGAGCTGCTGCTTGGAGTGGATG
1908	TTCTAGCCTTCTCCTCCCTGGCCTGGGCTT
1909	TCGAAAGACAGGCTGTCACCAATGAGGTTG
1910	TGGCTTCTTACGCCGTCCAGGCCAAGGTAG
1911	CCTCAGAAATCACCAGTGCTTCGTTGGCCA
1912	GCTGCATTTCCTGCTCAGCCTCTGCGGCCT
1913	AACCAGCTCCTCTTCAGCATTCTCAGGATA
1914	TGTTTCGGATTTCATTCCACGGGAAGGAGA
1915	CTGAGCAGGAAATGCAGCGCATCAAGGCCA
1916	CAGGGTCATAAATGTGAAGCCCCAGGGCAT
1917	CCAGGGAGGAGAAGGCTAGAAAGCAGGTGA
1918	TCTTGAGAGAGCTGAAGCTCATGCGGGAAG
1919	AGGCTGAACGCACGAGGGATGAGTTGGAGA
1920	CTGCTGCTTGGAGTGGATGCCCTGGGGCTT
1921	TTGTTATTGCAGATGAAGTGGAAAGGGAAG
1922	GAGGTTGAAGCTTGGTATGTCAGGAGGCAA
1923	TCCCTCATCTGCTTCTCTCGAGCGAGGCGC
1924	TCAGCTGTCTCCTCAGACCGCATCTGGAGG
1925	GATCTTGGGGGTCAGTCTGTTCTCAGGGTC
1926	TCACCGAGGAGGAGGCAAAACTTCTGGCCC
1927	AGCAGATGAAAGCCCAGGCCAGGGAGGAGA
1928	CTGAAGATGGCTGAGGAGTCAGAGAGGAGG
1929	ATGAGGGAGGAGGCTGAACGCACGAGGGAT
1930	TCATCTGCTGAACTTCCAAAGAATCGGCTT
1931	CAAAAATCCCCGCTTGTGAACACTGGGGTC
1932	TTCAGCAGATGAAAGCCCAGGCCAGGGAGG
1933	CAGATCAGCTGAAGCAGGACCTGCAGGAAG
1934	CTTATTGGATCCACAGAATAAAAAGGGCAC
1935	GCATCAAGGCCACAGCGATTCGCACGGAGG
1936	ATCAGATGACTCCGGAAATGTGGGAGGAGA
1937	CGCATGAGCTTCAGCTCTCTCAAGAGGAAG
1938	GAACGCACGAGGGATGAGTTGGAGAGGAGG
1939	GCACGGAGGAGGAGAAGCGCCTGATGGAGC
1940	TCCGAAACATCTCGTACAGTGACAAGGAGG
1941	AGCTGAAGCTCATGCGGGAAGCGATGGCCC
1942	TGGCAATCTCCAGGAGCTTCTGCTTGGCTC
1943	ATGTGGGAGGAGAGAATTACTGCTTGGTAC
1944	TAATAAATCTGTATCAGATGACTCCGGAAA
1945	CGCACGAGGGATGAGTTGGAGAGGAGGCTG
1946	TATTGCAGATGAAGTGGAAAGGGAAGGACC
1947	ATACTGACATGAAGCGGCTTTCCATGGAGA
1948	CGCTCCGCCTCGCGTGCTTCCTGCAGGTCC
1949	ACTGTGCCCTCCAGATGCGGTCTGAGGAGA
1950	TGCAGATGAAAGAAGAAGCAACAATGGCCA
1951	TACACAATCAAGGACACAGTGGCCTGGCTC
1952	TCTTTGATTTGGTGTGCCGGACTCTGGGGC
1953	TTCATTCCACGGGAAGGAGATCTTGGGGGT
1954	CCTGCTTTCTAGCCTTCTCCTCCCTGGCCT
1955	GTCAGGAGGCAACGGTGCTGGAATTGGGTT
1956	ACACTGGGGTCGTAGTCACCATACTGGAAA
1957	TTGTGTACTGCAGTCCAAAGAACCAGGTTT
1958	AAAAGGCCCAGATCACCGAGGAGGAGGCAA
1959	GCCTCGCTCGAGAGAAGCAGATGAGGGAGG
1960	AGCGAAGAGCCAAGCAGAAGCTCCTGGAGA
1961	CCAAAGAGGCAGATCAGCTGAAGCAGGACC
1962	AGGTGCTGGCACTGAAGATGGCTGAGGAGT
1963	TCTTCCAGTTTACTATTAAACCACTGGATA
1964	ATCCTGAGAATGCTGAAGAGGAGCTGGTTC
1965	TCAATGAACTCAAGACAGAAATCGAGGCCT
1966	TGGTATGTCAGGAGGCAACGGTGCTGGAAT
1967	AAGCCGAGGTGCTGGCACTGAAGATGGCTG
1968	AATGAGGTTGAAGCTTGGTATGTCAGGAGG
1969	TCTCCTCCTCCGTGCGAATCGCTGTGGCCT
1970	CCTCAAAGCTTCGTGTTAATAAGCTGGTAA
1971	GAAGCTTGGTATGTCAGGAGGCAACGGTGC
1972	AGCTGCTGCTTGGAGTGGATGCCCTGGGGC
1973	AGCCAGGAGCACAGAAGCCTCAGGAGGGCA
1974	TGACATACCAAGCTTCAACCTCATTGGTGA
1975	TACGGTGTGAACTACTTTGCAATCCGGGTG
1976	TCAAGGCCACAGCGATTCGCACGGAGGAGG
1977	TCTTATTGGATCCACAGAATAAAAAGGGCA
1978	TGAAAGCCCAGGCCAGGGAGGAGAAGGCTA
1979	CCAGCTTATTAACACGAAGCTTTGAGGAGT
1980	AACTGAAAGAGAGGGAGACAGCTCTGGATA
1981	TGGAGCAGAAGGTGCTGGAAGCCGAGGTGC
1982	CAGCCATCTTCAGTGCCAGCACCTCGGCTT
1983	CGCCTCGCTCGAGAGAAGCAGATGAGGGAG
1984	CCCAAGAGGAATTGCTTCCAAAAAGGGTAA
1985	TGCGGGAAGCGATGGCCCCGGCCATGGCGC
1986	TTTGCTCTGCAATTCTGCAGGTACTGGATC
1987	AGAAGGTGCTGGAAGCCGAGGTGCTGGCAC
1988	TTTCTTCACCCCTCGCAGATGGAGCGGCAG
1989	CTGGCTCAAAATGGACAAGAAGGTTGGGCT
1990	GCTTCCAGCACCTTCTGCTCCATCAGGCGC
1991	GGAAAGGGAAGGACCTCTTTGATTTGGTGT
1992	CCTTGCAGAGCGCCAAGTCCCGAGTGGCCT
1993	GGGCCTGAGCCCCGCGCCATGGCCGGGGCC
1994	AGGACACAGTGGCCTGGCTCAAAATGGACA
1995	CGGGCCTGAGCCCCGCGCCATGGCCGGGGC
1996	TTATCCAGTGGTTTAATAGTAAACTGGAAG
1997	AGGAGGCAAAACTTCTGGCCCAGAAGGCCG
1998	GACTTCAAAGATACTGACATGAAGCGGCTT
1999	TACGCAGAGCACCGAGGCCGAGCCAGGTGA
2000	GCCCAAGAGGAATTGCTTCCAAAAAGGGTA
2001	CTTCAAAGAAGGCCACTCGGGACTTGGCGC
2002	AGTTTTGCCTCCTCCTCGGTGATCTGGGCC
2003	AGCTCATGCGGGAAGCGATGGCCCCGGCCA
2004	TAGAGCTCTTCAAAGAAGGCCACTCGGGAC
2005	TTTCTAGCCTTCTCCTCCCTGGCCTGGGCT
2006	GGCCTGAGCCCCGCGCCATGGCCGGGGCCA
2007	CCACTCGGGACTTGGCGCTCTGCAAGGTGA
2008	AAGATGGCTGAGGAGTCAGAGAGGAGGTGA
2009	TTCTGCACAATGAGAACTCCGACAGGGGTG
2010	TGAGGAGAAGGAAAGCCGATTCTTTGGAAG
2011	GCACAATGAGAACTCCGACAGGGGTGGCAG
2012	CTGTCTCCCTCTCTTTCAGTTTCAAGGCCT
2013	AGTAATTCTCTCCTCCCACATTTCCGGAGT
2014	AGAGCTCTTCAAAGAAGGCCACTCGGGACT
2015	AATGGGCCTCACCTGGCTCGGCCTCGGTGC
2016	TGTGCTTGCTGCTGCCACCCCTGTCGGAGT
2017	GGGGCTCCGAGAAACCTGGTTCTTTGGACT
2018	GCAGCAAGCACAATACCATTAAAAAGGTAC
2019	AGACAGCTGACCTGTTGGCTGAAAAGGCCC
2020	CCAGGCTCACCGGGTACGTGGGCTTGGTGG
2021	CTCGAGAGAAGCAGATGAGGGAGGAGGCTG
2022	TCACCTGCTAGAGCTCTTCAAAGAAGGCCA
2023	GCCCTCCTGAGGCTTCTGTGCTCCTGGCTT
2024	CCCAGAAGGCCGCAGAGGCTGAGCAGGAAA
2025	AAGAACCAGTCACCTTTCACTTCTTGGCCA
2026	TGGCCTTCTTTGAAGAGCTCTAGCAGGTGA
2027	CCTGCTTCAGCTGATCTGCCTCTTTGGCCC
2028	TCCTGCTCAGCCTCTGCGGCCTTCTGGGCC
2029	CTTCAGCATTCTCAGGATAAAATTTGGCCA
2030	CCTGCTCAGCCTCTGCGGCCTTCTGGGCCA
2031	ATTCTGCACAATGAGAACTCCGACAGGGGT
2032	TCTGCACAATGAGAACTCCGACAGGGGTGG
2033	AGGCGGCCAAGAAGAACTTAAGCGAGGCCC
2034	ATGATAGTGACTGCTTATGAGCATGGGCTG
2035	TGACAACGCGTGAGAATGGCCAGGAGGAAA
2036	TTTCAGCTGTTGTCTATGCTGTGGAGGTTG
2037	AGAAGAACTTAAGCGAGGCCCTGGGGGACA
2038	CAAGAAGAACTTAAGCGAGGCCCTGGGGGA
2039	AAGAAGAACTTAAGCGAGGCCCTGGGGGAC
2040	CCAAAATCTGACAACGCGTGAGAATGGCCA
2041	AGATACTGGGCTAACCTAAAGCTGTGGTTC
2042	CTGTTTCAGCTGTTGTCTATGCTGTGGAGG
2043	CAATGGCGACCTTTGTGAGCGAGCTGGAGG
2044	TAGGGATGACTTCCCTGTGCACCTGGGATT
2045	TCCATTCTCACAATGATTTCCTCCTGGCCA
2046	AATGATAGTGACTGCTTATGAGCATGGGCT
2047	CCTCGAGTGGGAAGCATCATTGTGTGGGAA
2048	GGTTCAAGCAGAAGATCAGCAAAGAGGAGT
2049	CTTACTGTTTCACGTTGTCCCCCAGGGCCT
2050	AGACAACAGCTGAAACAGCCTCCTCGGTGA
2051	CCAAGAAGAACTTAAGCGAGGCCCTGGGGG
2052	GTTAAGAGCATAGACAGTATGTGTAGGGAT
2053	TCTTACTGTTTCACGTTGTCCCCCAGGGCC
2054	AGCTGTTGTCTATGCTGTGGAGGTTGGTTT
2055	ATCTGACAACGCGTGAGAATGGCCAGGAGG
2056	ATCTTCTGCTTGAACCACAGCTTTAGGTTA
2057	TTGAAGCTCATAGACTTCTCACACAGGATA
2058	CACTATTCTTCAGGTATGGCTGCGGGGTCA
2059	AGCACAGGGAGCAGTAAAAGCTGGAGGGCT
2060	TGGCCGCCTCCAGCTCGCTCACAAAGGTCG
2061	AAAAAGATCGTACATGTTCACCGGAGGCAA
2062	TTCAAAAAGATCGTACATGTTCACCGGAGG
2063	TCATAGACTTCTCACACAGGATAATGGTAA
2064	AGAAGCTGGATTCTGACCAGCACAGGGAGC
2065	TTAAGAGCATAGACAGTATGTGTAGGGATG
2066	TGGCGACCTTTGTGAGCGAGCTGGAGGCGG
2067	GGCTGCACTCCTGCTGGCATGCTCCGGAGA
2068	GCACAGGGAGCAGTAAAAGCTGGAGGGCTG
2069	AGCTACTACACTATTCTTCAGGTATGGCTG
2070	CCGCAGCAAAACCTGGAAAACCCAAGGGAA
2071	TGCTGGATCTTTGCCTTGGCCAGGGGGTTC
2072	AGAGTGTCTCCGGAGCATGCCAGCAGGAGT
2073	TACACTATTCTTCAGGTATGGCTGCGGGGT
2074	ATTCCAGCCTCAAAATCCTCTCTCAGGAGC
2075	GTCACTATCATTCTCCCTTCAAGCTGGCCT
2076	CATGTTCACCGGAGGCAAAGATGCAGGTAG
2077	CGACCTTTGTGAGCGAGCTGGAGGCGGCCA
2078	CTGAGCAGCAGGCTGCACTCCTGCTGGCAT
2079	CACAAATTGCTGGGCTCCTGAGAGAGGATT
2080	CTCGAGTGGGAAGCATCATTGTGTGGGAAC
2081	GTAGCTTACAACAACTTAATAGAAAGGTAA
2082	CCACACAATGATGCTTCCCACTCGAGGCCA
2083	CGCAGCAAAACCTGGAAAACCCAAGGGAAA
2084	TGCTGCTCAGCATCATCAGGGGGTGGGTGA
2085	TCTCCCTTCAAGCTGGCCTCGAGTGGGAAG
2086	CAGCCTGCTGCTCAGCATCATCAGGGGGTG
2087	ACACTCTACCTGCATCTTTGCCTCCGGTGA
2088	ACACTATTCTTCAGGTATGGCTGCGGGGTC
2089	GCCAGGGGGTTCCGCAGCAAAACCTGGAAA
2090	GTGCTGGATCTTTGCCTTGGCCAGGGGGTT
2091	TTCTCCCTTCAAGCTGGCCTCGAGTGGGAA
2092	CAAGGCAAAGATCCAGCACCATCTAGGAGA
2093	CTGCTGCTCAGCATCATCAGGGGGTGGGTG
2094	GCAGCCTGCTGCTCAGCATCATCAGGGGGT
2095	ACTGTCTATGCTCTTAACATTGAAAGGATC
2096	CCGCCAGCGCTTGGCAGCCAAGGAGGGGCT
2097	TTCTGTTCGTCAGAAATTTGATGTAGGTTG
2098	TTTTGCTGCGGAACCCCCTGGCCAAGGCAA
2099	AGCCTGCTGCTCAGCATCATCAGGGGGTGG
2100	TATTGTTTCTGCCTCTGCAGATACTGGGCT
2101	CTAGATGGTGCTGGATCTTTGCCTTGGCCA
2102	CCAGGGCCTCGCTTAAGTTCTTCTTGGCCG
2103	CTCTCTCAGGAGCCCAGCAATTTGTGGCAA
2104	GAGAAGCTGGATTCTGACCAGCACAGGGAG
2105	TGTGTGAGAAGTCTATGAGCTTCAAGGTCA
2106	GTAGGGATGACTTCCCTGTGCACCTGGGAT
2107	ATATTTCTGTCTCCTAGATGGTGCTGGATC
2108	CACCCCCTGATGATGCTGAGCAGCAGGCTG
2109	CAGGAGCCCAGCAATTTGTGGCAAAGGATC
2110	ATTGAAAGGATCATCACGAAACTCTGGCAT
2111	TGGTGCTGGATCTTTGCCTTGGCCAGGGGG
2112	GCCAGGAGGAAATCATTGTGAGAATGGACT
2113	AAAGTTTCAAGTCGTCATCATCTTGGGGAT
2114	GCAAAGATGCAGGTAGAGTGTCTCCGGAGC
2115	CCATTCTCACGCGTTGTCAGATTTTGGTTT
2116	TTGTAAGCTACTACACTATTCTTCAGGTAT
2117	CCCTCCTTGGCTGCCAAGCGCTGGCGGTGA
2118	ATCATCAGGGGGTGGGTGAGAAGCTGGATT
2119	GTCTTGCTGCAGCTCTTCATGATTTGGATG
2120	ATACTGACGTCAGTTGTGTCAAGAAGGAAA
2121	CAAAGTTTCAAGTCGTCATCATCTTGGGGA
2122	CTTCCCACTCGAGGCCAGCTTGAAGGGAGA
2123	TGCAGCCTGCTGCTCAGCATCATCAGGGGG
2124	CGCCAGCGCTTGGCAGCCAAGGAGGGGCTT
2125	ATTGTTTCTGCCTCTGCAGATACTGGGCTA
2126	GGGGATCCTTTGCCACAAATTGCTGGGCTC
2127	GCTGCGGGGTCACGTTACTGCCAAAGGCAT
2128	AAGACAAAGTTCACCGCCAGCGCTTGGCAG
2129	AAGTTTCAAGTCGTCATCATCTTGGGGATC
2130	GCTTCCCACTCGAGGCCAGCTTGAAGGGAG
2131	ACAACTGACGTCAGTATATCTTTAAGGTGA
2132	AGCCCCTCCTTGGCTGCCAAGCGCTGGCGG
2133	TGGGGATCCTTTGCCACAAATTGCTGGGCT
2134	TTCACCGCCAGCGCTTGGCAGCCAAGGAGG
2135	ACCGCCAGCGCTTGGCAGCCAAGGAGGGGC
2136	AGTTTCCGAAGCCGAACTGCTCGATGGCGT
2137	CTCAGCCACAGAGATGTCCAGCGGGGGCAG
2138	TCGAGCAGTTCGGCTTCGGAAACTGGGTGA
2139	TTGGTGCTTCCCGGACTCCCCAAGAGGTGA
2140	CGGGGGCAGCGGGGTGGTGAGGCTGGGTGA
2141	CGCGCCCACGTGGACATGTACGTGCGGAAG
2142	CGTGACAGACCACACCTGTCCCAGCGGAGG
2143	GCACTCGGTGCAGCGGAAGCGCAGCGGGCT
2144	GCTCAGCCACAGAGATGTCCAGCGGGGGCA
2145	CATTACGTGAGCATGTACATCCACGGGAAC
2146	GCTGCTGGACGCCATCGAGCAGTTCGGCTT
2147	CAGAGAGCCCGCTGATGAGCGTCTCGGCAT
2148	AAGCGCAGCGGGCTCACCTCGGCCAGGCAG
2149	CTGGAGATCCAGCCGCTTTCTGTGAGGAAA
2150	GGCGCTTCACGCTCTGGGGGCCCGAGGCCG
2151	CGCTGCAGTTCTCGGATCTTGGCCCGGAGC
2152	CTTGCATGACATGAACTGGTACAGCGGCCT
2153	TCGATGTCCTGGCACTCGGTGCAGCGGAAG
2154	GGTAGCGGCGGTGGTGGCCGATCTCGGCGC
2155	AGGCTGGCACCAGATTGTAGTCACGGGCGA
2156	CACGTAATGCTCCATCACCTCTTGGGGAGT
2157	AGTCTTCACAGTCACGTAGCGGGCTGGACT
2158	CTCTGTGGCTGAGCAGCAGCAGCTGGGCTA
2159	GCTTCCGCACGTACATGTCCACGTGGGCGC
2160	AGCATGTACATCCACGGGAACCTGGGGAAG
2161	CTGGGACAGGTGTGGTCTGTCACGCGGTTG
2162	GCCCTTTGTCATCGTAGGAAGATATGGCTG
2163	CGGGCCAAGATCCGAGAACTGCAGCGGTAC
2164	GCATTACGTGAGCATGTACATCCACGGGAA
2165	CGGAAGCTGAAAGAGAGACAGCGGCGGAAG
2166	TGCTCAGCCACAGAGATGTCCAGCGGGGGC
2167	GGGGAGTCCGGGAAGCACCAACGTGGGCAG
2168	AGTACTGCGTGTACTGCCTGGCCGAGGTGA
2169	AGCTTCCGCACGTACATGTCCACGTGGGCG
2170	GTGCGGAAGCTGAAAGAGAGACAGCGGCGG
2171	CACGGCTACCAGCTGGTGGACGGCGGGCGC
2172	TAATAGTCTTCACAGTCACGTAGCGGGCTG
2173	AGCGGAAGCGCAGCGGGCTCACCTCGGCCA
2174	GGACGGCGGGCGCTTCACGCTCTGGGGGCC
2175	CCGAGGGCGGCTGGACCAGTCGCGAGGAGC
2176	GAGGGGATTCCTTGCCGCTTCTGGAGGTGG
2177	CCAGTCGCGAGGAGCAGCTGCTGCTGGACG
2178	TGGGGAGTCCGGGAAGCACCAACGTGGGCA
2179	GTAGGAAGATATGGCTGCCCACGTTGGTGC
2180	ACCGCCGCTACCACGGCTACCAGCTGGTGG
2181	GACAGGTGTGGTCTGTCACGCGGTTGGGGA
2182	CTCGATCTCGTAATCATCCCGCAGCGGCAT
2183	CCAGCAGCAGCTGCTCCTCGCGACTGGTCC
2184	CTGCTCAGCCACAGAGATGTCCAGCGGGGG
2185	CTACCACGGCTACCAGCTGGTGGACGGCGG
2186	AGGCGCTGAAGCGCAAGATCACCAAGGAGG
2187	GAGTCGGCAGAGTACGAGGCAGCGCGGCAT
2188	GACGGCGGGCGCTTCACGCTCTGGGGGCCC
2189	CCTCGCGACTGGTCCAGCCGCCCTCGGCCT
2190	ATCTGGTGCCAGCCTTCCTGGGGAAGGACA
2191	ACTGGTCCAGCCGCCCTCGGCCTCGGGCCC
2192	CAGAGATGTCCAGCGGGGGCAGCGGGGTGG
2193	AGGGGGCCTCCGCTGGGACAGGTGTGGTCT
2194	AGAACATCGCCCGTGACTACAATCTGGTGC
2195	CACTCGGTGCAGCGGAAGCGCAGCGGGCTC
2196	CGCTGCCCCCGCTGGACATCTCTGTGGCTG
2197	TACAATCTGGTGCCAGCCTTCCTGGGGAAG
2198	CGAGCGGGGGAAGATGGCGGAGCTGGGGAA
2199	ATAATAGTCTTCACAGTCACGTAGCGGGCT
2200	AGATCGAGCTGAAGCGCGCCCACGTGGACA
2201	GGCGGTGGTGGCCGATCTCGGCGCCGGCCG
2202	AGCTGGTAGCCGTGGTAGCGGCGGTGGTGG
2203	CCACGGCTACCAGCTGGTGGACGGCGGGCG
2204	TGTACATCCACGGGAACCTGGGGAAGGCCT
2205	GGCACAGCTCGATGTCCTGGCACTCGGTGC
2206	GTGGACGGCGGGCGCTTCACGCTCTGGGGG
2207	GACAGACCACACCTGTCCCAGCGGAGGCCC
2208	CCAGGATGCCGAGACGCTCATCAGCGGGCT
2209	TCCATCTTGGTGATCCCGTTTCGCCGGTAC
2210	TGAGCATGTACATCCACGGGAACCTGGGGA
2211	AAGGCTGGCACCAGATTGTAGTCACGGGCG
2212	ACCGGCGAAACGGGATCACCAAGATGGAAG
2213	ATGCAGGCCTTCCCCAGGTTCCCGTGGATG
2214	TGGGGGCCCGAGGCCGAGGGCGGCTGGACC
2215	CGGCTCCAAACGGGGAAAGGAGGACGGCAA
2216	TGCTCCATCACCTCTTGGGGAGTCCGGGAA
2217	CACTCGGGGCACAGCTCGATGTCCTGGCAC
2218	GCTCTGGGGGCCCGAGGCCGAGGGCGGCTG
2219	CTTCCCGGACTCCCCAAGAGGTGATGGAGC
2220	TCTGACAGGAGCTCGAAGCCTGGAAGGTTC
2221	TCGAGCTCCTGTCAGATCGCGAGAAGGTGC
2222	ATAATTAAAGACCACCTCCAGAAGCGGCAA
2223	CAAAAACCTAGCCGGCTCCAAACGGGGAAA
2224	GCTCGAAGCCTGGAAGGTTCTCAATGGCGG
2225	CGCGGCATAAACGGGAGAAGAGGAAGGAGA
2226	TCTCCTTCTTGTCCTTCCCCAGGAAGGCTG
2227	GAGCGGGGGAAGATGGCGGAGCTGGGGAAG
2228	GGAAGAAGTACTGCGTGTACTGCCTGGCCG
2229	GCGAGCGGGGGAAGATGGCGGAGCTGGGGA
2230	GAGCATGTACATCCACGGGAACCTGGGGAA
2231	GCTGGGTGAGAGGGGGCCTCCGCTGGGACA
2232	CACGCTCTGGGGGCCCGAGGCCGAGGGCGG
2233	TCCTTCTCCTTCTTGTCCTTCCCCAGGAAG
2234	TAGCCGGCTCCAAACGGGGAAAGGAGGACG
2235	ACCAGCTGGTAGCCGTGGTAGCGGCGGTGG
2236	TCGGCGCCGGCCGAGAAGCACTCGGGGCAC
2237	GCTGTGCCCCGAGTGCTTCTCGGCCGGCGC
2238	CCGCCGTCCACCAGCTGGTAGCCGTGGTAG
2239	CGAAGCCTGGAAGGTTCTCAATGGCGGCGA
2240	GCCGCTACCACGGCTACCAGCTGGTGGACG
2241	TAAAGACCACCTCCAGAAGCGGCAAGGAAT
2242	TCTCGGCGCCGGCCGAGAAGCACTCGGGGC
2243	GCAGCGCGGCATAAACGGGAGAAGAGGAAG
2244	ACTTTGTCCAGGTAGCTAGGAAGGCGGCTT
2245	GTGAAGCGCCCGCCGTCCACCAGCTGGTAG
2246	CTCGGCGCCGGCCGAGAAGCACTCGGGGCA
2247	CAGGTGTGGTCTGTCACGCGGTTGGGGATG
2248	GCTCCATCACCTCTTGGGGAGTCCGGGAAG
2249	TCCTTTCCCCGTTTGGAGCCGGCTAGGTTT
2250	CAGCAGCTGGGCTACATGCCGCTGCGGGAT
2251	ACGGGATCACCAAGATGGAAGAGTCGGCAG
2252	GAGAAGGAGCTGCGCCTGAAGCTGAGGCCG
2253	AGATGGAAGAGTCGGCAGAGTACGAGGCAG
2254	CGGGGTGGTGAGGCTGGGTGAGAGGGGGCC
2255	CTTCTTGTCCTTCCCCAGGAAGGCTGGCAC
2256	CGGGCGGCGAGCGGGGGAAGATGGCGGAGC
2257	AGGACTTTGTCCAGGTAGCTAGGAAGGCGG
2258	TCTCTGTGGCTGAGCAGCAGCAGCTGGGCT
2259	CGCTGAAGCGCAAGATCACCAAGGAGGAGA
2260	TCCACCAGCTGGTAGCCGTGGTAGCGGCGG
2261	GATCGGCCACCACCGCCGCTACCACGGCTA
2262	CGCTGTACCAGTTCATGTCATGCAAGGAGT
2263	ATGATTACGAGATCGAGTATGACCAGGATG
2264	AGCGGGGTGGTGAGGCTGGGTGAGAGGGGG
2265	TGGTAGCCGTGGTAGCGGCGGTGGTGGCCG
2266	TTTCGCCGGTACCGCTGCAGTTCTCGGATC
2267	CAGCCTTCCTGGGGAAGGACAAGAAGGAGA
2268	ACAGAGATGTCCAGCGGGGGCAGCGGGGTG
2269	AAGATCCGAGAACTGCAGCGGTACCGGCGA
2270	TGCGCTTCCGCTGCACCGAGTGCCAGGACA
2271	TTGAATTTCCTCACAGAAAGCGGCTGGATC
2272	GCCTCACCACCCCGCTGCCCCCGCTGGACA
2273	GGACGCCATCGAGCAGTTCGGCTTCGGAAA
2274	GAGGAAGGAGAACAAAAACCTAGCCGGCTC
2275	GTCACGCGGTTGGGGATGGTGTCGGGGATG
2276	GGGATTCCTTGCCGCTTCTGGAGGTGGTCT
2277	ATCGAGCAGTTCGGCTTCGGAAACTGGGTG
2278	AGCAGCTGGGCTACATGCCGCTGCGGGATG
2279	TGTGGTCTGTCACGCGGTTGGGGATGGTGT
2280	CTGTCAACTATGATGACGACGACGTGGAGA
2281	ACAGGTGTGGTCTGTCACGCGGTTGGGGAT
2282	CTGTCACGCGGTTGGGGATGGTGTCGGGGA
2283	CCAAAAGCCGCCTTCCTAGCTACCTGGACA
2284	AACTGGTACAGCGGCCTCAGCTTCAGGCGC
2285	TCACAGAAAGCGGCTGGATCTCCAGGGACG
2286	TGTCACGCGGTTGGGGATGGTGTCGGGGAT
2287	GCGGGGTGGTGAGGCTGGGTGAGAGGGGGC
2288	AGATGTCCAGCGGGGGCAGCGGGGTGGTGA
2289	GTTCGCCGCCATTGAGAACCTTCCAGGCTT
2290	GAACTGCAGCGGTACCGGCGAAACGGGATC
2291	CTCACAGAAAGCGGCTGGATCTCCAGGGAC
2292	GGGGTGGTGAGGCTGGGTGAGAGGGGGCCT
2293	TCAGGCGCAGCTCCTTCTCCTCCTTGGTGA
2294	CCAGGTAGCTAGGAAGGCGGCTTTTGGAGG
2295	TCCAGCGGGGGCAGCGGGGTGGTGAGGCTG
2296	GGCTGGGTGAGAGGGGGCCTCCGCTGGGAC
2297	AGCGCAAGATCACCAAGGAGGAGAAGGAGC
2298	CGTACTCTGCCGACTCTTCCATCTTGGTGA
2299	GCGATCTGACAGGAGCTCGAAGCCTGGAAG
2300	CAGAGCACCTTCTCGCGATCTGACAGGAGC
2301	GACTGGTCCAGCCGCCCTCGGCCTCGGGCC
2302	CACAGAGATGTCCAGCGGGGGCAGCGGGGT
2303	CGTCCTCCTTTCCCCGTTTGGAGCCGGCTA
2304	CAGGATGCCGAGACGCTCATCAGCGGGCTC
2305	TCACGCTCTGGGGGCCCGAGGCCGAGGGCG
2306	CCGCTGATGAGCGTCTCGGCATCCTGGTCA
2307	CTACAATCTGGTGCCAGCCTTCCTGGGGAA
2308	GTGAGAGGGGGCCTCCGCTGGGACAGGTGT
2309	ACAAAAACCTAGCCGGCTCCAAACGGGGAA
2310	TACCTGGACAAAGTCCTAAAGAAAAGGATT
2311	TCCTGGGGAAGGACAAGAAGGAGAAGGAAA
2312	ACCTAGCCGGCTCCAAACGGGGAAAGGAGG
2313	TTGGAGGGGATTCCTTGCCGCTTCTGGAGG
2314	GTGTCGGGGATGCAGGCCTTCCCCAGGTTC
2315	GATTTTGAATTTCCTCACAGAAAGCGGCTG
2316	CGTCTCAGCTTCAAGACGCGTCCCTGGAGA
2317	AGTACGAGGCAGCGCGGCATAAACGGGAGA
2318	AACAAAAACCTAGCCGGCTCCAAACGGGGA
2319	CTCACGTAATGCTCCATCACCTCTTGGGGA
2320	CTTTGCCGTCCTCCTTTCCCCGTTTGGAGC
2321	TCACGTAATGCTCCATCACCTCTTGGGGAG
2322	TCGAGCTGTGCCCCGAGTGCTTCTCGGCCG
2323	GGTACCGCTGCAGTTCTCGGATCTTGGCCC
2324	GAGTACGAGGCAGCGCGGCATAAACGGGAG
2325	ATGGCTGCCCACGTTGGTGCTTCCCGGACT
2326	GGTTGGGGATGGTGTCGGGGATGCAGGCCT
2327	GTGCTTCTCGGCCGGCGCCGAGATCGGCCA
2328	GCGGGGGCAGCGGGGTGGTGAGGCTGGGTG
2329	TGGACGGCGGGCGCTTCACGCTCTGGGGGC
2330	AGAACTGCAGCGGTACCGGCGAAACGGGAT
2331	CTTTAGGACTTTGTCCAGGTAGCTAGGAAG
2332	TCAAACTCCTTGCATGACATGAACTGGTAC
2333	ACTACAATCTGGTGCCAGCCTTCCTGGGGA
