1	GGCCGTAATGGCTTCCTCGTGAGTTGGTCC
2	AGAAGCTCGTGCGAGTGATAGACCAGGAGA
3	ATGGCACGGACGGTATATGGCAGGAGGTGG
4	TGGCTACTTCTGCGAGACACGGACAGGTCG
5	ACTTCGGCCCACGCTACTACAGTTCGGGCT
6	GGCGGAGGACGGACGTTCGCAGCATGGTGC
7	AAGGTTGTCGTAGACCGAGAACAACGGGGT
8	TAAGATCAAACTCTACAAGCTTCACGGCCT
9	AGTCCCGCGTGCAGCAAGTCCCACTGGTGT
10	TTTGATCTTAAGCAAACGCTTACCAGGCTC
11	GCACCGTGGATCCACGAAGCGAGATGGCAG
12	TCGGAAGCCTGCCATCTCGCTTCGTGGATC
13	CGGGCCATTCGAAGGTCGCCCGCATGGCGG
14	CCGGAGCTACGATGGCAGCGTCAGTGGCAG
15	GTATGAGATATGAAGTCTACCAGCTGGCTC
16	AGTTCCTGTCGAAGCAATTTCCATTGGGAT
17	TGACTGATTTATTGCTCACTGCTTTGGAAA
18	GGAGGATTCCTGTAGGTTGAATGCCGGAAA
19	GTGTCTGAACACACACAATTAAGTTGGATC
20	GTCCTCAATATTCTCCGCTGCCCCAGGCAC
21	CCAGGTTGGCCTCGCGCCGTCCTACGGGGC
22	ACTACATCTTTGCTAAGAAGTACCAGGGGA
23	AGTGCGGTTCGCTCCCAGCCCCACAGGTAA
24	CGGATCTGGAATAATGTGACTCGCTGGTTT
25	GCAGCCAGAATTCCGAGCCGTGCTAGGAGA
26	AGTGGCTTCGGCTGCACACCTACTTGGCCG
27	CTGCATACAGCCCCCGATATGTTGAGGCTG
28	ATTGTATGAAATCCCTACGAAACCCGGTGA
29	TCCTTCCACTGCCACACCTCCCTAAGGAAG
30	CCTGGTACCCGTGGTGGGTACGAGAGGGCT
31	CCTCCAGGCCTTAATGGATTCTGCAGGTGA
32	CAGGCTGTGGTGGAGAAACAACTGTGGAAG
33	TACACCATCAGCGACACCATAGCACGGTTC
34	GGAACCGTGCTATGGTGTCGCTGATGGTGT
35	GAACATGGAAAGCACGTAAAATTTTGGCTT
36	TACTCACATCAGCTTCTGAAATTTTGGAGG
37	GGTCTGGGGGGACTGACCCGACTGCGGTGC
38	AGAGCCCCAAAGTCAGCTAGTCGCAGGGGC
39	CACCATCTCCAGAGTTGAGGTCCCAGGGTT
40	GGCTCTACACCGGGCCGAAGCCTCTGGTGG
41	CAGTCTCAGCTTCCCGTATATGAGTGGCCG
42	CTCACCGTAAGTCGCCCCCTCCATTGGCTG
43	GCTTCTATCATATAAAACTCTGCCAGGTGC
44	GGATTCGTTCTGTCCGATCCCAGAAGGAAG
45	CAGCTGATAAAAAGTCCATCCAAAAGGCAA
46	ACTCTGTCACAAATTCATAGCACCTGGCCA
47	CTTAGGTTATAGAGGAACTGTTCAAGGCTA
48	AAAGATGACCCATCATTTACATGCAGGAAC
49	TGAACTTGAATATCTGGTCTTGAATGGTCA
50	AACGTACCTTCTCTGCTAGTCTCTTGGCTT
51	ACGAACGCAACTCTCCACATGTGTTGGTCC
52	TGGAGAGTTGCGTTCGTCTCACTTAGGCCA
53	CCTGTACAGCTGACTTAACCAAGAAGGGAA
54	GTTGGGTGGTCCTTCTGATGGGTCTGGATA
55	CAGAACCACCTGTTCGAGCAGTATCGGGAG
56	CTCTTCTCCCGATACTGCTCGAACAGGTGG
57	TGTTGACTTCCTCTCCCGTGAGTCTGGACT
58	AAGGTGCGCATGATCATATACAGTTGGTCC
59	TGGAGGACGCACGTGCCTACATGAAGGGGC
60	ATGGCCTACAGCTGTGAGAGCAAATGGACA
61	AAGGCGTCCATTCATATATGGATATGGGAA
62	ATCCCAGACTATCCCAGAACAAGCAGGCCC
63	CTGTAGTCCGCACCTTCTCACCTTTGGTCT
64	AGCCACCTACCTCATCGTTACTGATGGGTA
65	CTTACAGCTAAAGCGTCTGCAGTAAGGTCA
66	TTTATCCGCTCCGCGTCACACTTCAGGATG
67	TGCTCCAGTTGTACTTGTAATTAGAGGAAC
68	AGGCAACCGGACGATTCAGTGGAAAGGTGA
69	CGGGCCACAACGTGATCGCGCTGGTGGGAG
70	CGCCGTGCCACGGTCGAAGAGCTCTGGGAG
71	ATCAGGCATTACCCGTTTATACACTGGAGC
72	AGCGTGATCTGCTCTTCCAAGCCCTGGGCC
73	CGCCACTCACTGTAGGTGCGGCCCAGGGCT
74	AGGAAGATCTGTCGGAACTGGGAGCGGACC
75	CAGGAACGCACCACTCGGAACACCCGGGGC
76	TGGCCGCTGTCGGGGAGGACACCGTGGGCC
77	TTTGCTGAGTGGCCTCTTATACCCCGGACT
78	TAGATGTGTACAGACTCTCCTCCGTGGTCA
79	GAAGAGAAACTGCACCTTATCACCCGGAAC
80	TGGTCACACAGCACGATTCCAAGAAGGCTG
81	CCCCCAGGCCTGACCTGCAGGTTCCGGGTG
82	GGTGATAAGGTGCAGTTTCTCTTCAGGGCT
83	TCTGGAACTCCTCACCCAAGAGTTTGGCAT
84	GGGCTGGGGGCAAACATAATGACCTGGACG
85	ATCATCACACCTTCTTCGAGATGCTGGGCT
86	AAGCAGCTGGCTTAGAAGCAGATCTGGAAT
87	AATAAACCGAATAGAGAGAGCCACCGGCCA
88	TGGCCGTGTCGGTGAGGAAGATGGAGGAGT
89	AGTTGGGGTCGCTGGCACTCATTTTGGTCT
90	GGAAGTGGTGTGGTCTTTGGCCGGTGGCTC
91	AGCTCCACAGCCCACGCATATAGCTGGTCA
92	TGGGCCCCAAGTTGGAGGCTGATCTGGAGA
93	AGAAATTTGTGCTCAAAACCCCCAAGGTAA
94	ATGCCACAAGCACCTGTGTCTCCGTGGTCC
95	AGGTGGCGAAACTCCTGAAACTGAAGGCAC
96	AAGAGTTCATACAAGCAGAGCTAAAGGTAG
97	TACGTCAGCAGCAGTTTAATGTCCAGGCTC
98	TTACTGTTATTACAGATCGAGTTTTGGTTC
99	AATTTAACCATCTGCTTGCTTGCATGGTCT
100	ATACAAAAAGCTGATGAAGTTGTTTGGGTA
101	AATTTTGCCCGTGTGTCTAACATGAGGACC
102	TTGGTGCTGGTGAAGAGAAGCAAAAGGAAG
103	GATCTGGAGATGGAGGTCGAGCTGAGGTAA
104	TGTGGCCCTTTGATAGATCTCTGCCGGGGT
105	AGGACCCCGGCAGAGATCTATCAAAGGGCC
106	AAGGATATAGAGGCCAAAGAGTAAAGGTGT
107	CATTTACCTTGCCTGCGCAGCCTGTGGACC
108	TCCAAACCTGCTGCAGCAGCCGCGCGGAGC
109	AGTATCGACTGAATATTCTTCGAAAGGTGA
110	AGTGCTCCGCGCGGCTGCTGCAGCAGGTTT
111	CCCAAGTAGACGTAGACAAAGCAGTGGCTG
112	ATGATATTGTAGACCGAGCAAAAATGGAAG
113	GTTAAGATTGACATATGCACAAGCAGGACC
114	GAGACCGAAAAACTATTCCCATAAAGGTTT
115	ACTCACCAGAGGATCTTCCCTTCCTGGTCC
116	CCTATGCAGACTATCACGATCTCATGGAAA
117	AAACAAGGTATCGCCAGAGATACTTGGACT
118	TGGCATCGACCGGGTTTATGAAATTGGACG
119	ATATAAGAAGTTTCTTAGATGAGCTGGGAT
120	CATACCTATAGAACTCCTCTTGAATGGTGG
121	TTCAGAGTTTACCCTTACCTGTGTCGGGCC
122	ACCGTAAAGAGATCCCTCTTGCCAAGGATT
123	GAAAGTTGCTGGTTAAATTGTTCCAGGTCC
124	TGAACCTCTATACATGCAACGACTTGGGGA
125	TCTCTAGGCCAAAAACTTGTGATCTGGGGA
126	TACAGTCGGACATGATGTCACACCTGGTGA
127	CACAGACTCACGTGTTGCACTTCCTGGGCA
128	AGTCATGTCGGGATTCGACGATCCTGGCAT
129	GCCAAGTCCTCATAGTTCACCACCAGGCTC
130	GGAAGTAGGCCAGCACGTGCTCCCTGGCTG
131	GTGGTTGGTGATGCGGTCGTACTTGGGGTA
132	CGGCCGGCCCCTTTGAGGTCAACATGGAGG
133	GGCCGGCCGACTGGCACTCAGGACAGGAGC
134	GAGGGCGGCTGTATCTGCAGACACGGGGCT
135	TGCTTCTTCCCGAGTTCATCATCCTGGTAG
136	TATTTTCTTGCCAATCCTGCGCACTGGGTT
137	CCACTTGAGGTTCGGCTGGCTCATCGGGAA
138	GGAGTGCCAAACCAACCGCTCAGGAGGGCG
139	GCCTGGAGACCACGTCAGCGTCACTGGTAT
140	GGGTCATCCTCGGCTACGTCGTCCAGGTCC
141	CAGTATGTCTGCAGATGTACCCCTTGGTAA
142	GGGCCGAAGATAACGCGGATACCTTGGCGC
143	GACGGATAAGATGGATTTGCGGTTTGGTTT
144	TTATCCGTCCACTGACTCCGTTCCAGGCGC
145	GAGGTCTTACGTGGTGCCTCATAGGGGATA
146	TCCAGCTCCGCTTCCTCCTCGTCGCGGGGC
147	CTTCCCACCCTGGCAGGGATCACACGGCTG
148	AGCGCTGGTGTCGGGCCAAGCAGATGGGCT
149	GCAGTTTGACCTGGCCTGGCAGTACGGGCC
150	ATAATGGTAGGTCGAGGACTTCACAGGTGT
151	GTTCAGGCACGCCAGGATGATGACTGGATT
152	CTGAGCAAAAGATTATCGAAAGCCAGGCAT
153	TGAACTCTTACACCACACCTTCAAAGGTAA
154	TCTTCTCTCACTACTGCAACCTTGTGGCAC
155	TTGCAGTAGTGAGAGAAGATAAATTGGAAG
156	ATACACTAGGGGTTCATGTTAACCAGGCCA
157	GTGTAGAAGTAGGGAGCGAAGCCGTGGATG
158	TTGGCCATCAGCCGGGACAGTCGCGGGGGG
159	ATGGCCAAGTTCAGCTCCCGTTGCAGGTCA
160	CAAATCGCAAATATGGCGCCGGAGCGGCTG
161	GTGAATTAGAGCTTGAAGATAAACTGGAAA
162	GGAGCAGCAAGCCCCGCAACTTGAAGGCGG
163	GCCCACCACACAGCACTTCTCCTCAGGCTG
164	CAGTGCAGCGCCGCCCACGTCTCCCGGGTT
165	GCTGTGTGGTGGGCACTCTGTTCAAGGCCA
166	CCTTCTCCCGCAGGTTTGTGCTACTGGTGT
167	TCGTTACCCCATTGAAAGAAGCTCTGGAAG
168	ATGTGGCGTACAGCACGAAGACGCTGGCGG
169	GTCTTCGTGCTGTACGCCACATCCTGGTGA
170	CCTCGTCTACTCACCGCTGCCGCAAGGCTG
171	GCCCCTTCCCCAGGACCGCTTCATTGGAGC
172	GCTCCAGGACTCGAAGTGTCGTTTCGGGGC
173	ATCAGGGATTCCGAAGCGTCGCACAGGTGA
174	ATGGGGACCTACCTGGCCTTTAGCAGGGCT
175	TGTGTTCTCACCTGTGCGACGCTTCGGAAT
176	GCCTCTTCACCGGAGAGTCACTCTCGGACA
177	TGGGGGACCGTAGAGAAGCAAGTGTGGCAG
178	AGGCATTCTGGGCGTCCTGAGTCATGGCGT
179	TGTCTTTATATAGCTGTTTCGCACAGGCTA
180	CAGGGCCGATACTTGTCCACCCAGAGGCTC
181	TATGTGTATTCTACGTGAACTTTATGGTGT
182	TGGACAAGTATCGGCCCTGCTCCTTGGGAC
183	ATCACTCATGAGCAGTCGATAACGCGGCGG
184	GCGGCGGACTATTCCCCGTAGTAATGGGAC
185	TGGCAAGCCGCCACAGCTCAAGTCAGGCGA
186	CCTCAGCCCGCCGCTCACTGCGTTTGGCCA
187	ATGAAGACACCGTGAGCAGGCTAGAGGTGA
188	CTGATGAATGTTATCGAGAAGGAGAGGGTA
189	AGCCACTCACCTCTAGCCTGCTCACGGTGT
190	CCTTCTCGATAACATTCATCAGCCTGGTGA
191	TCTTTCAGGGCATGAAAATCAACATGGACA
192	ATGCAAAGCACATGAAGCCGAGCGTGGAGC
193	GCTCGGCTTCATGTGCTTTGCATACGGCTC
194	TTTCCAGGAATGAGTGCAGAGCACAGGTGG
195	GAGGTGACTACCTTCTGAAACTTCCGGGCT
196	ACCCCGCAAGTCGCCCAAAATGTGTGGATG
197	TCAGTACTAAACCCCCGCTGACCAAGGATC
198	GAAAGCAACTTCATCCACACATTTTGGGCG
199	TGTTCTCTCCGCTACTTCCCGCACTGGCAG
200	CCACTTACATCTGTGTCAACCCACTGGCGA
201	TTCTTCTAACCTAGGTCACTATTGTGGGGA
202	TAGATGACATGACAGCTGCACCCATGGACG
203	CTCACCTGGGTGACGTTCACGCCCTGGTCC
204	GGACCCCTCACCGCCCAAGCATGCTGGTAG
205	ATGGAGGACACGGACTTTGTCGGCTGGGCG
206	AACATACGGGTTCCATCAACTCGATGGTTC
207	GGACATAAGATGTACACAAGATGGTGGCCT
208	GTCTTAGCTTGATGAAGAAATCTCTGGAAT
209	CAGGGGATAGTGAAGTTTACCAACTGGGTG
210	ATGAGTCCGAAACAACTACCAGTTTGGTTC
211	AATGACTTGACAGGTCGGAATTCGAGGTAC
212	TGTGCGATGGCGTCTCGATATGACAGGGCG
213	GAGGTACCAATATAGTTGTTCTTGGGGTAG
214	ACTTCGAAAAGCTGACTAATTATTCGGTGA
215	AGAATGCAGGTCATTCAGATGTAGCGGATA
216	GCTACTATACCTTGATAGCCTCAATGGCAT
217	TTACATTGCAGGTTGTGCCATGAGTGGGCT
218	GTGTGACCCAAGCTGTGTCCAATCTGGCTT
219	TAGCATCAGCAATTAGCCCACTCATGGCAC
220	TCCCATAGTTTCTTACCTGCATCATGGTAA
221	GGTAACTGTTGGGTCAATCTTAGGAGGCAA
222	ACCTAGGGTCAGAGCACTTACTCTAGGCAG
223	CCGATACGCGAGCCACTAACGATTCGGTCG
224	AAGGTCCCTCACGCACGCAAGACCGGGACC
225	GGTGGTCCCGGTCTTGCGTGCGTGAGGGAC
226	TGTCCGCCACGACCGAATCGTTAGTGGCTC
227	GAAATATCAGCTATAAATATCGAGAGGACT
228	CTGTGTCTCTGCAGACCACCATCATGGCAG
229	GGGTTCTGATTCCCGAGTGTCTGCAGGGTG
230	GCTGGGACCAACGTGAAGGAGGTCAGGTGA
231	CCCCATATCATGTGAACCTCCTCCTGGCTG
232	CAGGTAGTCCATGTAATACAGCGCTGGCCC
233	TGAAAAGATATTACTCCTGTGTGTTGGAGA
234	CCTTCATGCTCATCATAGCCAGCCAGGAGG
235	GTCTTTATTGTTGTTCCACCCAGCTGGCAG
236	TAGAAGTACCTGTGGAAGTCACCCAGGTGT
237	ATGATTATATCGATGCAGAACACCTGGGTG
238	CTGGACCCATCCTTATACTCATACCGGAGG
239	AAGAACCCATTCCTACAGCTCAGCTGGTAC
240	TACTCTCTGTACCAGCTGAGCTGTAGGAAT
241	GCGTCCTACTACAAAGATGCTCTGCGGTTT
242	AAAACCGCAGAGCATCTTTGTAGTAGGACG
243	GAGGATGACTTCTCTAATCAGTTACGGTAA
244	GATGAAGATGAAGATGCACATGTCTGGGAG
245	GGGGCATGTCTTACCTTGGTACAGAGGTCT
246	TGTTTCGTGAAGACCTCTGTACCAAGGTAA
247	ATTTCCCCAAGAAGATTTCTGAGCTGGATG
248	ATGCATCCAGCTCAGAAATCTTCTTGGGGA
249	CCTTTAGCTCAGATCCAAGTCCTCTGGCAT
250	ATAGACCCTGAATGTTTCTCAGTGTGGAAA
251	TGTGTTGTAGAATGCCAGAGGACTTGGATC
252	GACCAACCTTAATGTAGTCCTCAGAGGAGT
253	TTGACAAGTACCTGTACTCCTCTGAGGACT
254	GAGGAGTACAGGTACTTGTCAATCTGGGTG
255	GAGCCACGCTCACCTGTCGTGTAGAGGTTT
256	TCACTGTCCAGCAGCCGTGTGCGCTGGATG
257	ACACTTACACCATCCAGTCCATCATGGCTA
258	CATCCAACCTTCGCTTCTTATAAGTGGGCT
259	AGTTAGGTCATGGATGTTTAAGATTGGTTC
260	GAAGATGACAAAGACGATTCTGTATGGTTT
261	CGGGGTGTGTCGCGATGCCGGAGCTGGCAG
262	GCGTCATGCCGAAGCGTAGCTGTCCGGAGC
263	AGCTACGCTTCGGCATGACGCAGACGGGCA
264	ATCTCTATCACCTTCTTCACCGTCTGGGAG
265	CCTCTGATCTTAACAGTTCCGCCATGGAGT
266	CTCCCTTTCCAGGCCTCTACTACGTGGACA
267	GGTGCAGTCAACCTCTACCACGTGCGGGAG
268	TCTGTGCTTGAAACCTAAGTCATTTGGAAT
269	GGGGCGCAGCGGATTGCAGCTTCTGGGAAC
270	CTCTGTGTCTTCAGATGGAGCTGGAGGAGG
271	ACAGAGGAACGAACTAAATGCTAAAGGTGA
272	TCCTCACCTGGAGTTCTTCAATCTTGGACA
273	TCAGATCGGCATCGATCCCCCCCGAGGCGT
274	GAATGTACCTTGTAGCGGCTGTACAGGTCC
275	GAGATCCCAGCACTGTCCGTGTCCCGGCCC
276	GGGCCCAATGGAGCATCCTACGCAAGGACA
277	CCCCTCCCCATCAGCTAGTTCTTCTGGAGC
278	ATTACTGTGCTAGGTGGAAACCTACGGGTC
279	CCTCTCCCCAGAATATTAGAATAATGGCCA
280	TTCAACTTGAAAAACTCTTCCGTCAGGAGA
281	TTTTTCAGGCAGTAGCAGGTTTGTTGGCAG
282	TGTAGCCAAAGTTAGATCTGAAGTTGGAAG
283	ACTGGGATCTCTCCTGGCAAAGACTGGACA
284	GAGGTACCAGGAAGCATTGCATTTGGGTAA
285	TACTTACCCAAATGCAATGCTTCCTGGTAC
286	AAGCATCAAACCCATAACTTCCATTGGAAC
287	CTATATACTAACCTGGCCCAGTCCAGGCAT
288	AAATATGGACAGACTTCTTAGACTTGGAGG
289	CCCTGTTGATGACTATCCTTGCATCGGCGG
290	CCCGCTACATCGCCAGTCTGAAGCAGGTGG
291	GAACAGTGCGGAAGATCTGTGCTTTGGATG
292	ATCTTAATTAAAGGTTGGTGTTCGAGGAAG
293	AGCCCAGTGCGGCCAAACTCTTGCTGGCTG
294	ACCTCTCTTCCTCAGAGTTTGGCCAGGCGG
295	GGCTCTGGCTCACCTGCTCCCTGCAGGGAC
296	AGGTCCACGTCTATCTGCCAGTCGAGGGAT
297	GAAGCCTTGTGCAAATCCCTCGACTGGCAG
298	TGTCTCTAAATTAGGGAACTGTCCAGGTTT
299	AGAGCGAAATTCGCGATGCAATGATGGCAA
300	CTTCCATCCCCCGTAATTTCCACTAGGGTC
301	TTGCAGTCTCGAAGATATGACTCCAGGACC
302	TAGCTAAAGCAAGTGCTGACTTCAAGGTCA
303	GTGGCCAACCTCTTGTATGAGAAACGGTGA
304	TGCACTCACCGTTTCTCATACAAGAGGTTG
305	TGGGTGACCGGCTGTACATCGGTCTGGCCG
306	AGCCCGGCCAGACCGATGTACAGCCGGTCA
307	CAAAGATTATTGAAGCAAGACTAAAGGTAG
308	TTACAGAACAGACAAAACAGTCATTGGATG
309	CCGGAAAACTGGCACGACCATCGCTGGGGT
310	TTTTTAATAGGATGGCATAGTTCTTGGAGC
311	CACAAAGGGTTCATCTTCGAGCGCCGGCTG
312	CGCATGCAGCGTTCTACTAAGTCGCGGGCC
313	ACATCCCTCACCCGGTTGTAAGAACGGGCA
314	CCTATGAGAGACGGCTTCTCATCATGGCGG
315	CGCCCGGACGGCCATGGCCATTCCCGGCAT
316	CAATTGTAGAAACGCCGCCCCTAGTGGTGG
317	GGTGCTCACCAGTCCTTGTAGAATCGGCGC
318	TTCCACTACTTACCAGGGACACCTCGGCAG
319	TGAATATGAGCAGCTGTCCTCTGAAGGTAA
320	AGCCGGCACTTACCTATGCGGCCGTGGCCG
321	ACTTACTATTTGTCGAAGTTGATCCGGTGG
322	AATGTGCCATACCGAATCCGTGTGCGGCTG
323	GATAACTTTAGCACCTTATTCCTTTGGCCC
324	ATAAACAGTATAAGAAAGCTCATTTGGGCA
325	CAATAAAGTTCAAGCAACCGTCATTGGGTA
326	TTTTACATCCATAAAGTAAGAATTTGGACT
327	CAAATGATATACCTTCTGTGAGTCTGGCCT
328	GGCCCGCAATTCCTTCCGCTACAACGGACT
329	TCCAGCCCATATTGCAACCAGTAGTGGGAG
330	AACCCCAGCTCACCATGCGCAGGTCGGGGC
331	TCCGGGCCCCACTTACAGTGCTGTAGGTCT
332	GGCCTCCCACTACTGGTTGCAATATGGGCT
333	AGCTGTTACTTGTCTAAATCCACCTGGGTA
334	ATACTTACTCAGTGCATGGTACACAGGTTT
335	GACCGCCTTACCTTGCAATCGTTGCGGACG
336	TGATGTTCGTCCGCAACGATTGCAAGGTAA
337	CTTTACCTTGGTAGGCATTCGAACTGGTCC
338	AAGGACCAGTTCGAATGCCTACCAAGGTAA
339	AACTTGTGGCCCTTTCCAAGGCCACGGCTC
340	TTGTGTGTAGGTTACGTTATATATAGGATT
341	GGGCCACAAGTTCCACCACACTATTGGTGG
342	CTTCTCTCCACCAGACGTAAGGCCCGGCAA
343	CGCAGGGCTCACCTGCGGATCTTACGGGCC
344	CCAGGCCACCACTTACCTGCAGCAGGGGCA
345	GCTTCAGGTTATCAGTGAGCTGAATGGAAA
346	AAAACATTGAAGACGTCATTGCCCAGGGTG
347	AGGAAATCCGGAATTTCGCACCAGAGGACC
348	CTGGTGCGAAATTCCGGATTTCCTTGGGTC
349	AGGCCCACGGCCATAGGGTAGCGTAGGGCC
350	TTGCCCCGTACGAGCGGCGCGCCATGGAGT
351	TTGTGTTGCAGCCTCGGAAAATTGAGGAAA
352	CACTTACATTTGGCATCCTTTCGTCGGGCT
353	TTGGCTTTCCAGAGGGCAGTGTAGAGGTGA
354	ATCACTCACCTCTACACTGCCCTCTGGAAA
355	TTGTTTGGATTAGTTTGTCGCTGATGGCAT
356	CTTTCCCACTACAGGTAAAGTCCATGGTTC
357	CCCTGTAGGCTCATGTAGCCTCACTGGAGG
358	GGCCCTGACTACCCTGGAAGTAGCAGGCCG
359	GACAGTTACCTGTGCGGAAACTTGAGGATG
360	GACCCTAAGTTATTACCCTTTCTCTGGCTT
361	GTTTGTGTTCTAGGCTTTGGTCGATGGACC
362	CCGCCTCACTCACCGTCTTCTTTGCGGCCA
363	AGTCTCTTCGATTACCTCAAAGCTGGGCAG
364	AGGCCATTGGACACAGAATCCGAGTGGTGA
365	TTTTGTGTCTTAGGCTGTGGTCCAAGGCCA
366	TAAAATCAGCAACACAGTCACTCCTGGCGG
367	AAGGTGGTCTTCCGGGATCCGTATCGGTTT
368	AGGGTACAATCGTGTGCTGCCTGGAGGAGA
369	TCTCCCACAGGTCCTGGTGCTTGATGGTCG
370	TTTCCCTCCCTCTAGGCCGGAAGGTGGTGG
371	ATGCAAATCTGAGCGTTCTCAACTTGGTTA
372	CCACAGAAGTTGCTGCTGACGCTCTGGGTG
373	GGGAAACACTCACCATCCTACGAATGGCCC
374	CAGCTCACCTCGGCCACGTTCATCTGGATG
375	ACAGGCCAAACGTACCAAGAAAGTCGGGAT
376	GGAACTAGACTCACTTGTACGTCCAGGCAC
377	CGCCACAGAACCTCACCTGTTTGGCGGTCC
378	TCTTACAGTCGTGTCTGTTCAAACCGGCAC
379	GGAAGCATGTCGTCTTTATCGCTCAGGTAT
380	CATTTCTGAAGCGAGCGTCTTCGATGGTAA
381	CCACGCTCGCACCCACCTTGGTGTTGGCAG
382	TCACCCTGTCCCAGGATGACCGAGTGGGAG
383	CCTCTGAATCCAGGTCCTAGCCAATGGTCT
384	TTACTTACCAATGCCAAAATTCTTAGGCCT
385	CCTTACTAGGACATGTCCAGCAGCTGGTCG
386	ATGTTTTAGATAACTGGAGTGCCAAGGCTA
387	GGTCTTAGCCTTCTTCCGGAAAATTGGCTT
388	CGACCGACGCGTACCTTAATAGGCAGGGAG
389	ACCCGTAGGTGCGCGTGGAATTCATGGACG
390	TTTCAGGTGGACCCCAAGTTCCTGAGGAAC
391	TTATTTCTAGTCTCCAAAAAAAGTTGGTGA
392	GGAGGAGATGGGTGTCACCTCCATAGGCAG
393	CCGGGTACCTTGAACCTGGTGCGCTGGCCG
394	CCAAACGTACCCAGGCCCCTACAAAGGCTT
395	GCAGCATTGATGAGCTCATCTGCCAGGCAC
396	GTTACAGGCTCCTCGTCCATCCACCGGTCC
397	GGAAGATACTCACAAACTGGAATTCGGTTG
398	AGGCAGTGCCAAGGAAGACAGCTCAGGTCT
399	CCCCCGCCAGCTCACCTTCAGTTTGGGTAC
400	AAAATACTCACCGCAGGTCTAAATCGGGGT
401	ATCCTGCAGGCATGGATTCCGTGAAGGAAC
402	CGCTTCCACATGCAGGCATCTCTCGGGACA
403	CCTGGGCTCACCCTTCCTCGGCCATGGCGG
404	TACACTTACCCCTCGAAGTCTGCCTGGGCA
405	TTCTTTTGTAGAAATTGCATCTGATGGTCT
406	TGTGCCTATTCAGCAATTCCCTACTGGTAT
407	CAGATGAGCTCATCAATGCTGCCAAGGTGG
408	GATACACGTACTTGTCTAAGGCTTTGGCAG
409	GAACTTTCCTGCCTTATTTAAACCTGGGCC
410	TAAAATCATTACCTTGTTGTTGCATGGGAT
411	ACACAAACACTCACCGATCTGTGAAGGAGT
412	TCACCTTACCTTTGCAAACAAGCCAGGCCA
413	GGCACTCACTTGCGGCGCTTGCGCTGGTTC
414	TTCACTTTCTAGGTCCCGAACCCCTGGTAA
415	CTTACTCATTTAGAACATTGATGATGGCAC
416	CCAGACCCACTCACCTTCTTCATTTGGAAC
417	TTGCTTCTTAGGCTCTTCTGGAGCTGGAGA
418	TTACAGTGGGGACGCTGCGTCGATAGGGTA
419	TTCCGATCATAGCGCCTCCTTCCCTGGGCA
420	CTTTCCTCCAGGTCACCAAGGTCCTGGGCA
421	AGACCTTCAACCAGGTGGAGATCAAGGTGT
422	CTTTCTCTTACAGAGAGGCGGATTTGGTCG
423	TGAAATGCTCACCTTGTGGGCATTAGGTGA
424	GCAGTTCCAGCAGGGCAAGCTTCTTGGTGA
425	CTGCCACCCGCTTCAGATGCTTCTTGGGAC
426	AGAATAAGCTACTTACTGGTTCCTTGGGTC
427	TTCTCACCAAGAAGCTTGCCCTGCTGGAAC
428	TGCCCCCTCCACTGCTGCTGCTCCAGGTAG
429	CGTCCCTCCAGTTATACAGGTTTCTGGCCA
430	CCCCCAAGATCGGCCCCCTGGGTCTGGTAC
431	CTGGGTGAGTGCCCGATCCCGCCGTGGCAG
432	AGAAATTCTAACAAGTCGAATAATAGGTAA
433	TATCTCAGCGCCTAGCAGACCCAGAGGTAA
434	ACAAAAAAACCTCGTCTTTGTTGTAGGTTT
435	AGATGTCTCGCAGTCCTGATGCGAAGGAAG
436	TACCTCTCTAGCAGCACAATCATGAGGAGC
437	GCGCGGTACCTGCAGAAATCGTCCAGGACG
438	CAGGGGTACCTAGCAAAATCAGGCTGGGGA
439	CGCTGCCGGGAATCTCCACCCGTTTGGTCT
440	GCTGAGTGCCATTATTGATTGTGTTGGTGT
441	CCCTGTGAAACCCACTGGTGGCCCTGGAGG
442	TAACCTTGTATATTGTCCTTCTTCAGGTCT
443	GTGAGATTGATCGCTGCCTCAAGAAGGTGT
444	ACGCGAACCAGAAAGAAAAGTATGAGGCTG
445	TATCTTCAAACTGCTCCACGCCCTCGGACA
446	TGTAGCTTCTTAATCTCCTTCTTTAGGTCA
447	AGCGGTATCCCTGTCTCAGCGAAGTGGTGA
448	GTGTTGTTTCGCATTATTAAACCCAGGAAA
449	TTAATAATGCGAAACAACACCTCCAGGTAG
450	TACCTAAAACGCCTCCCACGCTGCTGGTTC
451	AATTCGTAGCTTACCCGCAGAACTCGGAAA
452	TTCTTGTAACATAATCCAAGACCTTGGAGG
453	GTAAGAAGCTTAAGCGCATCTTTGTGGTCA
454	CCAACCAGTTGGCCTTGTCCTATCTGGTTC
455	CCAGATAGCTAATAACCGAACACCTGGAAG
456	TTACCTCAATGTCTTTGTCACTGATGGACC
457	AGCATATTTCACGTACTCGTGGTAAGGGGC
458	ACGGGCAACTGGGCACGTGTGCGGAGGGAG
459	GGTGGATCTCGCTCTTCTCCGAACTGGTGG
460	GTGGGCTGCTTGGCCCCAAAGGTCTGGGCG
461	GTGAGGACTACCGATGTGTCGAAGTGGAAA
462	AGGGTGTTAGCGATCTCGGTGCCAAGGTCA
463	TCACAGTACTCACCAGCTTGACCCTGGCGG
464	AAGGAGAAGTGGTACCCGTTCCCGGGGCAT
465	CAGTGCTCAAAGAGCTATGTCGACAGGCAC
466	TACTTACAGGAGTTGTGCCGACGACGGAAA
467	TTTTTCTTGGTTAAATTGTCCACCAGGTAG
468	TGGCCTTGTCTCAAATCAGCTACCTGGTGG
469	ACATTTAGACTTACAAGTGAAAGCTGGTAT
470	TTTGTTATGAAGATAACTTGCAGCTGGTTG
471	AACAAGCAAGACGATCTATGAGTTCGGGGT
472	CTGTGTCATCTTATAGATGATGATTGGCAG
473	TTTAGTCTTTGGAGGATTGTCCTCTGGATG
474	TGATCAATTCAATGATGATACATTTGGGTC
475	CAGTAACTTACTTACTTGTAAAACTGGCCT
476	TCTGCCTTGACAGAATGTCCAGCAAGGAAG
477	ATTTCTTACCTCTCATAAAGATCCAGGAGC
478	TTAGAGCAGTCTTCACTTCCTTGCTGGACA
479	CGCCGACACCTCGAGCTGCGCGCGCGGGTA
480	TGTGTGCCGTGTCGGGCCCGCGACAGGCCG
481	CTGGTATCCAGTTTAAAAAACATGAGGAGG
482	TATTTTACAGGACACCGAGTTTCCAGGTGT
483	CTGCCAGGGAGGACATGTATGCCCAGGACT
484	AAGCTGCAAAATCAAAGATACATCAGGTAG
485	ATGAAGTCTCTGAAAGCATGTAAAAGGGAA
486	TATGGAACTACGAAATTCACCAATTGGTCG
487	TGAAACTGTAGTCCTGAGTTAGCAAGGAGA
488	ACATTGCACCGCAGAAGCTGATATTGGTAA
489	TTTCTTCTGTCAGCGACATAGACCTGGTGG
490	GGGAGCGTCCTCCTTTACAGCTGCTGGAGC
491	CTCTTTCTTTCAGGTACAGATATTTGGCAG
492	CAGGCACTCACCGTAGCCTTGTCAAGGACT
493	AGTACAGGTCTTTATCTTCCAACTAGGTGA
494	TGTGTAGCATCACATCCAGAAACCAGGTAA
495	AGAGCATTGCAAACTCTGTTAGACTGGTGT
496	TTATCCCTTTATGTTTGCGAATTATGGAAT
497	CTTTCTTTAGGGAAAACTTGTTATTGGACA
498	TGGCGAAGAAGTCGGCCTCCTCTATGGCCT
499	GGAGGCCGACTTCTTCGCCATCGATGGGGA
500	CAACAGGTCACTTACCGCAGGCAGAGGGCA
501	TTTAAGCTTCTGATACCTCTCTTCTGGAGT
502	ACATCGTAGTGGGACGAATCACAGAGGTAA
503	GCATCAGGGGCCATGGAACGTATATGGGAG
504	AAAATCATACTCATCGCCAAACTGTGGTAG
505	TCCTTAATGTTGCTGCGACACCCATGGTAC
506	GGCATCTGGGGGCCTACCACAGTTTGGCGA
507	AGGATCGAAGTAAAGTGACTGAGCTGGAAG
508	GAAGCGGCGTTCGCAGTTTGAGAGTGGCGT
509	CAAACCATACCTTCTTCTCTTCGATGGCAC
510	CTCCTTATAGGCAGTCAGATCTCTTGGTGA
511	TTGTTGTGATCCCTGTGTTGTAACTGGACT
512	GTGTAAGTACGCAGTCAGTCTCCTTGGGGG
513	AAAATGGGTTACGTACTTGTCTTCAGGATG
514	GGAAAAGGGGAGGAGGACCTCGCCAGGAAT
515	AGAGATGGTCTGTATTGACAGCTGTGGACG
516	GGCTCCCGTAATTACCTGCACATTTGGTCT
517	CTTATTTCAATGACTCGCAGAGACAGGTGA
518	TGTCTTACAGATCAGAAGCAATCAAGGGAG
519	AGGGAGCAGTTGTTGGTATTGATTTGGGTA
520	CATCGCTGACAACCTGCAGCACCACGGTGA
521	TGCACCCCCGCACCTCCATCACCGTGGTGC
522	TCGGCCGGCCCGTACACACCCGCCAGGACA
523	TATTTACTTAGGCCTTATTTGCCACGGAGA
524	CTGGTCGTGCTGGAAGGAGAGGAATGGATG
525	TTCTGGTGAATACATTCAGATGTCTGGTCG
526	ATGATAGAGGAATTGTAATTCTTATGGTAG
527	CTTAAGGCATCCATCTTAATCCTGGGGCTT
528	ACTTTTTCCCAATTGTCCCCACCAAGGTCT
529	ATGGCGTCTTCTCCAGGATCACAACGGCAT
530	TCAGATCCCTACGCGACCTTACTCCGGAGC
531	AGAAGACGCCATTTCAGGTGGAACAGGTGG
532	TTCAGGTTCAATTAGTACCGCAGATGGTTC
533	CATCCTTACCGATGTTGACAGTTGTGGTTC
534	GCTCCCAGATTGATATCTATGTGCAGGTGA
535	CTGACGGCTCGGCCTACATTGAGCAGGGCA
536	GAGCTCTTGTCGGACCAGGGCTACCGGGTG
537	GGGCAGCGGCACCTACACCCGCCACGGCTA
538	CTGCAGGCGAACGTCTGTGTAACTTGGAGG
539	ACAGGTTACAATAGCTCCCACATCTGGCAG
540	CGGTATTCTCTTCAAACAAGAGCAAGGTAA
541	GGCCGCTCAGCGTGCCAGCCAAATTGGCAT
542	TGAACGGCTTGCAAAACTTTCAGATGGAGT
543	TCTTTTTGTAGGTGTTTGGAGAAGAGGGAT
544	TCACACATGTCTACGACCTTTGCAAGGGCA
545	ATGCTGACTCACACGGGGCAAGCCAGGCAG
546	GCTCTTCAGCCGAATACATCCCGAAGGAAA
547	CAGTGTTAACTCACATGTGCGCCCTGGGAC
548	GCGGCGGCTGCAGGGCATTTCCTTCGGGAT
549	GGAAGCTCAACGACTCCATTGCCGAGGAGC
550	TATGCATGCAGGTCGTGTACAACGTGGGAC
551	CGGACGGTGTCCACCATTTCCACCAGGACG
552	TGGGGATGGCGCATCACACACCAAAGGTGG
553	AAAGGGACAGAGACCGACAACGAGAGGGGC
554	CTTGATCTTCCGACTGATGATATTTGGGGT
555	AACTCCAGGTCGATATACCCATAGTGGCCT
556	AGTCACCTGAGGAGATGCGCCAGCAGGCGC
557	TATGGTCGAGCACCCCATATAGCAAGGGGG
558	TAGGCCACTATGGGTATATCGACCTGGAGT
559	GTGGCAAGATCGTCGGCAACAAGTGGGAGG
560	GGCCTGAAGCGCTACTGCTGCCGCCGGATG
561	CTTGCCACAAGTGAAGCAGCGTACAGGGAT
562	CGGCAGCAGTAGCGCTTCAGGCCCAGGGCA
563	AGAGAGACCATTGCCAGTGTTCGTAGGTGA
564	CTTTTAGCACTCACCTACGAACACTGGCAA
565	GTACTAACCTTGGGATTAGAGCCTTGGACT
566	AGAAAAAGCTTCATAAGTTTGAGTTGGCCT
567	TGCCTGGACTCTGTAGCTTCCCGTTGGAGA
568	GAGAACAAAGATTCCACCAACCCCAGGAAG
569	TTCAAGTCCCTCTGTAACACTGTCAGGTCA
570	CAAATTGACCTGACAGTGTTACAGAGGGAC
571	TAGCCATCAATAGGTTGTTGTCTATGGTAA
572	TGCCCGCTGCTGGGCTTCTATATGAGGCAT
573	CTAGCAGAATTCGTCGAAAAGCATTGGCAA
574	CTTTTCGACGAATTCTGCTAGCTGAGGTAT
575	AACTATTCCGGTTATGATGATGCCTGGGAC
576	TAGTTACCGGGAAAGTCAGTAGTATGGACC
577	TAAGGTTCATAATTACCTCATGAGGGGACA
578	TGTTTTGGCTCACAGGAAAAATGGAGGCTG
579	TAACTAGACCAGTGTCCCCTCATGAGGTAA
580	CATTTAACTATTTCATTAATGTAGAGGTAA
581	GTTACAAGTGACGCTGACCCTATGTGGTAC
582	TGAAACAATTACCTTTAAAAATGCTGGAAG
583	AATGAATCTATATGCTGTTTCACAAGGCCT
584	GTCATCTAACTTCTGCAGAACGCGTGGGTC
585	ATGGTGCTCAATGAGGGCTTGTGGGGGAAG
586	TTACAGCTACCTCAACCTCAACACCGGGGA
587	CCGGGGCCGAAGGAGTACCTACCGTGGGAA
588	GTTTTCATTTAGGCTGATATCAACTGGGCA
589	GGTCCGATTGACAATGCCATCGATTGGAAC
590	CATCCGGCCAGCTGTCCCCAAGAGAGGTCA
591	CCTCGTAGCTCTTGCTTCAGTGCCAGGACA
592	ATCACCTACCAGGGTTCCAATCGATGGCAT
593	GGATACGGTCACCTGTATTCGCTGTGGCTT
594	AGACTTCGGTTGTGTTCCACCAACTGGGGA
595	TACTCAAAGAACTTACCAACCCATGGGTCC
596	AATTAATTTACGCATTCAGACTCGAGGTAC
597	TATACTGCATAAAGGACTAGAATGTGGATT
598	GTGGGAAAACTAGAGCTGAAACAATGGGAC
599	CCGCCCCAGCGATGGAAGAGGATCAGGAGC
600	CACACTTTGTACAACGCTGCCCTTCGGTAC
601	CCTGGTTCCTAAACTCAGCTTGATAGGTAA
602	CAATTACTCTTAGTGGCTGGCTGCCGGTTC
603	TGAATTCTCAGTGGTAGGTACCGAAGGGCA
604	CTGGGAGAATGTTGACTCTACTGCAGGTAA
605	CCTTGCGGGTGATGTTGTGCACGTAGGGGC
606	CCGGCTGCGGGAACGGGCTGATCGTGGAGG
607	CATAGCTAGTACCTTGTATGAAGATGGTAC
608	TATTCAATACTTACCCAAGTCTACAGGGTA
609	CTCACCTGGAAGGCCTATCATCAGTGGGGT
610	ACATTCAAATTTACCCTGTAGACTTGGGTA
611	TCTTTCAGGGTGGCCAATTCGATTCGGAGG
612	TTGTCCACAATGTCATCACTAATGAGGGGA
613	CTTCATCGCTGAGGTTCCCATAATAGGTAA
614	TTCCCCTCATTAGTGATGACATTGTGGACA
615	GAGTGACTTACTTGAGTTCCTTCATGGCAA
616	TTGATGGCGACGACTTTGATGATGTGGAGG
617	TCGTCCTGGGTCACCAGATAGCCACGGTCG
618	GGAAAATCCGCAAGACCATCATGCAGGTGA
619	CCCAGGACGAGCTTGACCAGACCCTGGAGG
620	ATTTATCTTTCCAAGCCTACCCATTGGGAA
621	TTTGTGAGTTAAATGAATGCCCTTTGGATC
622	ATGATGCCCAATGAAGCTAGATTAAGGAAT
623	GCAGTAAGTTGACCGCAACATAATTGGAAT
624	TGAGATTCCTTAATCTAGCTTCATTGGGCA
625	GATAAATGCAACGAGCTCCTTTCGTGGCTG
626	AGGGAATCGCCATAGGCATCGACCTGGGCA
627	AACTGTTGCCGTTATTACATCAGATGGGAG
628	TGTGAAGAGCTGAATACTCGTTCATGGCTT
629	ACACGCTTGTGCCACTCGTGCACGTGGTGT
630	TGTTTGACAGCTACGCCCAGTTCGAGGAGA
631	CAAAACCCACACCACGTGCACGAGTGGCAC
632	TCGGGCCCATTGCGAGCCACGAACTGGGCG
633	TCATCGACAAGCTCGCCCAGTTCGTGGCTC
634	GTGGGCCCTGTCGCCGCATGTGTGGGGGCT
635	GGCAGCCCCCACACATGCGGCGACAGGGCC
636	GCCTCCCGGGACAGGCGACGACGCAGGTAC
637	CACCGTGCTCCTCTTTAGCGCCTCTGGTCA
638	TAGTACCTGCGTCGTCGCCTGTCCCGGGAG
639	GAAACAAACTGGTACTCGAGAACGCGGCCG
640	AGTTCCGGCCTGAGATGTGTACAGAGGGTG
641	GTTTTCTTACCTCAGGAGCAAACATGGTCT
642	CAGTTTGGACCAGAAAATCCCTTTAGGACA
643	CCTATGAGACCATGTTTGCTCCTGAGGTAA
644	TGTTTGATTACACAGATGATCCCGAGGTAA
645	GAAGATTCAGTGTACCCAATGCCAAGGGTC
646	AAAAGACTCATGTACCCATGTTACAGGTAT
647	AAGATGAACACTTCGATGACACAGTGGTTT
648	TACATTGAAGAGAACAAGTATAGCAGGTAT
649	TGTTAAAAGACCACGAGAAGATCATGGCCG
650	TTTCAGGTCACGCACGTTGAACCATGGGAG
651	AGACTCTCCATATATTAGAGCGCTTGGATT
652	CGCCCCAGTCATTGACCTGAAGCGAGGTGG
653	ACAAGACAGACCGAGATCTCCAACCGGACC
654	GCCACCTCGCTTCAGGTCAATGACTGGGGC
655	GGAAGACGCTTGAAGAGAATAAAGAGGAAG
656	GTCACCGAAGGCCTAGATGTCTTGCGGCAA
657	CAGAGCCTCCCAAAGCAGAGACCCAGGAGG
658	TCTCTCCCTCAGGTCTACTATCCATGGCCA
659	TTCTCACCTCCTGGGTCTCTGCTTTGGGAG
660	ACCTCAATTTGCCGCAAGACATCTAGGCCT
661	TTCAGCAGTTATCTGTACCTCAGCCGGGGC
662	GAGAATCTCTAATGACGGCAACAGTGGAGA
663	ACCTAACGTTCCAGAAGGACACTTTGGGAA
664	CACACATCAATGCTTATGCCTGTCTGGTGT
665	CCTACTGACCTGTTAATGGTGTCCAGGTAC
666	GAACAAGCTAACCTACACCATGAGAGGCCA
667	GTGTAGGTTAGCTTGTTCTGGCGCAGGTCC
668	GACTGGCCTGAGTTTAAGTTCTGAAGGCTC
669	TCATAGAACCTTCTGAGATGTTCTTGGTCA
670	CCTCTTCACTGTCTTCTCTATCCATGGTTT
671	AGGCATTCCAAGTCTAGCAGTGACAGGAGC
672	TCCTGAAAAATGGCACTGTCAAAGAGGGAG
673	TAGAGAAGACAGTGAAGAGGGTCCTGGGTT
674	GGACATCATCGAGACGGTGTACCGCGGGGC
675	TGAGGGCGCCTCAGTAGCGGTACTTGGTGG
676	ATTGGCTCCCACTGACTGACAGCCAGGTGA
677	CTGGAAAAGCAGCAGGAGCTACTTAGGCAG
678	GCTAAAGGAGTTGTTGGGGCGCACAGGAAC
679	AGGAAAGGAGAAAGACGATCATCTAGGGTC
680	GGAACCTTGGTGGAAGAGGCCTTCTGGATT
681	AACATATGAATCCGTTGCATTCTGAGGACC
682	GTCCTCTTCAACGACCTGAACACAAGGGTG
683	CATTCTGTACACACCCTTGTGTTCAGGTCG
684	GGCAATCAAGCTTCGTAATGAGTATGGTCC
685	TCATAAACAGTACCCTGCCAATCAAGGTGA
686	ATCTTCAGGCCCAGCCATTATCCCTGGAGG
687	CGGGACAAGGACCGTAAACGATCCAGGTAC
688	AGGCTGAGGAAGAAGCTGAGGCTAAGGTAA
689	ACCCGTACTTCATGAAGAACCACCTGGGCT
690	CAGAGTTTGCATTCATAGGAGCCCAGGTGG
691	TGCTTCTTCCCCTGCGTATGTGCCAGGTAG
692	ACATGAGGTACTCACAGGTTGGTCTGGTGC
693	GAATGATGATGTCTCATATGTCTCAGGCTT
694	TGATGCCGCAGATGATGCCCCCTATGGGAG
695	TCCCATTGGGGCATAATGCATGCCAGGGTG
696	AGGCATTACTGACGACATCATTCCAGGCAT
697	CTCTGCAGATCTATCCCATTAGCCAGGCCA
698	TCTCCTAGGTGGTCTGACCTCTACCGGGCG
699	AGATGCTCATCGTGTCCTGTGACATGGGCT
700	CAGGCCAATGCCAACCAGCGGTCAGGGCGA
701	CTCTGCCAGTTCAAGTTCTAACACTGGATT
702	GAAAAATTACCTATGACGCTTTCTAGGCAA
703	AGCCATTGTTAAGTACCTTCAGCCAGGTAC
704	TCAATGCCTTACCTGCCAGGTACCTGGCTG
705	TTCATTTAGTGAAATCACACCAGAAGGAAG
706	AACACCAAATTTCAGATATGGTACTGGAAG
707	TAATTTAGTAATCCTTCTTCCTTCTGGTGT
708	TTCACATCGTGATGAAGAGTGATAAGGAAA
709	CCCTCTACTGACAGGTACCACGAAAGGCAG
710	CGGGTTCGACAGCGGGACAAGGATCGGACT
711	CCCGCTGTCGAACCCGCTCAGCAAAGGCAT
712	AATGCTTTCCAACCATAGACACAGTGGGTA
713	AGGAGCCATAATGCTCATTGGTACAGGAAT
714	GTGGACCCTACGAGAAAGATGATGAGGAAG
715	ACCTTGAGGTCTGAGAACTGCTGTTGGATT
716	TGCTTCTCAGTTTAATGGCTATGCTGGGAG
717	TTGCTGCGTCTCATACAAACCATGCGGCCT
718	GGGAGCCTTAATCGGGTCGGAGCCAGGCCC
719	CGGGGCCTGGCTCCGACCCGATTAAGGCTC
720	GATACGTGCAGCTGCCAGCAGATGAGGTCG
721	TCCACGACCACATCCTTGCCCACAAGGGAC
722	AAACACTTTAGTGTATCATGTAGTTGGAGT
723	TATTCGGTGTTATCCGGTCACTCATGGCCT
724	GAGTGGATGCCGTCGCATCGTTCCTGGCCA
725	CGATGTTCTCCTCCCCGTCAGATTCGGAGC
726	ACGGTGGCTCCGAATCTGACGGGGAGGAGA
727	GGGGTCGCCGCCGAGTGTCCGAAGTGGAGG
728	GGTGTCGTCCGACGGCAGGGGCTGAGGCAC
729	TATGAAAAAGAGATTGTCAAATCAAGGTAG
730	ACTTTGCAGTTAGCATGTAAATACTGGGCT
731	TGGGGTATTAAGTCCACCTTTCAATGGGGT
732	TGGAGTCTGTACAACTTGTCGCTGTGGAGT
733	GTTTGACGTGCAATTTCACTCGCTTGGCCT
734	CTTTCTGATTTCAGGTAACTATGGTGGTGG
735	CTTTCTCTCAGGGCCATGATCCAAAGGAAC
736	CAACACTCACCAGTCAGGCTTCCGAGGAGC
737	CAGGACCTGGCCAACCTCGCTCCTCGGAAG
738	CCTTTCTTTGCAGGACAAGGAAGATGGGGA
739	CACCCTTCTCCGTCCCCTCTACTCAGGTCC
740	AATAAAGTTCCGGACCTGAGTAGAGGGGAC
741	CAGGACTCACCCCTCCGTGGAGAGCGGCTG
742	GGTCGCAGTCGCAGCCGCTCTCCACGGAGG
743	TTCTGCCCTTACCGGGAGCGTCTTCGGTGC
744	CGATCCCCGCACCGAAGACGCTCCCGGTAA
745	TTTGCATTAGAACGTAGGCGTTCCCGGTCC
746	AATCTATGAACTCTTCAGCAAAAGTGGTGA
747	GAAGAAAAGCTGTACGTTATATGTTGGAAA
748	CAGGCAATACGGCCGTGGGCGATCTGGGGG
749	CATTCTCGATCAAGATCAAAATCCAGGTAA
750	TCGGCTCCTTCGCCGCCGGTATTCTGGTGT
751	ATCATCATCGCTGTCAGAATCTACTGGCTT
752	CTTGGAATGGAATTGCTGGCGAGTTGGTGA
753	ATGGCCGCAGACTGAATGTGAAATGGGGAA
754	TGTCTCTGCACAACAGTGATCGTCCGGATC
755	ATGGAACACGGCCAGTTGGCATGCTGGGGA
756	TCCAGGCGTTCCAGATCAAAGTCCAGGTCC
757	TACGCCCATCAAGCTCCATTCCATTGGCAC
758	AAAAAGACCACATACGCCAACACCAGGAAT
759	GGTAGGTCTCCCCATGTAAATTCCTGGTGT
760	AATCCTCTTGAACGCCTAGACTGCTGGTCA
761	CCGATCCGTGAGCACTTCCACTTCTGGAAG
762	TCTTTGCCCCCTCAGAACACTATGTGGCTG
763	AGGAGGAGTCCTCCACCTCGTCGCAGGTAC
764	TATCCAGCCTTTCCGGTATCCGTACGGGGG
765	CTCCCGAAGAGAACCTCCCCCGTACGGATA
766	GAAAGAAAAAAATGTCGAATGCGCTGGCCA
767	TGTCTCTCAGGTATGTCCGCATGCTGGGGG
768	GTTAAGGTTTGTGGGTGGCGTCTATGGTGG
769	GCAGTCTCTGTTCGCGCTTCTGAGCGGCCA
770	CGGAGGAGGGGTCCCTCGCTGCGGCGGCGG
771	CCCAACATCCAATAGTCTTCTTCATGGAAC
772	CGCGAACAGAGACTGCGCAAATTCCGGGAG
773	CCCTCCAGTTACCCTGATTCCGCTCGGAGA
774	ACTCACATCCTCACCCATTCCCACCGGGTG
775	TTCCTCTATAGGCATGCCTCCTCCTGGCTC
776	CCTACCTGGATGGGGCATCCCACCCGGTGG
777	AGAACCGTAACTGCCATCTCGCCGTGGGCC
778	CGGCCCACGGCGAGATGGCAGTTACGGTTC
779	AATAAGTCTGTACTCTGTGCGAGTAGGAGG
780	TCAACAATTACTCGCTCACCACAAAGGTCT
781	GAGAATTTGTCAAGTCGGTGCAGCTGGCAA
782	CCCTGCCCTACTTCCTCCAAATCGAGGTGC
783	AAAAGTAGCACTTACCAGGGAAATTGGCTT
784	TTCCAGGTTTGGTGCACCTCGATTTGGAGG
785	ACACTTACCCGTGAATTTCAAGTCTGGATG
786	AGACCTGTAAGAACTTTGCTGAGTTGGCTC
787	CTCAGATCTGTGTGCCAATGTCAGTGGAAT
788	CTACTTACTTTGTGCCTCTTCACTTGGATT
789	CTCACCGCTTGGTGCCCTTTGACTTGGGAT
790	ATGACGATGATCCTGTGGACTACGAGGCCA
791	AGGGTCGAACACCTTGTACCAGCTTGGTGG
792	GAATATGAGAAACTCGCCGAGAAGAGGCTC
793	CTCTCTCTTCCGTGAGCCTCTTCTCGGCGA
794	ATGCCGTAAAAGCTCTCGCTTGACAGGCTG
795	GGCATAGGGACTACAAGGTGGACTTGGAAT
796	CTTCAGCATTGCCATAACCAGCAAAGGTGA
797	TGGCACCGCTGCAATCACCTTTGCTGGTTA
798	GTAGGAGACAAGTGTATGGCAGTCTGGAGT
799	CCAATTGAATTGCTCAGTATGAAACGGTAA
800	ATTCTCTTTCTTAGGCTGCAGCGCTGGTGG
801	CATTACCTGTTACGGTGTATGAGATGGAGT
802	AAGTTCCGTCTTACCTTGCCATGGTGGAGA
803	CTCCAACTCGTGCTGAAACCCGAGAGGAGC
804	TGACAGAGACGGGAAAAGATTGAGCGGCGA
805	TGGTCGCGACGGCTATGATTACGATGGGTA
806	ATATGACCTATGCAGTTCGAAAACTGGATA
807	AACTCCACGACACCAGTGCCATCTCGGTAA
808	TTATAGTTACATGACTGCTGAACGAGGTCC
809	CCTGCTTGGAGCGCACAAACACGTAGGGCA
810	TGGGCCAGTCAGCGTCAGAGACTGAGGAGG
811	TGGAAACAGATGCTCGCTCGTCCCTGGGCC
812	AGTCGCAGACCTCGAAATGATAGACGGTAT
813	CTTCACATACCGTCTATCATTTCGAGGTCT
814	AGATGATGCTGTGTATGAGCTTGATGGAAA
815	ACATTTTAGGAATTTGAGGATCCAAGGGAT
816	GGCGGCTCATCGAGAAGTACATTGCGGAGA
817	CTTTGATGTCGATGAGCTGCTCCTCGGAGA
818	CTTTCGGCAGTTGCTCACCCAATCCGGCCC
819	CCCACTCACCTCGCATGTACTCAATGGTGC
820	ATGGTGCCGTCCAGCACAAGGTTGAGGAGT
821	GGGGCGAGAGTGAACGATTCAACCCGGGGG
822	GGGGAGCCGGACCTCGGAACCTCAAGGCCT
823	TGGAGGAGGCATTGGCGGCATATTAGGATC
824	AAGCGCGAGTCCGCTTCAACTTGATGGAAA
825	ACCGCGACTCGTACTGCTCCTACATGGGCC
826	AGGTCTATTTCACGACCAAGAAGCAGGTAG
827	TCTCGCAATCCATACAGTTCTTAAAGGACC
828	TCTCCTTTGCCAGCGCCAGTTCCCAGGTTA
829	TGTATGGATTGCGAGAAATCCTCCAGGATT
830	CGAAGTATCTCAAAAAGTCGCTCCCGGTAA
831	GCACCGCCCCTAGGTACGGCTTCGTGGAGT
832	TTGAAGAGCATATCAGCGAGCGACAGGCAG
833	CAGGACCCTCTCCAAAAAGTGTGATGGGTT
834	TGGATTGCTAATTATTCGTTGCCCAGGTAA
835	TGGACGGCGAGTGTAGAAATCAAGTGGAAC
836	TGATTTCTACACTCGCCGTCCAAGAGGATT
837	GGGTACTTACTCTTTCGATCCCCCTGGGCA
838	TTATAGGAAAGATGGGGTTCCAATAGGATA
839	TCTTTGCAGACGTTGTGCCTAAGACGGCCG
840	GAGCACGTCCTTACCTAAAGTTCTCGGCCG
841	GGATACAAAGGAAGCACCTTCCACAGGTAA
842	TGGCCATCATGTGCCGCGTCTACGTGGGCT
843	TGCTCTGCCCGTTCTCCATCTTGATGGAGT
844	CCCATCAAGAGCATCGACATGTCCTGGGAC
845	ACGGGCAGAGCACAGCCGCCAAGCTGGGGC
846	TGCCTCCCCTGACGCCCGAGCAGCAGGAGG
847	ACAACCTCAATGAGAAGATCAAGAAGGATG
848	CTCATCTTCAGGCTCCGTGATACCAGGATA
849	CCTGTACGCCATCTTCTCCCAGTTTGGCCA
850	GGATGAAGCTGAGTAGCACCTCATAGGTCT
851	CCGGACCCGCCGGGATGAACCCACAGGAGA
852	CTCAACGGACCAAACCGCAGATGCAGGAGG
853	TGGATTACGGACAGCATGTTGTCGCGGGCA
854	GTGCCTCCAATGCAGGCATGGCACTGGACA
855	CGGCCACGATGGCGACCTCGGGCTCGGCGC
856	GAAACATGGCGGACGACGTAGACCAGGTAA
857	ATTTTCACATAAATTCGCTCATCTAGGCTG
858	TCTGCCGCGTGCCCAAAAGCAAGCTGGAAG
859	GGCAGATGCAGTTCGTCCCGAAGTTGGTGT
860	AGACTGACTAATTACCTCTGCTGATGGCTT
861	ATGGGGAGACGTACAATGGACACCTGGTGA
862	CTGCGAGAAGTCATCTGCACGTCCAGGGTG
863	TCTGAGCCGTCTTCAGCAGTGACAAGGGAA
864	TCTCGAAGACGCGCCTCAGCGTGTCGGGCG
865	CGGTCCCGCACTCGTTCTCGATCTCGGTCG
866	AATTTGGTGTCATCCAGTTTACGCAGGGCA
867	ATGACACCAAATTCCGCTCTCATGAGGTGG
868	ACCCACCCCGACCTCCATAAGTCCTGGGGA
869	CTGACTTACCATCTTGACGTGCATTGGTCT
870	TAGGATCCTGATGGTGAACATGCCAGGAGA
871	CTTCCGCTCAGACTATGCTTGTTTAGGACT
872	TGTGGAGTACATGCGATCATTACCAGGACC
873	GGATGTGATGTTGGGCCAGGAAGTTGGTTA
874	GTTGGGTACAGGCAACTCCTCTCTTGGGTC
875	AGAATTATTACACCATAACGCTCCAGGAGG
876	TGAGCTTCCCCCGATATACCTCACCGGTGT
877	ATGGCCGAGTGGCACAGCTGGAGCAGGTAT
878	ATTTCTTCTCACCAAATTCACCATTGGTTT
879	AATTACGCATTCTGCTTCAGAGCAAGGTAT
880	TGGTATTGCTCGAGTTCCACTTGCTGGAGC
881	CAGGTGGGTACTGGGTTGGAGCCCCGGCAA
882	TCCCCAACTCCTCACCTGTTGGGATGGCCC
883	ACTCACCTATCGAAGGCCTTCACGCGGCCC
884	CTGGGCCGCGTGAAGGCCTTCGATAGGTGA
885	ACCACGATGACTGAGTCCCCGCGCAGGAAC
886	AGCTCCACCACCAGGAAATCCCCCAGGCAT
887	ATTCCTAGACTGTTACCAATGCTGTGGTCA
888	TTTTACAGATGCCAAACGTCTGATTGGACG
889	AGGAATGCCTGGGGGATTTCCTGGTGGTGG
890	TAGTCCAGCATGAGTGCATCCCTCAGGCCA
891	TCATTCAGAAATACCATACTGTGAAGGGCC
892	CAGCTATGAATACAACGCCACACAAGGTGG
893	TGGTGATGTGTCACACTCGGGAGTTGGCTT
894	CTGCTGTCTTTCCCATGCCCGACTTGGCCT
895	TACCTCAGCAAGCGCAGACCCAGCAGGTTC
896	CTGAATGAAATCCATCTACTGCCCTGGACT
897	TTAATGATGTGAGAGACATCTTTCTGGATG
898	TTCAATCACAGATCTGTATAATTTAGGCTT
899	TTTTACAGTGCGATGTATGATGTATGGCTT
900	TTGGAGGAGGTGCAGAAGGTGGACAGGGTA
901	AGGACGTGTGCTATCGTCTGAGAGAGGCCA
902	ACCGCCGCTCTTCTCGCTCTGACATGGCCC
903	AAGCTGACGGTTGAGGACTTCAACAGGGCC
904	AAAGCCGAAGATACCAGCAGACGATGGGGA
905	TACTTACCACCAGTAATAGAATCCTGGTCC
906	GAGCTTGCAGCCCCTTTGCCACTCAGGTGA
907	CCCTGTACAGGGAGCTCCCATCCTTGGCTA
908	ACTGGGTGATGCGGATGCTCTTTCTGGAGC
909	GGGCTGCTGAGCGGCCTCCGGATCTGGCAC
910	GAGACCACAAGTAACATAACCTCAAGGCCA
911	GGGGGCTTTCACGGCGACTATCTGAGGAGC
912	AAACAGTCAAAATCTGTACAGTGCCGGTAA
913	CGTGGGCTCCACGCAGACGCTGACAGGAGC
914	AATGGTCCTCGTCCGAAGTGAGAATGGGCA
915	CTCCCGTCCAGATCTCCACCGTACAGGTGA
916	GTCGCCGTCCCAAGTGAAGCCGTCTGGGCA
917	TTGGGACGGCGACGGCTGTTCAGACGGGGA
918	ACGTACAGATTCTGCGATAATGTGTGGACT
919	GCTATAAATGCAGCACTGGCTCAGAGGGTC
920	TCTGACCATTGTAGCGGTTTGCTGCGGTAA
921	CGGCGTTTCGGGCACGAAGTGCAATGGTCT
922	CCCGAAACGCCGAATATAATCCCAAGGTTA
923	TTCTCTAGGAGCACTGACTGAAGCTGGTTT
924	AACAGTATTTACTGAGAGCTCATCAGGTAA
925	GTTCCTAAATATTTGTCACAGCAATGGGCT
926	CATTCTGAGTGTATAAGTCTTCATAGGAAG
927	AAGAAGATCTTCATCGAGCCTCACTGGAAG
928	CTGTCTCCCGAAGCAATGCATAAATGGGCT
929	CACAGGTGATGGCACAGATCCTGAAGGATA
930	CTTCGCACTTACCAAGGCATCTCTCGGAGC
931	CCAAGAACGCTCCGAGAGATGCCTTGGTAA
932	ATGGGAATCACAGAGTATGAACCAAGGGTT
933	CAGCGCTGTCCAAACTGAACGCCGAGGTGG
934	CACCGCATCCGCTTCAAGCTCAAGAGGTGA
935	GAAGGCCAGCCGAGTATGACCCCAAGGCCC
936	GAGGGTGGAGGCCGTAGCCTCCCTCGGTCC
937	AGGTACACATCTGAGCCATGTTCCAGGGAG
938	CGCTCTCATCGTGCACGGCGACACAGGCCA
939	TACCTTTGGATGACGAGGATGAAGAGGGAG
940	GATCCCAATGCTCCACCTCAGAACAGGTGA
941	GAACGTTGCGGCGTCGTCGTCCACTGGCGG
942	GGCATCGCAAGTCTAGCACCCTGGAGGTGA
943	ACTTGCGATGCCGCGCAAGCTGACAGGCTG
944	GGCTTCTTCCTTGCAGAGCGCCAGTGGAAC
945	GTGGAACATGTGGATCCCAGGATTTGGCTC
946	GCAGGGATTTCATTCATCATTAAGAGGTGA
947	TTCATCTGCCCCAGGGAAAGCTTTAGGCAA
948	TGTTTGTATTGTAGTGTAAAGAACTGGCCA
949	GCTGAGCGGCGATACATTTCATAACGGTTC
950	TTTCATCTTCCCAGCTCGAGAGTCAGGATG
951	AACTTCATTTGCAGATCATAGCAATGGATC
952	ATCGTCAGGCTCTAAACAAAATTCTGGTTA
953	ATCATTTAACTTGAAAGCTTTGTCAGGAAG
954	ACGCCTTGAAGCTAAAGAATGTCGAGGTGA
955	AGGCAAGCGGTGATTGTTTGTAGACGGCGC
956	GTTCATTCCTTTCCGCTTCGCCTCTGGTGG
957	CCCACACTACCTTCCCGAAGTTGAAGGCAA
958	AAGTATATGAACAGAAGAGCCTGAAGGGAA
959	ACAAGAACTTACAACTATATTTCGAGGTAG
960	ATAGCATCATTAGCTCTTCCCTTCAGGCTC
961	AAATGTAATTTATAAACGTGATGTTGGAGT
962	TGGATGCAGACAGTGATGTTGCATTGGACA
963	GGACCAAATTGTAGCTGTAATTCTAGGTTT
964	GTGGCTTGTCTTACAGGTACACCAGGGGTT
965	GTATTGTACGAAAGACTTGAAACAAGGTAA
966	TATTCTGTAATCCCCATATCCTTCAGGATT
967	GACGGAAATGTGTCATCGAAAGCCAGGTAA
968	TAATGTGGGTGATTTAGCTCGAGAAGGTAA
969	AAAAACTATATGAAACCAGCGTTCAGGGAA
970	ACGGGGTTTACGTACTGCCGAGCGCGGCCA
971	CGGCCAACGGAGACGTGAAGCCCGTGGTGT
972	ACTACCTGAACCGTGCTGGCTTTGAGGCCT
973	GGTTTACTCACATGCGTGGGTCTGAGGCCT
974	ATACTTACTCGCACGTAGTACAAATGGGGC
975	GAAAGCAAGCATTAAAGGAATCTCAGGTAA
976	TGCAGCATCATTAGTTATTCCTGCTGGTAG
977	AAAACTTGGAAGAGTTCTACCAGCAGGAAT
978	GCCATCACCCAGCGAACAGGACGTTGGGCT
979	TGGTTATCCCATTCATGTACCAGCAGGTGT
980	CTATTTTCTTCAGATCCAACTTACAGGCCA
981	AGCCCAGCCCAACGTCCTGTTCGCTGGGTG
982	GGAATATAGTTTCCACTGTAAACCTGGCCT
983	TATATTAAACATCCCCTACAGAACAGGTAA
984	TGTTAGAAAGCTTACCTGTTCTGTAGGGGA
985	CAGCAGAAATCCTACTCCACCCATAGGAAG
986	CCCAACAATATCCAGTTCAACCACCGGGGC
987	TAGGTGTGGACGTGGGTCTTCCTATGGGTG
988	ACCTGGGGACTTCCCCAATGCTTATGGTAA
989	AGATCCTCACCTCGTCCCCAGACATGGCTG
990	GAGCCGCAGCCATGTCTGGGGACGAGGTGA
991	CAGACGAAGATCTCATCTTCCGCCTGGAAG
992	AAGGCCAAGCACATGCCCGACCCCTGGGCT
993	ACCTCTATCCAGTCGAACACCCGCTGGTTA
994	AGCAGTAACCAGCGGGTGTTCGACTGGATA
995	GAGGAGTCGGAAGCCCCTGGCCAGAGGGCA
996	TCAGCGACGAATGCACCAATGTCCTGGCCT
997	ACATTGGTGCATTCGTCGCTGAACAGGTTT
998	CTTTCTCCCCGCTAGAGTATGCTCAGGTAA
999	TCCGGGCGGCATTACCTTTATTCTTGGGCA
1000	TCTTGTACTTGTCATCAAAGACCCAGGCAG
1001	ATAGCATTCTTCGTCATGTTGCTGAGGTGT
1002	GTCTTCACATTTGATTGCTTCCTCTGGAGA
1003	CTGATGATGACCTCTTCTTCTAAAAGGTCT
1004	GTTGACGTTGCAAAGGCGCTTAATCGGCCT
1005	ATGTTGTTAGGGCATATTTGAAAATGGCAG
1006	ACCAGTATAAGAACATTTGTCAACAGGTAC
1007	TGGATTAGGTGAACATAAAATCTCTGGAGG
1008	TTTGTCATATAGGTACAGTAGCAGAGGGAG
1009	AGTTACTCTTACCTATGTTAATTGTGGCTT
1010	TCATAGATTTGATCCTTAAAACCACGGCTC
1011	CGTTTCTTACCTCGATGACACCATCGGGGT
1012	CCTCTCTTCTTCAAGTCCCCCTTGTGGTAA
1013	ATCCCAAGACTTCAATTGAAGACCAGGATG
1014	TGGTACCCAACAATACCACCGACCAGGAGC
1015	GGGAATCCCGCATGCTGGTGGCAATGGTGC
1016	TGGTCGGTGGTATTGTTGGGTACCAGGAGA
1017	TTATCGTAATCATCAGCGATCCCTTGGACA
1018	ACTGAACTCACCTCTACGAGGAACTGGCAT
1019	CCGGGCATGTCGACTTCTCCTCGGAGGTGA
1020	GCAACATGTCTGTCATCGCCCACGTGGACC
1021	TCGACATGCCCGGGGGAGTCAATGAGGTTG
1022	GCGATGATGCCCGCCTTGCACACCAGGGAG
1023	CTGAGAGGTCTCACCCTTGATACAAGGTAG
1024	CCAGTCTCACCTCGATGACGCCTTCGGGCT
1025	GTGCGCAGGTACCCTGCAACGTCGCGGTGG
1026	CCTTCTCCACTAGTCCCCGCGCCGCGGCGC
1027	GGTTGACTCCGTTGGGATCCGCGCCGGCTT
1028	GCCTCCCGAAACGGTTGACTCCGTTGGGAT
1029	CGGGAGGCGCGCGATCCAGGTAGCTGGGGC
1030	GGAGCGGGGCCACCGCGACGTTGCAGGGTA
1031	TCTGTACACCATTGCCAAGTTCAGCGGTCC
1032	ATACCCACTATTTCTCCATCGATGAGGAGC
1033	GTAACCATGCCCGCATAGATGCCGCGGAAG
1034	GAGCTGGGCCATCGCGATGTCGCACGGTAC
1035	ACCCGACCCGTGCACGACGCTGCCCGGGAG
1036	GGGTTTGTAGAAGCAGGCATGCGTAGGGAA
1037	AGGTTCTTGGTGACCCTCCGGATTCGGCGC
1038	TCAGAAATGATCGGAAACCATTTGTGGGTT
1039	CGGGTCGGGTGAGAGTGGCGGGGTCGGCGC
1040	GGCGGGCCGCACGCGCGCCGAATCCGGAGG
1041	CTCTGAGCTTCAAGCACCTGACTGAGGACA
1042	CTCTTGTTGGCCTTGTCCTCAGTCAGGTGC
1043	GGGCACTTCCAGTCTCGTCTGCGGAGGGGC
1044	AGGAGCAGACAGTGATTGCCGTCAAGGCCC
1045	AATGTTTGAAGACCCCACCAGACCTGGGAA
1046	CAGACGAGACTGGAAGTGCCCGACAGGACT
1047	CCTGGACGACTTTACTGCCATCCGAGGCAA
1048	GTACTTCTCCCTAATTGCTTGCTGAGGTCG
1049	CCCCATCGACCTCAGCAAGCAATTAGGGAG
1050	TGCTTGTTCACAGTATAGTTTGCCAGGCAA
1051	AACTATACTGTGAACAAGCACTTTTGGGTA
1052	GGAAGTTCACGCTCCAGTTGGCTCCGGCTC
1053	GGATGAAGCGGTCTCCGTGCTTGCTGGGCG
1054	CGAAGCAGGCGCCGCTCATAGTCCTGGTCC
1055	GCCCCCTCTACATTGACTTCCGACAGGATC
1056	ACCAACCTATTCCGAGCAGAATTCCGGGTC
1057	AGGACACATTGAAGCGGAAAACCTTGGAGG
1058	TTGGCATAGTAGCCCTTAGGTTCATGGACC
1059	GCTTTTGAAGTTATTAAAGTCTGTTGGTGC
1060	AACCAGGGTCTCTTGTTCCGAAGCTGGAAT
1061	TCAGGATGCAGACGGTGACCGCCGCGGTGG
1062	GCCGACTCGTACACCCCCACTGTGAGGCGA
1063	CGGACGCCTGGAAGAGCCACGGCTTGGTGG
1064	GTGGCTCTTCCAGGCGTCCGTGTGAGGGTT
1065	TGCAAGGCCCATGAGAAGACGCACAGGTAC
1066	CAGACAGAGAAAGCCGATGCGCCCCGGGAG
1067	CCTTGCTGCACTCCCGGCACGAGAAGGGCT
1068	CCTTGCACGCGGCCGGGTCGGAAAAGGCCT
1069	AGGCAGCGGCTCTAGTATCAACCCAGGAAT
1070	TTTTGAATCACATGACGCATTGTCAGGCTG
1071	TGGTTCGACAATGCGGGAGCGAGCAGGCCC
1072	CAGTCCCGCGTGACCAGTCATTTGCGGGGA
1073	CTCAGGATTAACACTGCAGAGTAATGGTAG
1074	TTGAAATACACTTACCAGGATGATTGGAAA
1075	CCAGCCTCCCATTTCCAATCATCCTGGTAA
1076	TACAGATGTCTTCATGAGTTACATAGGAAA
1077	AAAAAGTCAAAAAACAGTATCCAGTGGAAG
1078	GGGTACCTCCAGTTGTGTACCAGAAGGTGC
1079	TTCAGGCACCTTCTGGTACACAACTGGAGG
1080	TGAAGACATCTGTAATTGCTTTAATGGTAA
1081	CATGACTGACCTGCGTCCATGCTGTGGTTC
1082	GCGCTTCACGATCGGGGGAGTGAAAGGCAG
1083	CTCCCCCGATCGTGAAGCGCCTGCTGGGCT
1084	CATTCAGGTGCAGCTCAATCCAGCAGGGGG
1085	AGAAGTATCAGATTGCTGTAACCAAGGTTT
1086	GCCGGGACTGTATTCAGTATATCAAGGAGC
1087	AAGGGAATCCACACCTTGTGGCGCTGGTGG
1088	TATGTCCAACATCGAGCAACATTACGGATT
1089	TTTATACAACAGATCGTGTAATGACGGTAT
1090	TCTTACCCTCAAGTCTCCTGTGCCAGGAAA
1091	ACAATCCGTAATGTTGCTCGATGTTGGACA
1092	CGCTGCGCGTGCTGGACCCTTCCATGGTCA
1093	CGGTATGCCCGTCGCCGGTACTACCGGCTC
1094	TGTGAGCCTATCCGCCGCTACCTGAGGTGA
1095	CCAGATCACAGCGGGGCCACCATGTGGCCC
1096	GCACCGGGGCACTTCCAATCCATCTGGCAG
1097	AGGGCGTCGGGATGCACCAGCTCCCGGTGC
1098	GGCGGCCCAGGAGATGCGTCGCCGCGGGGT
1099	ATTGAATGAATATACCTCAAGCCTCGGCCA
1100	CCGCCGGCGACTTGACCGGCGACGAGGAGC
1101	TTGAAGATGAAACAAGACCTGCTAAGGTAA
1102	GTTTCAGTGATTATGAGCAACCACTGGAGG
1103	CATAGGTTTCTGTCTAGATTCTCCTGGGCC
1104	CTTAAATACCTGAATCTGTTGACTCGGAGG
1105	GGGCTCCTCCGAGTCAACAGATTCAGGTAT
1106	TACTATATGGTTCTTTGAGCAACATGGGAG
1107	TTTTTTCAGGGGAAGTATTACAAATGGAAG
1108	GTGCACTCCTGTTCTGACCTCGCCTGGGTG
1109	TGGGTGTTCGAGGTGAACCATTAATGGGTA
1110	AACATCTGAACTTCCACGAAAAAGAGGCCT
1111	CTGGAGTGCCCACTGAAACCATAAAGGTAT
1112	TGGAAGTTCAGATGTTGATCAACTAGGAAA
1113	TTCTTGATACCTTTATGGTTTCAGTGGGCA
1114	CAGAGTCGGCACTGACCTCAGTACAGGCAG
1115	TTGCACGTTGAGTTTGGGTAAACCCGGTCA
1116	AGCCCCATCATGCCGAGGGAGCGCAGGGAG
1117	GCATATATTCCCGTACTTCTTGAAAGGAAA
1118	AGCTTTGAAACGCATTCATCAGTTTGGTAT
1119	ATGTAGTTATTGCTATGCCATATCTGGAGC
1120	GTCAGAAATCTTTGATCCCACACGAGGTAG
1121	GGGCACCTCCAGGCTGGTGCCTGATGGGGC
1122	ATGTCATTCTAGGAGATACCCTCTTGGCCA
1123	ATGGAAAATTTCAGACACAGTACAGGGCTG
1124	CTGCACAGCTCGTCGAACCGCTGCTGGATC
1125	TGCAGATGCCACAGTTCTCATCGTTGGCCA
1126	CCTCCCCTCCGTAGGCAAGGTGCCCGGCGA
1127	GGGCAATGTCTGACCTACAGGCCCTGGGCC
1128	CCGGCGACGACTGCCCGCTGGTGTGGGGCC
1129	CAGCACACCGGATCCCTGATGTCTAGGGAA
1130	TCCGGCCCAACAAATGCCGTTTACAGGCAG
1131	ACGGCATTTGTTGGGCCGGAAGCCTGGTGC
1132	TTCCACCGAGATTCACATCCAGATTGGACA
1133	CCACTGTACTCGAGCACGTTTCTTAGGAGG
1134	TTAACTACAATACCTCTCCAAACAAGGACT
1135	TTTTCAACAACGTTTGTGTTACATAGGTCT
1136	AACAGCGTGAGGTCGACCGCAACCAGGAGC
1137	ACTTTTAGACCATCAACGCACTGAAGGGGA
1138	CCTGGCCCCGCCCACTTGTGTTGCAGGTCC
1139	TGCAGCCGTATTTCTACTGCGACGAGGAGG
1140	AGCTAACGTTGAGGGGCATCGTCGCGGGAG
1141	AGGTCTTCCGACCCCGAACTCCACCGGAGG
1142	TCTTGTCCTGCAATACTTTCTTGATGGCGA
1143	CACCAACTGCCCGACTAACACCACTGGAAG
1144	TGGTCGCCATCAAGAAAGTATTGCAGGACA
1145	TGCACTCTTCAACTTCACCACTCAAGGTAA
1146	ATATCAAGCCAAACTTTGTGATTCAGGAGA
1147	TGTGTTCTTTGTAGCGACTACAAGAGGAAT
1148	AGCACCTGACTACGGTACTCGATAAGGTAA
1149	AAGGGATCCCATCAAGTATAGCAATGGCAT
1150	GGAATGCTGTGAGTAAGTATACCATGGCTT
1151	ACGCACACAGAGCATCCACGTCCGAGGCCA
1152	CTCTGTGTGCGTGCAAGATCCTTCAGGTGA
1153	AGTGTGACCACGTGCAATATACGCTGGTTC
1154	TTGCTGAAAACCTTTCATTTCTTCTGGAAG
1155	AGATCAATGACAAAATCGCCCTAAAGGAAA
1156	AAGGGGAGCCTGTCACATTATTTGAGGTGG
1157	AGGAGCAGGCCGTGGAAGAGCTAATGGACA
1158	TTTCTTCAAGCTCGCTGCCAGCATCGGAAT
1159	TGAAACTACTGCCCATTCCGATGCTGGCAG
1160	TGGACACCCTCAACAGAATGGGGAAGGGGA
1161	ATGGAACGCTTTACCGCATAGAGCCGGCCG
1162	CACTCACCTTGAAGACCTCTCCGTAGGAGC
1163	GCCTCGCCCCGGAATGACACCCGCCGGGGC
1164	AGCCTACTTCCGCCACGCAGAACCTGGATT
1165	CGGCCAACTTGCGGGCCCGGTCCTTGGGGC
1166	TAGCCCTACCTGCCCAGCTCCCGCAGGGCG
1167	GCGGGGATCATGGAAGCCAGCTCCAGGCCA
1168	GTCCTGAACACAGCTGTCCCAGATCGGCTG
1169	ACTGGAAAAACTGCCTGCTTAAGCCGGATT
1170	GGGGACACCGCCTGTGATTTGGCCAGGCTC
1171	AACGAGTTGGCGTCCGCAGCTGCCAGGGGG
1172	TAATCCCGATTTGAAAGACCGAACTGGTTT
1173	TGCAACAAACTAGTAAGTTGCTCTAGGTCC
1174	CTCAGAGATTCTTCCATCAACTCATGGCAG
1175	GTGGAGTCATGGCAGTGCCCTTTGTGGAAG
1176	AAGACTGGGACTTGGTGCAAACCCTGGGAG
1177	GAAGAATCTCTGAGCATCTGGTTCAGGCAT
1178	ATGATGCACGTGACTACTTTCAAATGGCCA
1179	TGAAGCGCTTCCCCCAGATAAATATGGCCA
1180	TTGAAAGTAGTCACGTGCATCATCTGGCTC
1181	AAGGCAGCGCCCGTCCAACAACCGCGGACC
1182	TTAATGAAGTACCAGACTACCATGAGGATA
1183	TATAATTGACATGTCCATAGTATGTGGTGA
1184	GGCCGCGCTGGCGGTACTGAAGTCCGGGAA
1185	GGAAAATGGCTGCGAGTACCTCCATGGTCC
1186	TGCAACCGCCTCCGCCTATTACAGAGGTAA
1187	ATAAACAGCGATTTCTCAGATTTGCGGGAA
1188	CGGAGGCGGTTGCAGCTCGGCCAGAGGCAA
1189	GTCAGCACCAGGAGGTGTCTTGTTTGGTGT
1190	CCTCATTTAGTGAACATCCAATTCAGGTAA
1191	GGTGCTGACCCCAAGCAGTTGGAAAGGACT
1192	GCATGTTCGTGGCCTCTAAGATGAAGGAGA
1193	GCAACGAAGGTCTGCGCGTGTTTGCGGATG
1194	GACCTTCGTTGCCCTCTGTGCCACAGGTAG
1195	ACCTGTCTTGCGTCCCCACCCGAAAGGCGC
1196	ATAGGGCTCTTACCTGTAGCACAGAGGGCC
1197	TGTACCCGCCATCCATGATCGCCACGGGCA
1198	TGGCTGTGACATCTGTAGGAGTGCTGGTCT
1199	GGCTCTCTCTGCCCCGTGACCGACAGGCCT
1200	GGGACGCAAGACAGGTAGCGATCCAGGTAG
1201	CTGCCCCCAGCGACCCCGATAACGTGGTGT
1202	TCAACATCCTGCGCGTCAGCAACCCGGGCC
1203	AGGATCCTTCCATTGAGATGAATGTGGATT
1204	TGCCCGCGTGTAGGATGGATAAGGTGGGGG
1205	GGGCCAGCGTCGGTCTCCAAGAGCAGGAGC
1206	TCGAAGACACTCACCGGCATAGACTGGAAG
1207	CCATCAGACGCTTCCAGTCTATGCCGGTGA
1208	TCTACTCACGTCTGCTCCGCCATGTGGGGG
1209	TTGGGACTCTGCTAAGCAGCCAGAAGGAGG
1210	TGGCATCAAGTCTATAGCGCCTCTTGGTGC
1211	CTGAAGAGTTGCTGCCCGCCTTGAAGGTGG
1212	TCCTCTCCCCGTCATATTCGACTTTGGTTG
1213	ATACTACCTACGGCAAATTGTGCTTGGCTG
1214	TGAGCAAGAAAGGGCACAGTTTCGAGGTGG
1215	GATGTCAAACGTGCGAGTGTCTAACGGGAG
1216	GCGCATTGCTCCGCTAACCCCGTCTGGCTG
1217	GCTGTTTACGTTTGACGTCTTCTGAGGCCA
1218	ACGGTTCCCCAAATGCCGGTTCTGTGGAGC
1219	ATACTTACATGGCACCTAGCTGCAAGGTAA
1220	GAAGCATGTCGTTACCTTGCAGCTAGGTGC
1221	AGTTATATTACTTACAGGATTACTAGGATA
1222	TTCCTCCCATTTAGGTATATCAGCTGGACA
1223	TTTAAGCCAGAGATTGAGAAATCGAGGATC
1224	TCTGCTGCTGAAGAGTATTGTTACAGGCAG
1225	GGACATGATCCGCCCTTGCCTTAAAGGTTG
1226	TCTGCCACCTCGCAGAGCTACACGCGGAGC
1227	ACTGGGTGACGCCGTACAAGATCGCGGTGC
1228	GTTTGTTTCTGCGTCACATGATCTTGGCCT
1229	AGGCTGTTCATGCTCAGCAACATCTGGGCC
1230	TGCATCTCATCCTCTACGTGCGCGAGGTCT
1231	ACGGCATCGCACACGCTGATCTTCAGGATG
1232	AGATCAGCGTGTGCGATGCCGTCCTGGACC
1233	TGATCTCTGTAACTTCGAAAACCCTGGATA
1234	ATGCAATAAAGCCAACCGCTGTTCTGGACG
1235	ATTTTATAGGATCCAACGCATGCCTGGAGT
1236	AATACTGTCCAGAAGTGAATGTGATGGTCA
1237	TCCAGTGACCATCACATTCACTTCTGGACA
1238	ATTGATGATCTAGTCCTCCACTCCAGGCAT
1239	GAAGGGGTTCCTAGTACTGCAATTCGGGAA
1240	GAACTTCGTCATCCAAATATAGTCAGGTAT
1241	GGTTACACCATTCGTAACGTTGCCCGGTGC
1242	GGCCCTGGATACGGAGATCCCTAATGGTAA
1243	TCTGTTACGTCAATGATATCGTCTTGGCCA
1244	AGACACATACTCTAAGTCAGGCAGTGGCTG
1245	TTCTAGGTGTGGTTGACCTGCCTGAGGAAA
1246	AATGCTTCATTACAGTCTGCAAGAAGGTAT
1247	TATTCATAGGTGAAAATGGCATTACGGACA
1248	GTTTTTATCTTAATAACTCAGTAATGGAAT
1249	ACTGTAACTTACCACAACAGATCTTGGCAT
1250	ACAGACATACTCACATTATTATCCTGGGGT
1251	CAGTGGTATTGCGACATCCTCATAAGGCAG
1252	GCCACCATTGTCTTGTTCAGGTTCAGGAAG
1253	AAAGCTGCAGGAAAATGGACAGTGAGGTTC
1254	GGCGAGAAGACAAGCTGCCTTATGAGGATG
1255	CGACAGTACACTCTTCTGAAGTAGCGGACG
1256	ACTTCAGAAGAGTGTACTGTCGCATGGGGA
1257	CACAGTTATCAACCACAATATCCCAGGCCC
1258	GTGTCGGCCTCTCCGCACGCACCACGGAGA
1259	CTGGTCTCCGTGGTGCGTGCGGAGAGGCCG
1260	CCGGGCACACTCACCGTCGGGCGTCGGAGC
1261	CAACCAGAGCAGCACAAGTAGCTAAGGTAA
1262	CTGACCACGGGTGTAAGTGCCATCTGGTAG
1263	GTCTGTGCCACATCCCGAACTGACCGGGAG
1264	TCAGATCTCGGTGAACGATGCAATTGGCAT
1265	CAGGCTTGCCAGCCGAAACGATCAAGGTGA
1266	CGGATTTCAGGCGCATCCAGGATACGGTCT
1267	TTCCTTCCCTGCCAGACCGTATCCTGGATG
1268	AGGATGCACTTACAATAGTCATTTCGGATT
1269	GCATACCTTTCTTGTCATCACCAGCGGCAA
1270	GGTTGCCGCTGGTGATGACAAGAAAGGTAT
1271	TTCAGCCCATCCTTAGCAACCACACGGGTG
1272	AAAAGATACTACCTAGAGGATTGAAGGGAA
1273	ACAGAAGAAGCCTTAAGACACCCGTGGCTT
1274	TTCCCTGTTGGAGAAATCACCAACCGGCTC
1275	AAAATGAATCCACAGCTCTACCCCAGGTTC
1276	AGGCAGCCCTCCCTTGCCTTCCTCTGGACC
