1	AGGTGCTGCATAATACGCGGGACCTGGAAG
2	CACTGCTAGAAGTTATCACCACGAAGGTAA
3	GCCGGATGTGGTTGCTCGGCATCCCGGGGT
4	CTGCAGAGCTTCTCCTGCATCGAGAGGCAG
5	ACCGACTACAGCACAAATAGATACAGGTAA
6	TCCAGCAATGCTATCCATTGGGGCAGGTAT
7	GGTCTGAGCGTCCGCAGTTGTCGCTGGTTC
8	ATCTTCATCCACTGGTGCAGGGGTTGGTGT
9	AATGATGAGCCTTATGTCTCTGCATGGTGA
10	CCCTGTACGACAGACAAGGGCAGCCGGTGG
11	TGTTTGCATCCATCCTCTCACTGCTGGCCC
12	CCCAGCTGAGGGTTGGACAACAGGTGGAGC
13	TATAGTTGGAGAAAATTTCTTTGACGGGCT
14	TCATCGGCTGCAATCGTATCAACCTGGACA
15	CGCTGAATTGGGGACACATTGTCCTGGAAC
16	CCACAATATCTCGCCCACAAATGGAGGACA
17	GGAGCATCTTGATAGGTTGCAGTCAGGTAA
18	TCAGGGAGTGGTCCAATCCAACTGTGGCAG
19	TTATTCTTACCTTGCTACTTCATCTGGGTC
20	ACATCCCCGCAATTCAGTACCTGTCGGTTT
21	TTCAGAGTCTTTATTCCGTAGCTCGGGCTG
22	ATCTTCATCTCGGTGGACAATATGTGGTTT
23	ACGCTTGTTCATTTAGGCTTACCATGGCTT
24	TCGTCCTCGGAGACATAGCCAGCGGGGTAA
25	AAAGAGGACGACTAGTTGGAAAGGTGGGTT
26	GAATACAACACACGTCTTACCTTCTGGGTT
27	CGATACAAACGGAGCACCAAAAAGTGGTAC
28	GCACCTTGAACTGCACATCTAAACTGGACA
29	CCTACTACATCCAGTTCGTAAGTATGGTTG
30	TAATGCCATTCGCTGCGACCGCTGCGGCCG
31	CTCCAACTCTGCCCATCCCGCCAAAGGAAC
32	AAGAGACAGCCACCTCGCTTATGAAGGTAA
33	ACTACGTATATATAAGGGGCTCAGCGGACA
34	CCAGAAGAGAGGTCCCAATACAAAAGGCCC
35	CACTGGTTGAGACTGAGATTGTGACGGATT
36	AAATTATTGGACCATGACGAGAGAGGGCTT
37	CAGTTTCAAAAGGAGACGAAGACGAGGAGC
38	CATACTGCGAATGCACTTACCGACTGGGCA
39	TTCGTCTTAGTCAAAGGGCCGAATTGGATC
40	TGTTTACACCCCGATCTGTATACCTGGATA
41	AGGTGGGTCATTCTGTCACTGACTTGGTTC
42	CGGTGCTACGGTAGGGGTAGTAGTAGGGAA
43	TCTGACGTAGAGGCTGACGTCACGAGGCTG
44	AAAGCTTTGTATCCGACGGTACGTTGGGTA
45	TTCCTCCCGTACAGTCGCCGGTATCGGAAT
46	GAAAAGGGTTCCGCGCCGACTTAAAGGCTT
47	GACCCTACTTCGGTGTAAGTCAATTGGTTC
48	GCTTTGCAACCGAAAACCCACACATGGTAG
49	CTTACAACATTGGGAGGGTAGCGGGGGTTC
50	TGTTCGAACCCTTGTTTGATAACTTGGTTC
51	AATTTCATCGTTAATTCTACTCTGTGGTTA
52	AAACCAACTCCTGAGTTCTTGAGACGGCGT
53	CTGGCTGATCTGGCAATCACAGCATGGTAT
54	CATTTACACAGAAAGACACTGGGGTGGATT
55	AACGTAAGCAAAGGGGGACTCCCTGGGTTA
56	AGAGGGATGCGGCAGGGGTCTGTAAGGAAA
57	AGTAAAGAATGCCTCAGTTAAACTCGGATG
58	AACATCGTAAGATTGTCGCCTGTGTGGGTC
59	TCATAATGGGGTTTGTGGCGTAACTGGTGA
60	AACTGGACGAACTGAAGAGATGCGTGGAGG
61	TCTCGTAGTGTTGCCGCCCTCCGTCGGTCG
62	CAACGCTTAAGGGCGTCGTACGCTTGGTTG
63	TATTTCTTACCATTACGTCTTGTGAGGTCT
64	TCCTCGGAAGTGATTCATCCGTACAGGATC
65	GGATGAATCAGTTACTCAAGTCACGGGTAA
66	TTTGGAACCAGATCTTGACCTGGGTGGAAG
67	TGCGACAAGACAAAACCTTAGAGCTGGCCA
68	AGCTTCCAGAACGTAGAAATCCGATGGTCG
69	TAATTTAGACTTACCTCTTGTGACAGGTAA
70	CCACCACCCGACAGCTCCCATACCCGGTAT
71	GGGGAGGAGGGAGTCCTGGAGGGTGGGGCA
72	ACATCTTCCCTCCTCCTCCGCAGCCGGACT
