1	ATCCGCACCATGGCTTGGAAAATCAGGTGT
2	ACCTCACCTATGCCTGGCACAATATGGACA
3	CTGGCCGTTAGGGAGCCGATAAAGAGGTCA
4	GGGCTTCGGGCAGGCCAAAAACTACGGCAC
5	GCCTGGCACAATATGGACATCTTTGGGGCG
6	TGTCCAGCAGGATGACCTCTTTATCGGCTC
7	TATTCTGCAACGAGCGACACATACCGGCGC
8	ACCGTTCTTGAGCAAATGTTTCCTGGGCGC
9	CCTGGCACAATATGGACATCTTTGGGGCGG
10	CGGCTTCGCAGAGCTGCATTAACCAGGGCT
11	GGCTTCGCAGAGCTGCATTAACCAGGGCTT
12	AGTCCGCCGGAGGACTCCGGTTCAGGGAGC
13	CGGCTAGTTGGCCGCTCCCTGAACCGGAGT
14	TGCCCTGCGGCGATCGAAAGGCAAGGGCAT
15	CAGAGCTGCATTAACCAGGGCTTCGGGCAG
16	GCCACCCAGTCCGCCGGAGGACTCCGGTTC
17	TAGTTTTTGGCCTGCCCGAAGCCCTGGTTA
18	CAGGCCAAAAACTACGGCACGCTCCGGCCA
19	GGCACAATATGGACATCTTTGGGGCGGTCA
20	GGATCAGGAGCTATTAATTCGCGGAGGCAG
21	GCACGCTCCGGCCACCCAGTCCGCCGGAGG
22	CTCTTTATCGGCTCCCTAACGGCCAGGGAA
23	GAGTCCTCCGGCGGACTGGGTGGCCGGAGC
24	GCTGCATTAACCAGGGCTTCGGGCAGGCCA
25	CGCTCCGGCCACCCAGTCCGCCGGAGGACT
26	AACGAGCGACACATACCGGCGCCCAGGAAA
27	CAATTTGAAACTCAGTTTGCGGCGTGGCCT
28	CATACAGAAACGATCACGATGATTCGGCGG
29	ATGATTCGGCGGTGCCATTAACCACGGAAG
30	GATGAACAGATGCTCATCGTGCACGGGTCG
31	AGCATCTGTTCATCATCACGCACCAGGGTG
32	CGCAGCTGCTGCTCCTCGAAGATGCGGTGC
33	GCTGCCACAATTGTCGATCGTCAAGGGTCT
34	AGTATGTGGTGAATGCGGTTCGCCGGGAAG
35	GTGCGAACCGGGCAGCCCGCCTCCTGGTGG
36	CTAAGTGCACTGTTCCAGGACAAAGGGTGG
37	CGTCTTGGGCTGCTTACAAACTTCAGGAGC
38	AGGAGCGATATAGTTGGAGCCAGCTGGACT
39	CGGTTATTCGTCACTGTTCCCCGCTGGCGT
