1	TGCTGTGCTCTCCTCCAATGTTGTTGGACA
2	TTCTCTCTTGTCCAACAACATTGGAGGAGA
3	CTCTTCTCTCTTGTCCAACAACATTGGAGG
4	TACTGGCAAGAGTTTGTACTTCGTGGGTAT
5	TGCAGGATATCTGGCCTGCCTTACTGGCAA
6	ACGAAGTACAAACTCTTGCCAGTAAGGCAG
7	TCTGTGTCCGGATGGGATAGGTATAGGTAT
8	GAGGTGGTTGTTCTGTGTCCGGATGGGATA
9	GGGGGCTGGCTTCGATCCCCTAGGAGGTGG
10	GGCCTGGCCCACCGGGCCAGCCGCAGGGTT
11	CACCAACCCTGCGGCTGGCCCGGTGGGCCA
12	GTGGACTCCAGTCTTCCCCCGTGGTGGCTG
13	CGTCCGGCCGCCAGATCTTTTCCGAGGGGA
14	TCCCCTCGGAAAAGATCTGGCGGCCGGACG
15	GTGGCAGTCCTTCTGAGGGGACGCTGGCCC
