1	AGCCAGTCTACATAACACGCCCATGGGCGC
2	CGTACGCAACCTGCTCAGCGCCTACGGCGA
3	GCTGAGCAGGTTGCGTACGTGAAGGGGCCG
4	GCACAGTGTGGGTGACCCCGTCTCCGGAGT
5	AGAAGGACTCCTATGTGGGTGACGAGGCCC
6	CCTGGTGCCTAGGGCGGCCCACGATGGAGG
7	TCCATGTTCTCCCTGGGCACGCGGAGGGCA
8	CGTGGACTGGAATCGCAGTGGTGTGGGTAG
9	TACCCTGGGTAGTTGTCTCGCCATTGGTTC
10	TCTGCCTTCTGGTACAGTGTCTCGTGGAAG
11	TTCTGGTACAGTGTCTCGTGGAAGAGGATC
12	GAGAGTCTCTCAGACTCTTGATCGTGGCTG
13	CAGACTCTTGATCGTGGCTGGATCCGGTAA
14	AGCTTGTCCAATGCCTATTCACCAAGGCAT
15	ACACCACCACGTCGAACTCCTCGCCGGAGA
16	CGCGAGCTCTCGGTGCAATGCGCAGGGGAC
17	CTGCGCATTGCACCGAGAGCTCGCGGGTCT
18	CTGGTGATGACTGCCCCCTCGTGTGGGGAC
19	TGGTGATGACTGCCCCCTCGTGTGGGGACA
20	GTGGGAGCACTGTCCCCACACGAGGGGGCA
21	AGTGGGAGCACTGTCCCCACACGAGGGGGC
22	CTGGGGCACACCTCCTCCACCAGTAGGCTC
23	GACAGTCCTGCATGCGCTGGCGGTCGGCGC
24	ACCCTACTCACCCGCGGTGCTCCAGGGTCT
25	TCTTGATGTTGAAGCCCAGTGTCGGGGAGA
26	CCTGGCTGTTGCCGCAATCCCTGAGGGTCT
27	GTTAATACTGAGATCGGCAAGATCCGGGAT
28	TATCTTGGTAGCCAATGCAATCGTGGGTGT
29	TGGTGATGGTATTGCGCGAGTGCACGGGCT
30	CCTTTCCATCAATAGCATTACCGAGGGCGT
31	CCAAAGAACCTGTCCCATACACTCGGGCAG
32	GAGCTGAAGCCTGCCCGAGTGTATGGGACA
33	GGGATGTGAGTTCGTACCTGCGTCGGGGAG
34	GGGGATGTGAGTTCGTACCTGCGTCGGGGA
35	CAACAAGTACATCAACGTTCGGAAAGGCAG
36	GACACCGACCTCTCCGAAAGGCTCCGGCAA
37	ATCTGCTCAAAGCTGCCTAGCGGATGGCAC
38	CCTGGTGCAGTGCGAGACGCTCGAGGGTGA
39	ACCTGGTGCAGTGCGAGACGCTCGAGGGTG
40	AAGCAGTGGAACTACTGGTGGAACTGGCTT
41	ATGCCAAAGCAGTGGAACTACTGGTGGAAC
42	CTATGAACTGACCGGTTTAGCCAGAGGTGG
43	AGTTCCTTGTAGAGTTCCCCGCGAGGGGCG
44	CAGTTCCTTGTAGAGTTCCCCGCGAGGGGC
45	GCCAAATCAGGCTCGTTCTCGGTAGGGCAG
46	GCCCTACCGAGAACGAGCCTGATTTGGCCC
47	CAGGCTGGGGGGTGGTCGCAATGATGGGCG
48	CTGGGGGGTGGTCGCAATGATGGGCGGGTG
49	CAGAGCGCCCATCAGCCGTGTCGGAGGTGC
50	GCTTAGATAACTCCGTTCTAGACGCGGTAT
51	ATGGAATTGGCGGGCACATCGTAGAGGCGC
52	CTTCCTCGATTTGGGACTCTCTCGTGGCAC
53	GTGCCACGAGAGAGTCCCAAATCGAGGAAG
54	CCTCCTGCTCCATGCGCTGGACGTAGGCCA
55	CTGATGTGGCCTACGTCCAGCGCATGGAGC
56	AACAGTCCAGAACGAGGCTTACCTGGGCCT
57	CCCAGGTCCTAGAGAACCGGACGAAGGACT
58	AGGACCACTTTACTAAACTGGCCGTGGAAG
59	TCTTGAGAATGGTAGCACCGTCGTTGGTCA
60	CGCCGCTCTGATGGTGACCAACGACGGTGC
61	ATCTCCCTTTGCTCAGATACCCGGGGGCAT
62	CACAGACCGACATCGAGATTACCCGGGAGG
63	CTTCAGCAATATTTCCGCGGCCAAAGGTAT
64	GCGACCGGGTGATACCTTTGGCCGCGGAAA
65	AGCCAGCAATGATGACAACCGACGTGGTGC
66	TACCTTTCTGCAGAAGTTTGGTACAGGAGT
67	AGATCGCCGTGAATGCCGTCCTCACGGTGG
68	GATTCAGACTGCAAAAACCACGCTGGGCTC
69	TGGCGATGTGACTATAACAAACGATGGTGC
70	CACAATAAGTTTGTCCATGCCACGGGGACC
71	TTTGCTGCAGGATGGACAACATCGAGGAGT
72	AATGATGTAGCCATACCAATTGGGTGGCTG
73	TTTGGCGGCAGCCCTCCCGTCACGGGGCCA
74	CACCATTGTGGGGCGAAGTCTGCAGGGGCT
75	GCCCCTGCAGACTTCGCCCCACAATGGTGA
76	TCACCATTGTGGGGCGAAGTCTGCAGGGGC
77	ATGTTTATTGTTTAGGATGCGTACTGGATA
78	TCCAAGAAGCTATCAATTCGCTGGGGGGTA
79	AGTCCAAGAAGCTATCAATTCGCTGGGGGG
80	ATGTCGTCGAGCTTGAGCTCTAAGCGGGTC
81	GTCGAGCTTGAGCTCTAAGCGGGTCGGTTT
82	TAAATATAACAAATGGCAAACGTACGGGCA
83	AAACCTTCCATTACGCCCAACTACGGGCCG
84	CACAAACACAATCAGGTCAATTCGGGGCCG
85	CAATTCGGGGCCGGTTCACATTGGAGGGCA
86	AAGATGACTGTGCGTCCGAGCTGAGGGTGT
87	ACACAAACTTGCGTACATATCTCCGGGTAC
88	CGTACATATCTCCGGGTACGCACCAGGTCT
89	TCAGGTACCTGGGCCTTACCGAGTTGGTTC
90	ACCCTGTCAACCATCGAGTTCCAGCGGGAG
91	TAGGTCTTACCAAGCCGTCCAAGATGGCCT
92	AAAAGACAAATCTGGACTACGATAAGGGAC
93	TCAGGTTGGCAATACTGCTCGCTGTGGTGA
94	CCAGCTGCGACGTGGGTACCCGCAGGGTGC
95	GTGGGGTGTTGCCTTCTTGTCCGACGGCAC
96	TCCATGAGAGGCCGAATAACCAGGTGGGTG
97	CATATAGATACATCACGCCAAGCAGGGTGA
98	TACTTCAGAGTTGGTGTCTAAGATTGGTGA
99	ACACCGAGGCTGTGCTGAACGGGAAGGGGC
100	ACCGGCACGCTTTACATCGCGGAGAGGTAA
101	GCATCTGTGTACTAACATCAATCCCGGAGA
102	GGCCGCCTTGAGAATGCAATCGGTTGGTAT
103	GGGTTTGATGCTCGGGAAAGTCGACGGCGA
104	TCCTGGGAGCGCATGCGGATCCAATGGTCT
105	CTCCCAGGAGGGGCGGCCTATGCAGGGTGA
106	ATAACATGACCCCAGACCGGCATTTGGGGT
107	TAACATGACCCCAGACCGGCATTTGGGGTA
108	AATTCTTGGACAATCGCTGGACTCTGGTTC
109	TTAAATAGTGAGTGCGCTGTACGAAGGACT
110	TTCCAGATAGCTGTGACAAAGCGAGGGAGG
111	TTTATAGATATTGATACTAGACGCAGGGCT
112	AGATGCTGCGGCATTCGGAGGCATCGGCCA
113	ACTTCTGATTATCTCCGCAACTTGTGGCTT
114	TGGATGAGATTGTGGTGTTCGATGAGGAGG
115	AACTGGAGCGGCAGCGTGCCCAAGAGGAAG
116	GGCCGGGCCAATAATCATCGGTGAAGGAAA
117	TAAAGCACGAATTATCGCGGAGGCCGGGCC
118	ACCCTAAAGCACGAATTATCGCGGAGGCCG
119	AACCGGGTGGATCCTAATGGCTCGCGGTAC
120	CAAAGTGTCATCCGTCTCCCGACCGGGGTC
121	TCTGGCGGCTGCGAAAACCGGCAGTGGCAA
122	GGACCTTCTGGCGGCTGCGAAAACCGGCAG
123	TTTACAGTTGAACGAATGCGGAGTGGGATT
124	TTTTACAGTTGAACGAATGCGGAGTGGGAT
125	TCAAGCAGCCCACGCCAATCCAGAAGGCGT
126	CACAGGGATACACGCCTTCTGGATTGGCGT
127	CAGTTATGGAGGTGGTCGATGAGCCGGCCA
128	GTGCAGGTGATGGATGAGGCCGACAGGCTG
129	TTGAAAGTGTTGGAACTGCGCAGGTGGTCA
130	GCCTTCAGCCGCTCAAACATCGGGAGGAGG
131	TGCTTCCTCCTCCCGATGTTTGAGCGGCTG
132	GTCTGGTCCAAGGCACTATAGATGTGGGCG
133	CATGAGAAAAGCCTGGTAAATCCGAGGCAA
134	TCTGCTGCAAGTGGCTTAACACTCGGGATG
135	CCTACTGTGCTCGGGATGTGCGAGTGGCTA
136	GTCTTCTCTACCCGAAGTATTCGTCGGATC
137	CTACCCGAAGTATTCGTCGGATCCAGGCTA
138	CCGAGGAGAAGCGCTTGCACGTCACGGCGT
139	CCTTCAAATGCCTCACTTCTCGGAGGGTCT
140	AAAGAGTCCAACTCCATCGAGCACCGGAGT
141	TACAGATCTTGGGAAGAGTCTACGCGGTTC
142	TGCAAGTGCACCCCGACCGAGTAGAGGAGG
143	TTCTGGTCCTCCTCTACTCGGTCGGGGTGC
144	GATAGGCCAACTTTGAGATGCGCTTGGATG
145	TTGCAGGTGTAGACGAGTTGATAGTGGTCC
146	TGATGCTATCTCGTGGATCAGCCGGGGCTT
147	TGCCTGGGCCAGATGAGGGACGCACGGGCC
148	GCTGTAGCCACTCTAGACGACCAACGGCGA
149	AGCTTGTGGCGCCAGCGGAGATTGAGGACA
150	AGCAGCCCCATGTAGACGTAGTACAGGATC
151	GGACGGGCTTGATGCGTTCAGCGATGGCCT
152	CCAGAACCAAAGCCTACGGTGCCCAGGACG
153	ACCCATGGCGGCCTCATCGTCGGGAGGCCC
154	TGTGGTGTTTACCAGTGCGATAGATGGCTG
155	TGTGTTCAGTGGCATAGCTCGAAGAGGAAA
156	TCGGCATCAAGAGCACTCCGGTGACGGTGG
157	GGGACCGTACACCTCCTCGGCCGTGGGGTA
158	GGAAGAGCTCCCCGCCAGATGACACGGCCA
159	AGGGCGTGAAGCAGTGCGATGCACCGGGCA
160	GAAGCAGTGCGATGCACCGGGCATTGGAGC
161	TTTGGATCCGTAATCCTTTCGTGTAGGAAC
162	AAGGCCTTGGCATCGACGTCACGGAGGACG
163	GGAGTGAGAGGGTAGACCCATCGGCGGATG
164	TAGGATGCAGCCTCGTACACGCAGTGGCTA
165	CGGGGAGTGGGAACGGGTCCGAGGTGGCGT
166	AGCCAGTATTCGGATGTAGAATCGGGGGAC
167	CATTACGGATGGTTCGTATGAGGTTGGTCA
168	TGCGAAGGCGCCGGCGTCTGCGCTGGGGCT
169	TCCACGATCGAGGCCAAAATGACGGGGTGT
170	GGCGTTCGTAGCTGTCCACGATCGAGGCCA
171	CCCCCTCGGGGAGTGCGTCATCGCAGGCCA
172	GCCTGCGATGACGCACTCCCCGAGGGGGCC
173	CTCCAAGCTTTACTTACACGTTGGAGGCCG
174	CTGAGGAAGCTCAAAGGCGCAGAATGGATG
175	TGCCTGACTCCGTGCAGATACGGCGGGTGG
176	ATCCATCGCCGGCTGCCGAATCATCGGGCG
177	AAGGTTCTAGGAATTCGAGTCTGGGGGTTC
178	TATGGACAGCCCCCTGAACCGAGCTGGCTT
179	TGTAGCAAGCCAGCTCGGTTCAGGGGGCTG
180	AAAACTCTAGTCCACGTTAAACGCTGGTTT
181	CAATAAAATTGTTCATCTCGGTCGTGGTAC
182	TGACCCACGGTTTCCTACAGTTCGTGGAGT
183	GGGAAGAGAAGCTCATTGCGTCTGTGGCCG
184	GGAGAGGTCGGAGACATTGTAGTGGGGAGA
185	GAGGCGGCGGCGGCGTTTACTGGGTGGACT
186	TGTGGCCCAGGTTTGCGACGCTGCGGGGAC
187	CGGTCCCCGCAGCGTCGCAAACCTGGGCCA
188	GGAAACTAGAGAAGCTTCGAGAGAAGGAGC
189	AGTTTTTACCTCCCGGTCCCGGTCAGGCAA
190	GGATGCTCCGGGTCATTAATGGAGCGGATA
191	AGCGACGGATATCGAAGATCTCCCGGGCGT
192	AAGTGCCGGACAGCATCGACGCCCGGGAGA
193	TCACTCTGCACCAGGCCCTCGAGAGGGATG
194	ACAAGAGTGCCGCCGACGGGCCCCGGGTGT
195	AGGACTCACCACTCGGAACACCCGGGGCCC
196	GGAGCTCTCAATGAAATTGTCCGTAGGCAT
197	CTCTGGCAAGCGGATCCCGGTGAGGGGCAA
198	TCCCCAGGGTCAACGTGGTGTTCGTGGACC
199	GGCACGAGGGGCACTCACACGTCCCGGGGC
200	GGCAGTTAAGTGTCGCATTAGCACGGGGCT
201	GCAGTTAAGTGTCGCATTAGCACGGGGCTG
202	AGCCATTCCACTAATACTCGCCTGTGGTGC
203	CGAGCTGTTCTGCAGCGCGATGAGAGGAGC
204	CAGGCTCAGAAACCCGTCGTCCATAGGGGA
205	ACTATCTGGGGGATGGGTTCGTCAAGGAGC
206	TTTGTACTCCCTAAAGCAACCCGACGGCTC
207	CAGCTCGCAAGAAGTCCGTAACTGAGGTTC
208	CCTGTACCTTGGGAGTAAGCGTCATGGACC
209	TTGGGGAGAGGCTTGATTGGAACGAGGTCC
210	GACCTGTGTGCTGCGCCTGGCGGATGGTAA
211	TCCAGGGTATAGGGCTTGTCTGCGAGGTCT
212	GCGAAGCGCGTACTCACGGCGTGGCGGGTG
213	CTGGAGGGAACCGATCGTAACCTGCGGCCG
214	ACATTAAGTTAAAAGGTACCGGAGGGGACA
215	CCTCGGTCTGGACTGATCCGAGTCAGGTAC
216	TGCATCAGCTTCTCGCGTACTCTGTGGTCC
217	AGCTTCACCGCATCCGGGTGATCAAGGGTT
218	TGAAGACAGTTCAAAGCTCCGACGTGGTTT
219	AGAAACTGGAACAGATGCGTGATGAGGAGC
220	CTCACCCACATCCATCCATTCCGGAGGTAA
221	GGCTTACCCGTGGACGTGCCCCTGTGGCTG
222	GGCCCTTCAACCCCGGCTTACCCGTGGACG
223	CGGATCCTCTCCATCTCCATGCGATGGATG
224	AGGCTGAGATTGTCGAATGCGTCATGGAAC
225	GAGATAACAACATCACTAACGAAGTGGGAG
226	CCTGGGACGGAACGCTGCGCCTCTGGGATC
227	GCCACACCAAGGATGTGTTGAGCGTGGCCT
228	CAGAGACAATCTGCCGGTTGTCAGAGGAGA
229	GGTGAACCTGGACCCCGCTAACGACGGACT
230	TGCCTTACGAGTGTGCGGTGGACGTGGGCG
231	CCACTACTTTCTCTTCGACTGCCCCGGCCA
232	CCATTTGGGAGAAGATGCTGCGTAGGGCGG
233	AGGGTAGTTGAAGTGTTCTGCCGCCGGGTC
234	CGAGTCTCTGCGGTTCGGCCCCAACGGAGG
235	GAACTTACAACTATATTGCGAGGGAGGTTG
236	TAAGAACTTACAACTATATTGCGAGGGAGG
237	ATAAGAACTTACAACTATATTGCGAGGGAG
238	ACAGCTATATTCCCGTTCTCAAAGAGGACA
239	CAGGTCAAGCACAACAACGAGTGCCGGGAT
240	CCTGCACAGTCAGGCGATTGTCCATGGTCA
241	GGTTGTTAGGTTGTAGATACCCCAGGGATT
242	CACATGGATTATAAGTATCTGCGCTGGCAG
243	CAGAGATTTGGTGGTAAATGCATAGGGTTG
244	TTCATCAAGTCAGCATAAAACGGATGGATA
245	GCTGGGGGAGGCTCGGGCCACAGTAGGGAA
246	TGGCCCTGCTGGATGGATCCAACGTGGTCT
247	TAACGGAAAACAATATCGTGAAGGAGGTGA
248	AGCTAACGGAAAACAATATCGTGAAGGAGG
249	GCTCGCAGCGAGCCGGCTTGCAGGTGGGTA
250	GTGCATAAAAATCAAGTTCCCTGTGGGCCG
251	CAGGCGTACTCCCGCTTACCTCTGCGGTGA
252	ACGCATTGATAGAATTCACGGTAACGGCCT
253	ACCATATAGCAAAGGTGTATCGCCGGGACA
254	AAGGATACAGTAAGGTCATAACGGAGGGAC
255	TATAGTCCCCGGCAGATGGCGGTCCGGGAA
256	CTGCCTGGCACTGTCGGCAAGACCTGGATG
257	CTTATATATTCTCGAACTACGGCCAGGCTC
258	AAGGCTTCCTGAACCCCGTCACCATGGTGG
259	GTCAGATTTCTGTGAAAGTAACGATGGAAG
260	TCCCGCTTAGATACCCCAGAGCGTTGGATG
261	TAAAGAAGCTATTCTAACCCGGTTAGGCGA
262	GCTCCACCTCGCCGTAGACCTGGGCGGCGC
263	CCGGGTAGCCGTTATCGAAGCCACGGGCAC
264	CCTTGTACTTGGGTTCGTTCCGGAAGGCAT
265	ACCTCCTTCTCAATGCCGAACTTGGGGATG
266	CCGGGCCGGCCTGCAGTTTCCCGTGGGCCG
267	GTCAATGTCTGGACGTGGCAAACAGGGTGG
268	GCCTTGGAGGAGATACCGGTGTCGGGGTGC
269	GGCCTTGGAGGAGATACCGGTGTCGGGGTG
270	CACCATGTCTGGTCGTGGCAAGGGCGGTAA
271	TCGTGGCAAGGGCGGTAAAGGTCTTGGCAA
272	GCTTCGTACCCTGGGGCGTCTCGTAGGTTA
273	AGCCCTTTGAGGACGACCCGTTGGTGGAGA
274	ACCAGCCCTTTGAGGACGACCCGTTGGTGG
275	ATAAACTGTTGGGACATACCGCTCGGGGCC
276	TAAACTGTTGGGACATACCGCTCGGGGCCA
277	CATGAGGCTGAAGTAGTCACGAGTGGGGTC
278	AGTGCTGGAACTGCGGTCACGCAAGGGAAG
279	CAGTGCTGGAACTGCGGTCACGCAAGGGAA
280	GGGTCATTCCAAGTGCGTCCGATGAGGCGC
281	CTCTTAGCCTTTTCTACCTCACGCCGGAGT
282	CCGTGAAAGCAACATAGCTTGGCGTGGTGC
283	TTGCAGAAGCGTACCTCGGAAAGGTGGGTT
284	GCTGTATGTATTTACCTGCACCATAGGCAA
285	ACATCAACTTGCCATACCTTACCATGGATG
286	ACCAAAGACAACATGGCGCTTCAGAGGGTT
287	CAGCTGCTGCTCTAGCTTACGGTCTGGACA
288	TTTTAGGTGATAGTGCAGCCGGCATGGTGA
289	CACTCAGGACGGTTTTAAGCCGGTTGGCTT
290	AGGAGTACGAAATCGATAAGACACTGGGCA
291	TGCTGTGCCAGTGGGACCCCGGAAGGGAGA
292	CTTGCTGCTAGAGACGCGACATAGCGGTCA
293	ACGCGGAATGGGTCGCGTTCCGGCAGGTCG
294	CGCTGTTGGACAAGCTGTACGCTATGGGCC
295	GCTGTTGGACAAGCTGTACGCTATGGGCCT
296	GCCATGTAGATGATGAATATCGATGGGCCG
297	GGTGCCCAGCGCATGAACCGAGGTCGGCAT
298	CCACCAACAGGTCGGTGACCCCGTTGGCTT
299	ATCATTATGAAAACCCTCGGAACGTGGGAT
300	TCATTATGAAAACCCTCGGAACGTGGGATC
301	TTGTCAAGGGATCCCACGTTCCGAGGGTTT
302	TCACGCCAGGTGCTATCCGGCCGCCGGCAC
303	ACAGTTAACAGGCGACTGGACGAATGGGTG
304	TTACCTTTGTGGAATGCTCAACGTGGGAGG
305	TAGCCAAGATGAGCTTGATTGACCTGGCTG
306	TATAGTGTTTGCCTATGGCGCCACCGGGGC
307	AGCGGATGCTGGTATTTGACCCCGAGGAGT
308	CTCAATGGCCATACGCTGACCCGCCGGGAG
309	ACCAAGATCGCTGCCCGGATGCTCTGGCGC
310	TGTTCCCGCGCTTTATCAAGATCGTGGAGG
311	CGCTGGGGGCGCGTACCTTGTAGCTGGTTC
312	AGGGGAAAGCCACTGTCCGGCTAAAGGAGC
313	AGCACAGCATACGCATATCAACTCGGGCAA
314	AATGAGAAATGACCGAGAGCTTCGAGGCAG
315	ACGTGTAGTCTGCCTCGAAGCTCTCGGTCA
316	CTTTGAGTAAGAAGGTTGAACGAAGGGAAA
317	GCTTTTCCCAGGCGTCTCTGGGAACGGGTA
318	GCTCGCTCTATAACCTTCATGTACAGGTAG
319	TGTGCAATCGGTCGTCCTGTCCTCTGGCAA
320	GGACTCTCCTGGATGCGGATACGTTGGTAG
321	CTCAAGGGCCACTCGGTGCGCGAGTGGGTG
322	TCCTCTGTGGCGCGTTCTACGTGGCGGCGC
323	GGAGCTCGATGTCTACGAGGCCGAGGGATT
324	ACAGGGGAAGGAACCTCTCTTCGTGGGGAT
325	GATTGGGCTGCTCACCCGAATCAGTGGCCA
326	GGTCTTCAAGGCTCGACACAGGTAAGGGTA
327	TCTAGAACCACTGTGATGCTACGAGGGATG
328	AAACCCAAGCACTACCTGATGCGAGGGCGT
329	AGTCCACAGAGACGCCCTCGCATCAGGTAG
330	CTCACTTGATGAATTTCCGGGCGAAGGATT
331	ACTGGGAAGCTTAAATCCTTCGCCCGGAAA
332	AAAGTTCTTACTAAGTGTACAGCGTGGTCG
333	TAGAAGGGATGCGACTCGTGTGTAGGGTAA
334	ATAGAAGGGATGCGACTCGTGTGTAGGGTA
335	CTTTCTTATGTAGTAACTTGTGAGTGGCCC
336	CCATTCTGAACCTGAGCTATAAGCAGGTGG
337	CCTGTCACTCTGCAGGTTAAGACCTGGTTT
338	AACCAAAGGATGAAGTGCAAGCGGTGGCAG
339	CCATCTTGAACATGTTCGCCGCTCTGGCAT
340	GTTCTGTCTCATAGATCTCAGCGATGGAGA
341	CTGCAGATTGCTCATAGTGGGCGATGGCCT
342	GAGGTGACACAGCCGCTGCACGCCAGGCAG
343	AGCAGAGTCACGAGGAACTGCGGAAGGTTC
344	CCAAAAGGCTGAAGTTCCTCGCGAAGGCAG
345	TTTCCGGGACCACTTCTTCGACAGGGGCTA
346	GAGGAGCTGATAACCTGATCAACGAGGAGT
347	ATTCAGCTGCAGCACTAGACCCGGAGGAGG
348	CTGTGTTAGCAGCTATAGCCGAGATGGTAC
349	TTCTCCTTCTTCCAGCATAGCGCGAGGCTG
350	CAGCCAAGGAGAAACGATACACGGGGGTCT
351	GACCAGAAGAAGATCCCGATCAAGCGGACG
352	TTCTGAGTGCGCGGCCCCACGGTCGGGGCC
353	ACTTTGGCTATTGGATCTTCCCGTGGGAAA
354	CAATGAGTACTTGATGTGCCGGATAGGCTG
355	TCCACTAGTGAAAATGATCTCCCGAGGATC
356	TGCGACCTCTCTACATGGACGTACAGGCCA
357	TTTTGAGGCTGGTGGAGATTCGCACGGTAT
358	GCTGGGATGAGGCTTAAAACGGAGCGGGTC
359	TTGTAGAGCTTGCGCGTCAGGCGGCGGGAA
360	CACTTGTAGAGCTTGCGCGTCAGGCGGCGG
361	CACAACGACCGAGTGTACTATGTGAGGTGA
362	CTCCGGAGACAAGCTCGTGTCGCTGGGGAC
363	GCTGTCACGTGCAAGCGGAACTTGTGGGTC
364	TGTACGAGTCTGGGATACAACCGCAGGCCG
365	CCAGGAACCCCGAGTGCCGCTACGTGGCCA
366	CTGCTGGCCACGTAGCGGCACTCGGGGTTC
367	GTCTTCAGGGTCCGGGCTGTGACGCGGTGC
368	TCAGCATCGTGGACGTAGAACGCCAGGGGC
369	TGGTAGCCTGTCTAGCGGAAGCCACGGTGT
370	ACCACAGCTGCTGTAACCGCCTAGAGGAAC
371	CGCTCCAGCAAGGTACCGAAGAGTCGGCTG
372	ATCAATACCTTCTCGATGCGCGTCAGGTAA
373	AACTGGAAGAAATTACGATGGACGGGGCCA
374	CTCGCGTCGTGTACTCATCCAACGTGGCTC
375	GTTGGATGAGTACACGACGCGAGTGGGACA
376	CTGAATTAACCTCCTGTGGCGCAGGGGCGT
377	CCCAGCCTGGTTTCCCCCGACCTGTGGAAT
378	GCCCGCCGCTTCCTCACCGGGATCCGGAGC
379	GTGCTGTCTGGGAAAGGCGGCGTTGGGAAA
380	CACACCTCGCCCACGGCCTAGCGGAGGATG
381	TATCTCCATCCTCCGCTAGGCCGTGGGCGA
382	GGGGGCAGCTGGATTATCTGGTTGTGGACA
383	CAGTTTGTGTCTGACGTGGCCTGGGGGCAG
384	CCTTGCAGGTGGGAATCCTAGATGTGGACC
385	TCAGAGATTATTACCTGCTGGCGAGGGAGA
386	TCCTGGACAGCAAATTTCACGTACTGGTGA
387	TGTTTCATTGCGCGCGGTGCTACGCGGTGC
388	GTGAAGGCGTCACCTGTCGACCTGCGGCTG
389	GACACTGAATGAGGAAGCAGTCGGTGGATA
390	CTCACTGCAAGCTAAGGATTGTCCCGGTAA
391	ATTGCTGTCTCCTAGCTACGAGTCTGGTCT
392	GAGTAGTGCGGCAGTGGTGAAAAGTGGCCT
393	TGCATGCTGAGAGTAGTGCGGCAGTGGTGA
394	TGCCAGAGACTACATAGCGACTGTTGGAGG
395	GCATGGGGCTCTGGTGCATCACGCTGGTAC
396	TTTCTATCCACCCGTCTGGCAAGTTGGCTC
397	AGAATAAAGTGGATGTCTATCGGCTGGGCA
398	GCATATACGTGCAAATTCACCCGACGGCAT
399	GGCTGCGGCAACAGCCAGACGCGCAGGTAG
400	GAACACGTACAGAAGCCGATGGAACGGGGA
401	GTACACCTGCACGACGAGCGTGAGCGGCTG
402	GCCCTGCCGGCCGTTACCACTCCGGGGCCG
403	CACACTGCGGCCCCGGAGTGGTAACGGCCG
404	CTGCACATGACACTTGCCAGTCCGAGGGAA
405	GTGCAGACCATTCAGTTGTGCCGTAGGCTC
406	CTGTAGTCCACATCTGTCGGATGCTGGAGA
407	ATGAGACCCGCAAGTGCTACCGCATGGTTG
408	GACCCGCAAGTGCTACCGCATGGTTGGAGG
409	CCGCAAGTGCTACCGCATGGTTGGAGGTGT
410	GCTCCCCAGCATGTACCAGCGTCTAGGGCT
411	CCAGCATGTACCAGCGTCTAGGGCTGGACT
412	ACAGTAGTAGGCATCGGAGACTCCGGGGCC
413	TACACTCATCACATATGCGGACCAGGGTGC
414	AAAACGGATATATCGTGTAATCGCTGGCTG
415	CACTGTGCATCCCGGAGCTCACGTGGGAAC
416	TGAGAAGATCACGTACTGACGTCAGGGTCA
417	ACGCAGCCGGCGGCAGTATGTACGGGGGCG
418	AAGTCATGGAAGCCTACGACGTGTTGGTGT
419	AGGACTATCTGTCGCAGGTAGTAGCGGGCC
420	ACTCGTCATTGAGCAACTCGTGAATGGTGG
421	TCAGGTTGGGCTGTGGATCGATGCGGGAAG
422	GGAGAAGCAGAGATTGAGCGTGAGCGGGGA
423	CCCTGAAATATAACTAACCTCCGGCGGCAG
424	CTCACAGCGTTGAGCGTGTAGGAGCGGAGC
425	ATGTTGGAGCGGAGACCAGTCACGCGGCCC
426	TGGCTTCGTAGGGTGCGAAGCTCGGGGTGC
427	TGGTCACCCAGGCGATTGACGGGACGGTAC
428	TAGGTACCGTCCCGTCAATCGCCTGGGTGA
429	TGTATAACAACACGTCCATAGTCCAGGATG
430	GGATTCTCCGGAAAGCATTGGCGATGGCAG
431	CCTTAAACTTCATCGGTTCAAGAGGGGCAA
432	CCAATAGGAGAGTTTAGACGACGCAGGTGA
433	GAAAGCAGCAGAACGAGAGCGCGGAGGACG
434	GGCTGAAGCGGGCCGTGTAGTTGAGGGTTT
435	TGTTTAGTACTCACCTGCGCACACTGGCAA
436	AAGGAGTGGTGATCCGCTTCTGGTTGGCCT
437	CTCCTTACATGACCAAGTATGAGCGGGCCC
438	TCAGGCAGCTGTTGAAGGACCCGCAGGTGC
439	GATGATCTTGTGCTCCAAGGGGTGAGGGAC
440	CGAATGATGATCTTGTGCTCCAAGGGGTGA
441	GCCAAGACCAGATTACCAACGGCATGGTCA
442	CAGGAGGCTCATGAGATTAGCGAAGGGCAT
443	CCAGGAGGCTCATGAGATTAGCGAAGGGCA
444	GCGGCGCCGAAGGCCCCGTGCACCCGGGCG
445	ATCGCAGTAGCACGACTCCAGTGTAGGCAT
446	ACTGGAGTCGTGCTACTGCGATGCCGGAAG
447	AGAACTCGTATGCGGGCGGACATGGGGAGA
448	GCAGAACTCGTATGCGGGCGGACATGGGGA
449	CATCCCTCCGCAGAACTCGTATGCGGGCGG
450	TGCAAAGTCTCCACGCCAACTTGGGGGACT
451	TCAGCCTGGATGTGCGGCGGGTCATGGAAC
452	GCTCGTGCATCCGGTGTCGGCGCAGGGAAG
453	CCCACCGTGTGCACGTTGATGGACGGGAAC
454	AGTGGTTCCCGTGGGTGCAAGCCGCGGCAT
455	TCACGAGACTTGATACACAACCCTCGGACT
456	CAGCCTTACCAGTAGAACGGAACTTGGCAT
457	CGCCGAGCTGTCTCGAAAGCATGTCGGTCA
458	CACAAAGTGAGCCTCTAGATCGGAAGGTGA
459	GAGGCAGCGGCCCGCCGCACCATGGGGGTG
460	AGTCTTGGCGTGTTCGCTACATGGTGGCCG
461	TCCTGACAGAATCACTTTGATCCGGGGCAA
462	CTTCATGGGAGACTTTGTGGACCGTGGTTT
463	TTTCCAGGTATGCGGTGACATCCATGGACA
464	TTGGTAGAAGAGAGCAACGTGCAGAGGGTG
465	GACATGACAGACTACGATGACGTAAGGAGA
466	GCACAGCAGAGGACAGCTTTCGAACGGATT
467	CCTCTGCTGTGCGCTCCGGGATCGTGGAGT
468	TATACTCACGACTGGCAGTACGCGAGGCGT
469	CACGACTGGCAGTACGCGAGGCGTAGGATA
470	GCAAGGCCGCACTGTGGATGCGACAGGCAA
471	TTCCCAACCAGAGCGACTTCCCATCGGCAA
472	TGGAAGCAGCAACACGACAAATCGAGGAAC
473	GAATCATCGGGGGTAAAGAAGCGGCGGATA
474	TCTCTGGTAGGTATGTCCGGATGCTGGGGG
475	AGCCATGGAGTTAAAGTTCGTTGGTGGTGT
476	ATATGGCCGGAGGCCGTATGGTGTTGGGCT
477	AGCAGCCCAACACCATACGGCCTCCGGCCA
478	GGCCTCCGGCCATATCGCTGTGTTGGGATC
479	ATCCCAACACAGCGATATGGCCGGAGGCCG
480	GTAGCTGGAGGGGCCCCGTCAGTGGGGATT
481	AGTTACCTTTAATCCCCACTGACGGGGCCC
482	AGCCCATTACCAAGCACATCGGTTTGGTGT
483	GAGTGACCCAAGTGGAAACTATGGGGGATG
484	TGCTTTTAAGGCTATTAACCAGGGTGGACT
485	CTTGTTCAAGATAACGGAAAGCATTGGCTG
486	CCCAGGTACAGAGGGCACGCTATGAGGCAG
487	GTCTACACACAGAACGCTGAAATGAGGCCA
488	ACCTGCTTCAGACTCGCAATGTAGCGGGTG
489	GTCTCAGGTCTCACCGCTGATGCAAGGATA
490	ACTGGAAATCAGCGTAGTCTCCCGAGGCAC
491	GGTACTCGGGGTGAAGTTCGACGGCGGAGT
492	GGAACCCCATGGTGACCGGGACATCGGTAC
493	AGCAGAAGATGTGATCGTGGATAGGGGTCA
494	GCAGCAGAAGATGTGATCGTGGATAGGGGT
495	ACCAGGGCTGCAAACTGCCGACTTCGGAAA
496	AAAAAAAGCCAATTGACCAGCGATTGGAAG
497	TGATCACAAGTATAAGCAAGCGATTGGCAT
498	CACTCTAGGCACACTCACCGCATCTGGTGT
499	TATGGAAGTTATGGGTCTAATGCTTGGTGA
500	CCACTGCCACAGCTCTCTCCGACAAGGCTT
501	ACATTGATGAGAACGCCTACGCCAAGGTCT
502	GCAACTTCTTGGCTTTAGCTCGGGAGGTGA
503	GGCAAGGAGCCTCGGTTCGTGCTGAGGGCG
504	GGAAGGGTAGCAAGAAGTCTCGAGTGGCGT
505	CGACCTGCAGTTTCGTCCTCGCACAGGAAA
506	CCAAGTGTTACTATTATCACGCCCGGGTCT
507	TGTCCTCCACAGGGCTACCGACAAAGGCGA
508	ATACAATATCCAGGCGGTGACCCAGGGCCA
509	AAGAAGAGTTGAAACGTTTGGATGAGGAGC
510	GAAGCCTTGTGTAAATCCCTCGACTGGCAG
511	ACGCGGCGGTGCGCGAGGAGTTGATGGCGG
512	TTGGGCCATGTAGCGCTCGAAGGAGGGAAT
513	CGTCCTTGAGTTGCTCGTACATGCCGGCCG
514	CGGCTGACGGATTCGCTCTTCCTGTGGGTG
515	GGCTGACGGATTCGCTCTTCCTGTGGGTGG
516	TCGGGAAAGTGAAATACTCCCGACTGGCCA
517	CGATGATTGCGAGGCGACCATCTGGGGACA
518	GGCAGGTGAGAACTACAAGACGCCAGGCTA
519	GCCTGGGCCGTGGAACTCATCCATGGGTAA
520	GGACCTTGCTACTCACGGTTGACGAGGCAC
521	GCAAGAGGCAGGAGCGATAATGCCAGGAAG
522	CTGGGAGTAGTCCGCATCTATCACAGGAAA
523	ATCTGTATGATCTCTGACCGGCGCTGGTGA
524	GGAAGGCCATGTACATTGACACCGAGGGCA
525	GAAGGCCATGTACATTGACACCGAGGGCAC
526	CTGCTAGCAGCCGCTCCGGCCTAAAGGTGC
527	CAGGATGTCCGCCTCATGCGCTACCGGAGC
528	AGGACTGTTTTGGCTGGCGTATGGCGGAAA
529	TGAGGATGAAAAGAGTAGTCGAGACGGTAA
530	CGCCCTGTTCCCCGCAGCCACCCTGGGCGT
531	TTACCTGACTGGCTAAGGCGATCGTGGGCC
532	AGTTTGTGAGCCCTGATATCCGTCAGGAGC
533	TCATTTAGGTTGATGACTCGCAACAGGGGG
534	CGCATTTGGACCCGATGGAGTGCGAGGCTT
535	TCTACGATTGGAGGGCAACACGGTGGGCGT
536	ATGCAACCCCGATTTGCGTCTCCGTGGACA
537	TGCAGGGGTTCTGAGGCATGTACCGGGCCC
538	CCACTTGGTGATGCTCACGAACGATGGCGA
539	TTCAAGTGCAGCTGGATGCGCCCGTGGTAA
540	TTGGCTGCAATGACGAGGGTGCCCTGGGAA
541	CCTGCCTTGCAGTCTCGGTGCACGAGGTTC
542	GGATGCCCAGAACGCCTTGAGACGAGGTGA
543	GACCGAGGGATCGATATTGTTCGGGGGCCA
544	TGAAGGGCGACGCTGAGACCGATGAGGAAG
545	AGGCCGACAGAGCAACCGTAGAACAGGTAT
546	CTTTACAATAGCCACGCCGGAACCTGGAGC
547	GGGTTTCCTTTACAATAGCCACGCCGGAAC
548	TCACTGTTGATTGTGAACCGGTACTGGAGC
549	GTGACTGCATGCAGCGATACTCTGGGGTTT
550	CACCTACATCCCCTCAACCGCCTGAGGAGC
551	TACTGAAGTACTTCGGGGCGCAGTCGGTGC
552	AGGAGGACTTACTGAAGTACTTCGGGGCGC
553	TCCGCACCTGGAGTAATTCCCGGGGGGAAG
554	GATCCGCACCTGGAGTAATTCCCGGGGGGA
555	ATCACTCATGAGCAGTCGGTACCGGGGTGA
556	GTCAACCCACTGACGAACATCCATGGGCGG
557	CCGAGGTGCACTTACTTATAGCTTCGGAAG
558	AGCCAGCCGGACGTTCGATACTGTGGGGCC
559	TCTCATAGACTAGTAAGTGCCCCGAGGGAA
560	TGGGTTCAGCACTCACCACCGGGCGGGGCG
561	ATGGGTTCAGCACTCACCACCGGGCGGGGC
562	GGCTTGCAAGGCTCACCTTGTCATAGGGTG
563	GCTTGCAAGGCTCACCTTGTCATAGGGTGG
564	GCGAGAACAAGACTGCCGTGGTTGTGGGGA
565	GAGAACAAGACTGCCGTGGTTGTGGGGACG
566	GCTTTCTGTGTACCCAGTATGCTCAGGCTA
567	ATAAAAGTGGGAGCTTACATATGGCGGTCA
568	TGCCTGGCCCAACTCACCTTATCAGGGTAT
569	GGCTAATGGCACAACCGTCCATGTGGGCAT
570	ATTTGTTACCCTACAGCCCGCAAATGGCAC
571	AGCCACAGAGAAGGCAACACGGGCAGGGTG
572	TGCGGTGCCAACGACGCCAGGTTTTGGTTG
573	GCACCAACCAAAACCTGGCGTCGTTGGCAC
574	AAGGGCAAAATGAGAAACCGACGGCGGATC
575	GGCCCCCTGCGCTGGATCCGCCGTCGGTTT
576	GAAGATATTATATACATACCCTGCGGGCCA
577	TTAAATACTATCTATTACCTATGAGGGATA
578	GGGACACTCCTCACCTTGCCCCTGTGGCGC
579	TTCCATGCGTATAACGAAGGCCAAGGGATG
580	TGTACCTTTCCATGCGTATAACGAAGGCCA
581	ACGACTTTGGCGAGGGGAGCGCCGCGGCCA
582	CGGGATCCCTACCGATTCAAGAAGCGGACA
583	ACAGAGCTGTTCATCGCAGCGGAGGGGATC
584	CAGCAGATCCGCATGTCGCTCCGAGGGAAG
585	AGATCCGCATGTCGCTCCGAGGGAAGGCCG
586	ACATCAAGAAAATACTAGACAGCGTGGGCA
587	CATCAAGAAAATACTAGACAGCGTGGGCAT
588	CAGAGAAAACCATCGCGAAGCGGCTGGTCC
589	ACCATCGCGAAGCGGCTGGTCCTCCGGCAG
590	CACACAGAGAAAACCATCGCGAAGCGGCTG
591	AGACACAATGCCTACCTGTACGATGGGTAA
592	AAGACACAATGCCTACCTGTACGATGGGTA
593	TCGGTACTACAAGAATATCGGTCTAGGCTT
594	GAGACTGAGACACGTACTTGTCTAAGGCTT
595	CCAAACTTTTGACCTCAGGGCGTGGGGCGG
596	CCCAAACTTTTGACCTCAGGGCGTGGGGCG
597	CACAACCCGCTCCTCACCAAGAGCGGGAAC
598	GTCTCTACGCTACAAACTCCTTGGAGGGCT
599	GTTGAAGTCCGAGTTACACCAACCAGGACA
600	CTTTCTTAGAAAATGGATCGACCCTGGATG
601	TGGCAGCATACCGTCCGGCACTGTGGGGCA
602	GGAAGCGCTTGGCAGCATACCGTCCGGCAC
603	GACATTGTGCTTTGCGGAAGCGCTTGGCAG
604	GGAGTTAGTAAGGCGCTCCACGATGGGACA
605	CATGATGATGCATGGTCGTAACAACGGCAA
606	CGACCCCCGCACGCACCTTCGTGTTGGCAG
607	CTACAACTACATAAATCCGCACAACGGCAG
608	TGCCTTGATTTCTAAGTCCGCTGGGGGAAT
609	CGGGCCACTGGTAGCTACATCGCTGGGGTA
610	TCCAGGTAAATAGCAAACGCGCCTGGGCGC
611	ATGGGAAAGACAACGAAGCGGCGGGGGTTT
612	GATGGGAAAGACAACGAAGCGGCGGGGGTT
613	TCGATGGGAAAGACAACGAAGCGGCGGGGG
614	GCAAGTCCTGAACGATTACCTCCTCGGCAG
615	TTTGTGATATAGGTGAGTGTATCGCGGCAG
616	CAGGACGTCCAGGCGCTCTGCGGTGGGATG
617	TGGCTCATCCCACCGCAGAGCGCCTGGACG
618	AGGAACCTTCAGAGGATTGCGACAAGGTAA
619	CGAGTGCTGGGACCAATTCAGGCTGGGCAG
620	CCACCTGATCCTCCTCGAATGCACGGGCTT
621	ACACAGCGTCCCGGTGTCCCGTGAAGGTGT
622	CATGAACCTCATCTCCAGATTGGTGGGCAT
623	ATGGGCCCACAGCGAGAGACCTGCTGGTGC
624	CTGTCTTAGACCCAGATCTCCGCATGGTAG
625	CGGCCTTCCTACCATGCGGAGATCTGGGTC
626	TGTATGTGATGACGGGCATGTACGGGGACC
627	TCGGCATTATTTACCCTCCCCCGGAGGTCA
628	TGATCCAAGAGACCATAGTACCGAAGGAGC
629	CATGAGTCTGGCCAACGTGCCCCCTGGAGA
630	CCCAATGCTGTCTGGACAGTCCGTCGGCAC
631	GAATGACCTGGATGACCCTGAACGAGGAAT
632	CCCATGTAGGAGCAGTAGGAGTCGCGGTGC
633	TGAGGAGGTCGAAGTGGCCCATGTAGGAGC
634	GCGAAGTAGTTGAGGAGGTCGAAGTGGCCC
635	TTCTCGGCAATGGCGAAGTAGTTGAGGAGG
636	CTCTGGCAGTCTCGAATTGAGCAGAGGGAG
637	TGGTTGATATACATGGTTTCTCGTAGGACC
638	GATTTCACTCCTGTGACTGAACGGAGGCAG
639	GAACTCGCCTCAGAAAGTACGGCTTGGCGT
640	CCTTTGTCAGCATGGTCTACTCGGAGGAGG
641	TGAAGGATGAGGTAGTACGAGCACAGGTAC
642	AGTGGGATAAGATGAGGCGCGCCCTGGAGT
643	GCTTTCTGCTAAGCGAGAAACGAGTGGAGA
644	GAGAGAACCGAGCACACTCCACGTGGGACT
645	CTAGATCTTACTTTGATCCTCGTGAGGTAT
646	AGCCAGAAGGCATCGATATCCCGAGGGTGC
647	TCTTCATAGCCTTTACGCTGGCGTCGGAAG
648	GCAGCAGTGTGAACAAGATCGAGTCGGCGC
649	GGAATACTGCACTCACCTAGGCGCCGGGGC
650	CTCGTTCATGCTCATACTCGATGAAGGCAT
651	TATGTGACTGTGATGTTGGACATCTGGAAG
652	ACAGCTGGAACAGGTATATATACGTGGCAG
653	ATCTCTTCTGCATCATCTAATACGAGGTTC
654	TCTTTTTCTCTTCCAGCAAGCGGTTGGATT
655	CTGTTGGGAAAAGAGCCCTTATCGTGGCCT
656	CGCTCTGTCGGTCGCGGTAGAATCCGGCTG
657	CGGATTCTACCGCGACCGACAGAGCGGTTG
658	CTGCTAATCTGGCAACCGCTCTGTCGGTCG
659	CGACATCGACCTGAAGAACCGCCGCGGGGG
660	AAGGCGAAGGGCGGTCCCCCGCGGCGGTTC
661	TTTCTGTGATCACACGCAGAGACGCGGAAG
662	GACGGCTACGACTACGACGGCTACCGGCTG
663	GGGCCCGCCACCCCGTCGGTACGGCGGCGG
664	GCTGCGGGTGCAGATGGCGCGCTACGGCCG
665	GGACTCCTTGGTGTAGCGGTCCCGCGGAAT
666	CATCTCCTGGCACCCAGAAGTACGTGGTAA
667	TAAAACTGGTCACTCGAAAGGGTTTGGCTT
668	AGTGTATGAGAGGAGTCCGACTGGTGGAAG
669	CTCAGTGTATGAGAGGAGTCCGACTGGTGG
670	TGAGACACGGGATTCCGGTAGCGCAGGCCG
671	CCGGGGTCCTCATGTCCGACACACCGGCAA
672	TTCCACAAGCAATCTGATACGGCGTGGTTT
673	ATCTCACCAGAAGCTTACGAACGGAGGCAG
674	GAGATCTCACCAGAAGCTTACGAACGGAGG
675	GGCTGTTGGAAGCCACGACGATGTGGGAGT
676	GGCCCAGTGACTCCCACATCGTCGTGGCTT
677	GCTGTGGACACCTCTATCCGCGTGTGGTCA
678	GCGCGGCTGGCTGTTACGAGTACCTGGGGA
679	TTAGGATGTAACCATTACTAACGATGGTGC
680	GGATGGTGGCACCATCGTTAGTAATGGTTA
681	TCTGTAGAGAATCGGATATCACCAAGGAGA
682	AGTCCTCGGAGCGGCCGTCACGGAAGGCTC
683	CGAAAGTCCTCGGAGCGGCCGTCACGGAAG
684	CGAGTACGACGAAAGTCCTCGGAGCGGCCG
685	TCGTCGTACTCGTGACAGCGCCGAGGGTGA
686	AATCCTGGAGGATACCGAAGGGGCTGGTCC
687	CCCGCCAGTAAAATACGTAACTGGAGGCAA
688	CCTCCAGCTCACCGGTGGAAATTCCGGCCG
689	ACCTGGTCCCAGGGTCGCGCCTGCAGGATC
690	TGGTGCCGGTAGCAAACCAAGCCGGGGGCA
691	CCAAGCCGGGGGCAGCAGCGCGCAAGGACT
692	AGGTGTCCAGCCGCAGTAGTCTCGGGGATT
693	CTGCCTTGGGAAAGTCACCCGCTTTGGAGA
694	CCAGCCGTTCTCCAATCTTGCGGTGGGCCA
695	ATGTTAAGTGCGTACCTGCATCGTTGGCAT
696	ATACATGAACAGGTCAATCCCCGGTGGGAA
697	GCTGGGCGCATTGCTCTTCGTCAAGGGTGC
698	TAGCGTTTGAAGAGGTCGGTGCACGGGTCC
699	GTAGCGTTTGAAGAGGTCGGTGCACGGGTC
700	ACTGCTGGTAGCGTTTGAAGAGGTCGGTGC
701	GTGGAGTAGAGGATCTGCGTGCGGTGGGGC
702	TCATGGTGATCAAGGCAATGTCGGTGGAGT
703	GGGCAACGCTGCGGATGATTGCGTGGGATA
704	GGGGCAACGCTGCGGATGATTGCGTGGGAT
705	TTCCTGCTCAGGTAGCGGGGCGACAGGGCG
706	ACATCTTACCTCTCGGAGTAGCGCAGGAGC
707	TGTACATACCATTAACGTCTGCCCAGGCTC
708	AGGACATTGGTAAAAATCGAGCGGAGGTAT
709	GTCATAGCCGTGGTATCAAGCTAGTGGTGG
710	CCTCAGCGTCAGAACCGTTACGATGGGCAG
711	AGGTGTGTTCCGAATCGTACAGCCAGGGAA
712	GCGGCCAGACACATCCTATTCACGTGGTTT
713	GATTGGAGTTAGAAATCGGACCTGTGGAGG
714	GTTCTGCCATGAGCAGCTGAATAGAGGTCA
715	TTGGCCATGAGCTCCGCACAGTACAGGGAG
716	AGAAACAGGAGTTCGAGCGAAACCTGGCCC
717	GGGCCAAGTACGCGAAGCTCCACCCGGAGA
718	GAAAGTACTTACTGAGTTGATCGAGGGCTG
719	GAGAAACTTCGCCTGTCTGACGACTGGAGA
720	AGAACATTCTGATTACGTGAGGTGCGGCTG
721	TCTTGAGAGTACCGGCCATAAATGTGGATC
722	GGGACCAGCTGCCCCGCTACCTTATGGGAG
723	AGCTGGGTCTCTCCCATAAGGTAGCGGGGC
724	ATCAACAGTAAGGGACAGATACTGGGGAAG
725	GATCAACAGTAAGGGACAGATACTGGGGAA
726	GTAAGCAACAGGTCCCCTCCGGTGAGGAAC
727	TGGAGGTATGACACAGTCATCCTGAGGGTT
728	TCCAGTACAAAGCTGCCTTCCGACAGGTCC
729	AGTCCTTGATGTACGCCTTCTCCAGGGCCT
730	ACAACATGGCAGAGCTCTTTGCCGTGGTGA
731	CTGGGTTAGTGGTCGCTCACAGTGGGGACC
732	CCTGGGTTAGTGGTCGCTCACAGTGGGGAC
733	TCCTGGGTTAGTGGTCGCTCACAGTGGGGA
734	TGCTCCTTCTTCGTTCCCGGCGATAGGCAG
735	GATGCAATACATACCTCAGTTCGGTGGCCA
736	CAGCTTAAAGTACGATCAGCTAGGAGGCAG
737	AGACATTAAGTAATCGGTCGTGTACGGCTC
738	TTGCACAATCCAGATCGCAACACCTGGAAA
739	CCTCTGTGAAGTTCAGCCCCAATGGGGAAT
740	TTACGGCTGAGACTGGGTCCGAATGGGCAG
741	AGATCTCGAGTCGGATGGAACGCCAGGCCA
742	TGGATGAGAATGCTCTGGTTACGGGGGACG
743	AGCATGAGGAGTACATTGCCGACATGGCTC
744	CCGTAGATGGTTCCCTTCTGCTCGGGGTCT
745	CAGCAGAGCAGAAACCTTCGTTGGGGGCCG
746	TGCTGGAGAGTATTGGCGTGCCCTTGGAGA
747	CACAACACGACGCCAAGAAAGCGGGGGCTG
748	TCCTCTGATCAACACCGCCGAACTGGGCGT
749	TTCACGTCCTCCTTCCGATCAAGGAGGTCG
750	AAATCGACCTCCTTGATCGGAAGGAGGACG
751	AGTCAACTGATTGTGGAACGCTCGGGGAAA
752	ACTGATTGTGGAACGCTCGGGGAAAGGCAG
753	AGACTGTCGCTCCGGACGTAGACATGGCAA
754	GAGTATCTTTGCCATGTCTACGTCCGGAGC
755	GGTGTTGCAGCCGGAGCGTCGCCAGGGCCT
756	AAACACCAGCTCATGTTTCGACACTGGCTT
757	CGAAAATATTCACTATTAGCCGAGAGGACA
758	GGGCACCGGCATTTGTTACCGCTGTGGGTC
759	ACAGCTGGACAGTCAGCAATTCCGTGGCCA
760	ATTCCGTGGCCAGGTTGTCGACAATGGAAA
761	GAAGTCCTCGCGGAAGGTGCGGTAGGGACA
762	GCAGCTACACCAGTGTCTACCGCAAGGATG
763	GCCGGGCAACCGTGGCGGCAATCGAGGAGG
764	CGGCTTCTCGGAATTCGGTGAAGGTGGTAC
765	CGAACCTCCCGGCTTCTCGGAATTCGGTGA
766	AAAATAGGACCCTCTTACGCCGTCTGGCCA
767	CTCCAGTAGGAGCGCAGAGACTTCTGGCCA
768	TGAGCTCAATACTGACCGAGTTGCAGGCGT
769	TTGGTTCCAAGACCCGCAGACGAGTGGGCC
770	GAAAAAATCAAGGGCATACTTTATAGGTAA
771	GCAAGTGGACGTGCCTACGCTGACTGGAGC
772	ACCTCCTCTCTTGCAGGGTATGACCGGTAT
773	CCCAGTGGCATTGCCGGAGCCTTTCGGAGA
774	ACACCGTCAGAGGTGACGCTTCATTGGCCA
775	GGCTCTTTCAGGCTATGAACTGACCGGTTT
776	GCCAGTGTTTGAACATTACCACGAAGGAAC
777	TGGATTTCGATCTCTCGGCGAAGCTGGTGC
778	ACTGGGCCAAATCAGGCTCGTTCTCGGTAG
779	GGCCAAATCAGGCTCGTTCTCGGTAGGGCA
780	CCCAGAGCCCAAGACCGCCAAGCTGGGTCC
781	TCTCTTCCACGTACGGCGTAAAGCTGGGAA
782	CCAGCCAGATTGCAGATTGCTTCGGGGCCT
783	TCCAGTTACCATCACGTTCACTTCTGGACA
784	CAGGGTGGATTACGTGGACTCTTTGGGCCG
785	CCTCATAATTTCTCGGAGCCGAAAAGGGAT
786	AGAGCGGCGTCTCGTCCACTGCTTAGGAGA
787	ATGCCGTCCTCACGGTGGCAGATATGGAGC
788	GAGCTTTCCGCACAGCCACCCAATTGGTAT
789	CGGCAGCCCTCCCGTCACGGGGCCAGGTTC
790	TGTCTACAGCTTGTTCTCCGAAAATGGTGT
791	GCGGCTGCACTCTTACCGTAAGTGTGGCTG
792	TTGAGGAGTTTGAGAGCATTCGCAAGGACC
793	CTCTTTAGAGAACGGCCCGTAGTTGGGCGT
794	CCTCTTTAGAGAACGGCCCGTAGTTGGGCG
795	AACACAAACTTGCGTACATATCTCCGGGTA
796	CTCGGCAGGATGCTGTTCGAATCATGGCAA
797	CTTTTCAGCGGTCCTGCGAGTAGCTGGTTC
798	GTTTATTTTTGGTGCCGTGCTTCTTGGCAG
799	CAGCCGTCTCACCGCGTTTATTTTTGGTGC
800	AGCTGCAGGCCATCTTGGACGGCTTGGTAA
801	TTTCAGGGAGCATAATTCGTAAGATGGTTT
802	TGTTTTTTTTAACGGTCCTGGTTTGGGTCC
803	ACAAAGTCCTCCCGCTCCAACGAGGGGAAT
804	CAAGAAATCCTGGCGGCGAAACCCTGGACT
805	TCCTTAGTCCAGGGTTTCGCCGCCAGGATT
806	AACATGACCCCAGACCGGCATTTGGGGTAA
807	CTACTTACCCCAAATGCCGGTCTGGGGTCA
808	CCTACTTACCCCAAATGCCGGTCTGGGGTC
809	TTGCTCGAACCACGATGTCATAGTTGGTCT
810	GACAGCCCACTTCAAATACGTTGTTGGTGC
811	TATTTTTTTACAGTTGAACGAATGCGGAGT
812	ACTGGAGTTGGATTTCGGTTCAGAAGGTTG
813	AGCAGCTTGATCAGCGCTATTTGTTGGTAC
814	CATCTGCCTAGGTCGGGACTGCTTGGGCTG
815	GTCTTCCCGGAGCCTGTGCGGGCGCGGGCC
816	TGTGCATTGAACGAGCCACTCGTTTGGTGA
817	GAGCTGTCCTGAGCGAGACCTTCAGGGTGA
818	CTTCCGGGTTACCAATCGCCCCCAGGGCTT
819	AAGCCCTGGGGGCGATTGGTAACCCGGAAG
820	CACTGCTCCTCCACGAAGCAGTTCAGGAAG
821	GGGATCCTGTACTACGTCTACATGGGGCTG
822	CCGGTGGCAGAGACTCAAACGTCTGGGATC
823	TGATATACACACTGAACCGTTTCTTGGCTG
824	TAGTCAATTAGCGCAACGTTGGCCAGGGGC
825	GGAAAGGAAAAGCGCCGGAGGCCTTGGGTC
826	GTTGACGTTGCAAAGGCGCTTAATCGGCCT
827	TCCATCGCCGGCTGCCGAATCATCGGGCGC
828	TCCTAGAACCTTTGACCGATTTTGTGGCCT
829	GCTCCTCTCATCCATGAACCTACCTGGGGG
830	GTTCCTGATTGCTGTTCGTCAGGGTGGGGA
831	CCGGGGAAGCGGCGGCGTCCCCTATGGACG
832	AGCGGGAGCGTGTCGAGCTGAAGATGGATC
833	TGAAGAGGAGGTTTTTCTACGATCAGGCTT
834	ATGAAGTCAGCAAATTTGTCTACGTGGCCA
835	CGTGTGAAAAGCTTCACCGCATCCGGGTGA
836	TCTTAACCCTTGATCACCCGGATGCGGTGA
837	CCAGTCCAAGGAAGTAGACGTAATTGGCAG
838	CTCGTAAGGCAGTCCGTCGTTAGCGGGGTC
839	CTCTTCATGCAACACTATTGAGTCAGGAAT
840	CTGTGCCTATGGGCGGCGTTCGCCTGGTCA
841	CCTTGCAGAGATGCGCCTGTGTAACGGGAG
842	TAACCCGGTTAGGCGATGATAATGTGGATG
843	GCACCTCCTTCTCAATGCCGAACTTGGGGA
844	TTCCTACCTTCTTGCGTCAATGTCTGGACG
845	TGTGACAATCAGCGATTTGTATGAAGGCAT
846	GCAGCGGTGCGGATACGAGCTTAGAGGAGA
847	CTTCTATGCTACTAAGCGTCTTATTGGACG
848	AAGGCCTTGCTGAGCGCCGCTGCCTGGTAC
849	CTTGCTTATAGAGGGCCGATAATCTGGCTT
850	GTCCCAGAGTTTGTACGAGAAAAACGGTTT
851	CAGTGACTGTGTACGTTTGTGAGACGGACT
852	GATGTACTTGCTCACGGGTTTAGGTGGAGG
853	CGCCGCGCCAGCTCGCGCACCGCTCGGCTC
854	GCGTGCGCGCCTCGGCGGCGCTGTTGGACA
855	AGACGGAAGAGGTCCGCACAAATCCGGAGA
856	CCGCACCCATGTCGCTCAAGTAGATGGGGT
857	AAGCACAGCATACGCATATCAACTCGGGCA
858	GTGGGTGAGGTCTCCAATTGTAGCTGGAAG
859	TGATCAACATTTAAATATGATCCTGGGAGA
860	AGTGTAAGTTTTCTGATTCGAATCAGGTAC
861	GTGGTTGGTGATACGGTCATATTTAGGGTA
862	ACACACTGGATTTCGGCAGATATTCGGCTG
863	TGTAAGTGTCGTTTTGCGCTCCAACGGACT
864	TGTGGGACTCATTGAGTCCCCCGAGGGCAC
865	TAGCTGCTGGGAACGCTTTCTGCCAGGCTG
866	CATCACTGGCTGCCAGGTTTCGGCTGGACC
867	TCCACATCAGACTCCTCGTTGATCAGGTTA
868	CTGGCTGAGTCCCCTTTCGGGTTGAGGTAG
869	TCAAAGGACTCCAAAAGGCGTATCAGGGCA
870	ACAGATGATGGGCAGCCGGACCTATGGCGT
871	GCCGAGCGCCTGCAATACGTGTTCGGGTAC
872	TGAAGCACGTGGTGGGCGACTACCGGGACG
873	CGCGGCCCCACGGTCGGGGCCGACAGGGAA
874	CCAAACGACTTCATCGGTCTCTTAAGGTAA
875	AGGTTTTAGAAAAACTTCGTCCTTTGGACC
876	GTGAAGCAGAAGCAGATTCGTCGCGGGGTG
877	AGACCCGACGGCACGTACTGTTTCCGGCTG
878	TCTTCCTCTGTTTCGCTCGCTTCCTGGACC
879	GTATCTCCATCCTCCGCTAGGCCGTGGGCG
880	CCTCTCCACACCACGGCCTCATCAGGGTTT
881	TTTACCTGATCATTTTGTCGAGCAAGGATG
882	CGCCTGGGACCTGTCGCGGTCCCTCGGCGC
883	CGCCGAGGGACCGCGACAGGTCCCAGGCGA
884	AGATGTGCCGTGTTTCATTGCGCGCGGTGC
885	AGGAAGCAGTCGGTGGATAATAACAGGAGA
886	CGATTTGAAACATATAGCTTGCTATGGCAA
887	GACAGAGCCAACTTGCCAGACGGGTGGATA
888	TAGAGCCATCTTTTTTAATCGTATTGGTGG
889	TTAATCGTATTGGTGGCGTGCAGCAGGACA
890	TGGGGGAGGAGATTTTTCGAGGTCTGGCCC
891	GGGTCCCACATGTTCTCGAGCATACGGTCC
892	CTGTTTACAGATCTATAAATCGTAAGGACC
893	AAATCCTCGATACGTGGACTACCTGGGAAA
894	CTCCCCTTTGCTGCGGCAGTAGTTGGGATT
895	CTATGATGAGTGCTTACGGAAATATGGTTC
896	GCGCATCATAGACCGGGCATTGAAGGGTAT
897	CCTTCTCAATGGCATCGTTCATAAAGGTAG
898	AGACTTGGCCTCATACCTCCATTTCGGTTC
899	CAAAGCCATGGAGTTAAAGTTCGTTGGTGG
900	CTTTGTTAAAGGCAAACGTCCCTTTGGTGT
901	GAACAGTACGAAAAATCTGCGCCTTGGACG
902	GCAGTTTAATGGGGGCGTGGTTCTAGGAGC
903	GAGCGGCAGCAGAAGATGTGATCGTGGATA
904	CTTCTGTGCCTGGATCTACCAATACGGGGA
905	GCCCAGATTTGAAGTCGTTTGTCTTGGTTC
906	AACCAAGACAAACGACTTCAAATCTGGGCC
907	GGCTCCCAGGAAGAACTGGCGTCATGGGGC
908	ACTCTGCCCTCCTGCGCTGCGCCTTGGGCG
909	CCACCGTCTCGAGCTCCGGACCCGCGGCCA
910	TGTCACTTTGTAAGGTGTATAACCTGGAGT
911	GTGGACACGTACAGTTCCGCTCATCGGCCT
912	AGAAGGAAATGATGGCGGTATATTAGGTGG
913	GCCCAGATTTCCTTGGTACTCGTCAGGAGT
914	CTGTTTACTACTTACAGCGCCTTTCGGTGA
915	TGATGTCCACGGAGACGCAAATCGGGGTTG
916	CTGTGACTGCATGCAGCGATACTCTGGGGT
917	GAGATGCCGCATCTCCCGGTTTATGGGGCC
918	GACCGATTACTGCACGACCTCCTATGGTAA
919	AGGTCGTGCAGTAATCGGTCCAAATGGTGT
920	GAGAACTGTTTGTTAGCGATCTTCAGGGCG
921	GAAGCGCATACCTGCCGTCTTTCAGGGTGT
922	CTTTTGTCCTGACAGTAAAGTATCTGGCCT
923	TTTTCCTTTCCCTTGCAGCTGTACAGGTTT
924	CGCCACCCTGTGCCTTACTGCCGGAGGACC
925	GTCTTATAGAGAGCAACTTCGTCAAGGGTC
926	CTTTCTTAACTTTGCAGGCTATTGAGGGTA
927	GGAACTCACCTCTACGCTGCCTTCAGGGAA
928	GAACTCACCTCTACGCTGCCTTCAGGGAAG
929	TGATTTCCCACTTACATTCAAACTTGGGTT
930	GATTTCCCACTTACATTCAAACTTGGGTTT
931	GTGTGCCTTGATTTCTAAGTCCGCTGGGGG
932	TCCGAAAAAAACTGTTCGGTTTGGCGGAAC
933	TCCAGAATTTCACGCCTCAAAGTTGGGAAA
934	TCCCACCGACATTCGAGTTTTGCGGGGCCA
935	GGCCTTCCTACCATGCGGAGATCTGGGTCT
936	TTCTGGCGGTAGAATGCCTCTCGAAGGGCT
937	CAGGAGGGGGCTCCTTCGGTACTATGGTCT
938	ATTCAGGAGCGCTACGAGAAGTTTGGGGAG
939	CACACTTCACAATCGTTTTCTTGCCGGGAG
940	GTTATCCGGTCACTTATGGCGTTTAGGCTA
941	TTTCTTGTTTGCTGTAGTCGGGCCTGGGTC
942	TGTATCTGGAGCACAGTAGCACGGTGGAAT
943	CAGCTTCTAATTAGCCAGCGAGATAGGAGG
944	TCAACCAAACCATAGTACACTTGACGGTGA
945	GGGCCGGTGTGGTTCAGCGGTTACAGGTAT
946	TCTGTTTGAAGAAATTAGTCGCTCTGGGGA
947	ATCATTTTTGACAATTCGGACAACCGGTTA
948	AGTGCTAGAACATTTTCGGCGAAAAGGTAT
949	ATGAAGTCAGCACGAAAATTTTAATGGAGT
950	TGGTATGACCATCGATTTGTTTCGAGGCAA
951	GCGTGGTGCCACCTTCTCGTCTCATGGCAT
952	TGGAATTGATAGAGCTTCGTGAATTGGGTG
953	CCAAGACAATGAGTCGCACCAGCTGGGTGT
954	TCTTGCCATCTGCGTGCTTGTAAGCGGCTG
955	GGGAAAAAATTGAACGGCGACAGCAGGAAG
956	AAAAGAGCCCTTATCGTGGCCTCCAGGGTG
957	TCTTCCCTTCTGCCCGGAGGCAACAGGAGA
958	GTTCTGGTCATCCGAAAACTTGTCAGGAGT
959	ACTCCAGTGCCCACATAATGGGCGAGGCCA
960	TCAAAGCAGAACACGATTCTATCCTGGCCG
961	CCTGATTATTAACACAGACGAACTTGGAAG
962	ATCTGTTCCGGGCCCGATACAACCTGGGTG
963	GATTCATTGAAAACTCTTCGTTATGGGAAG
964	AGCTCCATAGCCATTTCGACCACCTGGGCA
965	ATCGTACAGCCAGGGAACGTCCTCTGGGTA
966	TTGTTCATTTGTATATAGGGTGCATGGAGA
967	TGGAACTTAGAGTAGGTCGCCACTTGGAGG
968	ATGTCCAAAGGATACACCGCTTTAGGGTTG
969	TTCAAAGAACATTCTGATTACGTGAGGTGC
970	ATATTGTGCGACTTTTCGACAGGATGGTCA
971	GGACCAGCTGCCCCGCTACCTTATGGGAGA
972	CTGGGTCTCTCCCATAAGGTAGCGGGGCAG
973	TCACATAATGGTGTTCCTCACCGGAGGGGA
974	CCCCAGTCCAACCTCATCGTCTCAGGGTCT
975	TCTTCTTGCTTGACAGCCGAATCTGGGACA
976	CAATCCACATCTTAGATGTCGAACAGGGAC
977	ATTGTAGCATCAAAATTTGGGACCTGGCTC
978	GCCGCCTGCTACGTCGTGCGCGGCGGGACC
979	ACTGCTTTGACACTGCTTACGATTTGGAAG
980	TACCCCGAGACCTCGACGGAGGCCTGGCCG
981	TACCCTCCAGATCGTCAATCGCCCCGGCAT
