1	AGGAGAAGGGCGGCGAGAAGGAGAAGGAGC
2	TACGGAGAACGGAAAGGAGAAGGGCGGCGA
3	GGCTGAGAAGGGTGATACGGAGAACGGAAA
4	GGGTGTCTCCGGCCATAATGACCCAGGCTG
5	GCTGGGAGGAGAAGATGCCCGGTGCGGGGG
6	TGGATGTACTTCATCACTATCTCCCGGTTA
7	CTGGGAGAACAGGGTACGATAACCGGGAGA
8	AGAGACGCACGGACGTGTCCCAGGAGGAGA
9	TGGCCGGCACATCGTAGAGACGCACGGACG
10	TACGATGTGCCGGCCAACTCCATGCGGCTC
11	GTACTTGAGCCGCATGGAGTTGGCCGGCAC
12	GCTGGGAGTTGATTGAGCCAACACTGGATG
13	GAAACAGAACCGCATGAGGGAAAGAGGAAA
14	GGAAAGAGGAAAGTGGAATCTCTGTGGCCC
15	ACAGGAGGAACTCGAGGCCGAGCATGGGAC
16	TTGTAGTGGAACTTGCCTGTGCTGCGGTGC
17	TATTTTCCGCAGACCTCCGCGCTCTGGCAG
18	GGAAGAGGAGCTGCCAGAGCGCGGAGGTCT
19	GGGAGTGGCGAGAGCACACGGAAGAGGAGC
20	CCCGCAGGGAGTGGCGAGAGCACACGGAAG
21	GCAACGCCTTGGCATCGCTCGCCCTGGGTA
22	AGCATAGTGCTGACTTCACCAAGCGGGCTT
23	GGTCTGCAGGGCATGTGATATATGTGGTGC
24	GCTTGCTGCCGATGCTGTAGAGGATGGAGA
25	CTGCCGATGCTGTAGAGGATGGAGAGGAAG
26	TAGAGGATGGAGAGGAAGCCGCTCTGGAAC
27	TGTGCGGCCTGCAGCTGTTCCGCCAGGTTG
28	TGCAGCTGTTCCGCCAGGTTGCTGAGGGAG
29	GCCAGGTTGCTGAGGGAGGACAGGAGGGGC
30	AGGGCCTGTGGCAGAGTGCCCTGCGGGACT
31	GTGGTGGAGGAGCAGCAGGGCCTGTGGCAG
32	CTTCCCCGTGGTGGAGGAGCAGCAGGGCCT
33	CAGCGCCTCCTGCACGGCAAGCAGAGGCCG
34	TTTCAGCAGAAGATGACTCAAGACCGGCCT
35	CTCTTCAGCGACAGTATGACGAGATGGCAT
36	CGCCTCACTCACCAAGGGCCGCGCCGGGGT
37	GGGTTCTGCACTGTCACTGCGCTGCGGTTC
38	GAACCGTGTGAGAATCCCTAAGGCGGGGAA
39	ACGGTTCCACGGCTCCAGGCCCGGCGGCAC
40	AACTGGAGCGGCAGCGGGCACAGGAGGAAC
41	GGTGAACACGGCCAAAGGATTGAGTGGCGA
42	GTGCGGAACATGGCGGAGCGCGGCAGGAAG
43	GCTCAGTGCTGTGGCCTTGCTGGTGGGAGA
44	AGGAAGATGAGCAGGACTCAGAGGAGGTTC
45	GGAAAATCTTCCGGACGACCGGCATGGTGA
46	TACCGGGTACCCGGGCTATGGCGCCGGCGC
47	GCGGCACAGAGGGCAGCGCTGCGCCGGCGC
48	CAGAAGAAGGTCTGGCGGCACAGAGGGCAG
49	TGCCCGCGACCACAGAAGAAGGTCTGGCGG
50	CACGTTTACAGCCGCAAGCACCAGCGGCAG
51	TCCTTCAGCTGCCGCTGGTGCTTGCGGCTG
52	GCAAGCACCAGCGGCAGCTGAAGGAGGCTT
53	ACCAGCGGCAGCTGAAGGAGGCTTTGGAGA
54	CACCATCATTGGTTACCATAAGAGAGGCAT
55	AGATTCATCCACAGACCATCATAGCGGGTT
56	TGGCTTCTCTCCAACCCGCTATGATGGTCT
57	TAGCGGGTTGGAGAGAAGCCACGAAGGCTG
58	AGGCCATGAGAGTGATACCTTTGGCGGCGG
59	CTTCAGCAACATTTCCGCCGCCAAAGGTAT
60	AATGTTGCTGAAGCGGATCTGGGCTGGCTT
61	AAGCGGATCTGGGCTGGCTTGTCGCGGTCC
62	GGGCTGGCTTGTCGCGGTCCTGATAGGCGC
63	TCCGGGGTGCCACATTCTCGGGCATGGCAA
64	AGGCGGCCGCGCTGAGCTCACTCCGGGCCC
65	GTGCTTCTGCCCTAGGATAACGCTGGGGAG
66	TCGCGCGCAGCACCCAGGGTTCGGAGGTAA
67	GCGGTGGATCGCGCGCAGCACCCAGGGTTC
68	TGCTGCGCGCGATCCACCGCACGACGGCTG
69	GTGTCGGTCGCAGCCGTCGTGCGGTGGATC
70	AGTCGCTGCTGCGAGAAGAGGTGTCGGTCG
71	TTTTGGAGTCGCTGCTGCGAGAAGAGGTGT
72	GCGGCGGCAGCTGGAGGATGAAGAAGGAGC
73	GTGCTTCACTGCCAGTTCTCCGCGTGGTAC
74	AAGAACGGGTACCACGCGGAGAACTGGCAG
75	CGCCTCGGAAGAACGGGTACCACGCGGAGA
76	TTCTTCCGAGGCGTTACCATCAAGAGGTGA
77	TTCTTCCACTTCCTCAGAATGTGAAGGATT
78	GCCCGCGCCGCCATGAACCTAGAGCGGCTG
79	GCCGCCATGAACCTAGAGCGGCTGCGGAAG
80	AGCGCGTCCGGCAGTACCTCGACCAGGTGG
81	AGATAAAGTAGCTTCACTCTCTCGTGGTAA
82	GTTTTCGTGACCGAAGTGCATGGGCGGCTC
83	CCACCGAGTCGTACTGCTTTGCCATGGCCG
84	GCCTGCAGGGAGGTGTTCAAGGCCAGGCAC
85	GTTCAAGGCCAGGCACCGCAAGACCGGCCA
86	CCAGGCACCGCAAGACCGGCCAGAAGGTGG
87	TCTATGATGCAACCTATGAGACCAAGGAGA
88	GCAGCATCTTGACAAAGGTGGCGTAGGGGT
89	CAGAGGAGGTGAAGAAGCGCAAGAAGGCGG
90	CTTTATAATATGTTACAGAACCACAGGAGA
91	AATTTGTCACTGATTCCAATGCAGTGGTTC
92	TAGCTGTGGAAAGCAAGGTTAAGTGGGTAT
93	GCGATGTAAAGGGTACCAGTGCCGAGGCCC
94	GCTGAACGGGAAGGGCCTCGGCACTGGTAC
95	CACTGAGGCTGTGCTGAACGGGAAGGGCCT
96	TCCTGCGGCAGCAGCCAGACACTGAGGCTG
97	ACGGGACCGGAGGAAGCAGCGGGATGGAGG
98	CCGGAGGAAGCAGCGGGATGGAGGTGGATG
99	CAGCGTGATGGCCTGCGGAGTGACTGGGAG
100	CGGAAACACTCCCAGTCACTCCGCAGGCCA
101	GGTCTGAGATGTTGAGAATGACAAGGGGAT
102	ACAACAGCGAGCGCAACCTGGTAGTGGCCG
103	TGTTGTTGAAGAAGTTGCAGTACATGGAGA
104	TGCAGTACATGGAGAACTCCAGACCGGTGG
105	CATGGAGAACTCCAGACCGGTGGGCGGATG
106	CCACGCTGGCGATGATTTCCTGCATGGCGG
107	AGTCAAACTTGATGTGGTCCACGCTGGCGA
108	ACATCAAGTTTGACTTGGAGATCGCGGTGG
109	TGGAGATCGCGGTGGAGCAGCAGCTGGGGG
110	CATGTGTCCGTTTCGCCACATCAGTGGTGA
111	ACAACTGTCTTCTCACCACTGATGTGGCGA
112	CCGAGGCTGAAGGAAGATGGCGGACGGCGT
113	CCACATAGACATTTACGCGGATGTCGGCGA
114	CGGATGTCGGCGAAGAGTTCAACCAGGTAC
115	CCCACCAACTGTTGGTGATGATGTGGGTAA
116	GAGAAGCTCCAGCTGCTGAACCACCGGCCT
117	CAGCTGGATCTCCACAGCAGTCACAGGCCG
118	GCAGGCAGAATGCTGGTGACGGTGTGGAGA
119	GCTCTGCAGGCAGAATGCTGGTGACGGTGT
120	CCTCTGGCTCTGCAGGCAGAATGCTGGTGA
121	CTTCTGCTCAGCCTCTGGCTCTGCAGGCAG
122	GCCTGTCGACCTCTTGCTGTGCTGCGGCGA
123	TCATAGATCTTATCCAGCTCGCCGTGGCAG
124	GAGATCTACAAGTATGAAGCGCCCTGGACA
125	CCAGTTCATCGCGTAGACTGTCCAGGGCGC
126	GTCTACGCGATGAACTGGAGTGTGCGGCCC
127	GTCGACAATGGCCCGGAGCAACTCTGGCTT
128	AGGAAGTCACGAAAGCCAGAGCTGTGGATG
129	CTCCTATGTCTCCATCCACAGCTCTGGCTT
130	TCTTGGACTATGAAGATGATGAGGTGGAGA
131	CCTTCCCTTCTAGGGCCAGTGGGATGGCCT
132	GATGGCCTTCTCCTGGATCAGCGTAGGTCG
133	GCTGGTCGCGACCTACGCTGATCCAGGAGA
134	TCCTAGGCTGTCACCGATCTGGGCTGGTCG
135	CGCCATGGAGGACTCTGAAGCACTGGGCTT
136	ATAGAGGAGATAGAGAGCGAGAGAGGGAGA
137	TCGAAGAGTGCGAGGATGTCCAAGCGGCAC
138	TGATGTAGTGCTGGAAGTTGGACCTGGAAC
139	TCTTACAGGACTCATGTTCAACACGGGGAT
140	TGCCGAGATGCCGAAGGTCAAGTCGGGGGC
141	CGATTTAGCAGAAAGCAAACGGCTTGGCTG
142	TCTGCTAAATCGACACTGATAGACCGGCTG
143	ACGATGACCACCCTGGGATGGAGGTGGTGC
144	CTGCATGAGGTGGAGACAGCCCAAGGGCAG
145	AAGCATGTGGTGAAGGAGGTGCTAGGGGAG
146	CCTTCACCACATGCTTCCTCTTGGTGGCCT
147	TTCAGCATGTCTCAGGCCACCAAGAGGAAG
148	CGGCGCGAAAGCGGCTGCTCAAAGAGGAAG
149	CGGCCACGATGGCGACCTCGGGCTCGGCGC
150	CCCCGTGGTGCACGCGTCTATCGCCGGCTG
151	CACCTACTGTCTGGTAGCGATCGGAGGCTC
152	CGATCGCTACCAGACAGTAGGTGTTGGTGA
153	AGGGCACTGTCGGTGAGCTTCACGTGGAAC
154	GCGGGCGGGTTAGCGACGGCAGCAAGGTGT
155	GCGCTGAAGGAGGATAGGAGCTACGGGCTG
156	AAGATGGCGGCGCTGAAGGAGGATAGGAGC
157	TAAGATGGCGGCAGTGGCAACCTGCGGTAG
158	CAGTACTCGCGGCAACACTACCGCAGGTTG
159	CTGCGGTAGTGTTGCCGCGAGTACTGGGTC
160	TCGCCACTGCAGACCCAGTACTCGCGGCAA
161	GTTATCGGCAGGCATATCCGCTGGAGGTGA
162	GCACCGGGAAGACAGTATCCCTGTTGGCCC
163	GTCCTGGAGATGCCCTCAGGCACCGGGAAG
164	TCATGGAGTCCTGGAGATGCCCTCAGGCAC
165	TCAAACGCACGCTGGACGCCAAGGTGGGTG
166	ACATGCGGGAGCTCAAACGCACGCTGGACG
167	GGCGCCAAGATGGCGATGGAGATGAGGCTT
168	TGGCGATGGAGATGAGGCTTCCAGTGGCTC
169	ATCACTACGGACACAGGATTCATGCGGTAC
170	CGGGGCTGGAGCTCTTGTCGGACCAGGGCT
171	GGGGAGCTGCGCAAGATCCAGGCGCGGATG
172	AGGCGCGGATGGGCGTGTTCGCGCAGGCTG
173	GATGGGCGTGTTCGCGCAGGCTGACGGCTC
174	GCGTGTTCGCGCAGGCTGACGGCTCGGCCT
175	TCGCGGCGCCCTTGTATTGAGCCATGGCAG
176	CTCAATACAAGGGCGCCGCGAGCGAGGCCG
177	AGCGGGAGAAGCAGCGCGAGCAGATGGAGC
178	TGGAGCAGATGAAGCAGCGCATCGCGGAGG
179	GATGTCATTCTCCCGGATGGCACTGGGGGC
180	AGCTCTTGATGTCATTCTCCCGGATGGCAC
181	CGGCTTGCCATCAAAGACATACACGGGCTT
182	CTCCGGCTTGCGTGCGGAGATGAGCGGGTC
183	GCGTGCGGAGATGAGCGGGTCCCTCGGCCG
184	TGAGCGGGTCCCTCGGCCGAGCTGCGGCGG
185	AGCAGTTGGACGCGCTGGTGAAGAAGGACA
186	TGGACGCGCTGGTGAAGAAGGACAAGGTGG
187	CTGAATGAAATCCATCTACTGCCCTGGACT
188	GGGAAAACAAACTAATGCAGTCCAGGGCAG
189	CATTCAGATCCCACATCAATAACCCGGTCA
190	CTTAGGTGACCGGGTTATTGATGTGGGATC
191	CGGTGATATGATCTGTCCTGAATGTGGCTT
192	CACATTCAGGACAGATCATATCACCGGCTC
193	GATTTTAGTGGAGGACTACAGAGCCGGTGA
194	GCCGTGAAGATGGCGTCTACCAGCCGGTTA
195	CTGTGTCTGCCAGCGCTGTGGAGCCGGCTG
196	CGGCTCCACAGCGCTGGCAGACACAGGCCA
197	GTTGTTGGACGAAGTCGCTCTGGAGGGGCT
198	CGACTGAAGTAGCAATGGACGCGCTGGAGT
199	AAATTACGGTGGTGCCGTCCGCCAAGGTAG
200	CCCGGGGCCGCCTACCTTGGCGGACGGCAC
201	TTTCGTTGAGTCTTCGACAACGTGAGGTCT
202	TTGGTAATGTTTATGAATAACGGTTGGAGT
203	GTTAGAATTTGTGAAAGTCTATCATGGTAA
204	GAAAGCAAGTGAATACGAGTCAGAAGGTGA
205	TGGAACCAGTGCTAGAGAGATTGGCGGGGG
206	ATCAGTCCTTAGTAGCACTATCAGAGGTGA
207	CGAAGGCGGTGTCCCTGTCGATTGTGGCCG
208	AGATAAGAGGCTGGCATCACTTTGAGGGAG
209	AGAGGCTGGCATCACTTTGAGGGAGGGCGA
210	GGGAGGGCGAGTCGTTGCAGCTGCTGGGCT
211	CGAGTCGTTGCAGCTGCTGGGCTAAGGACG
212	AAAAGCAGCATGCATAGCTGTTCAAGGGCT
213	TACATTGCTGGAATGGCTACAGATGGGACA
214	CAGATGTGGACCCAGATACATTGCTGGAAT
215	CCAGAGAAGGCAGACCAAGTGGCGAGGCTT
216	TCTTGCTCGGCCGATGAAGTGCAGAGGTTT
217	CGTAAGAGACGATGATGTTGGGCACGGAAG
218	GACCGCGTAAGAGACGATGATGTTGGGCAC
219	TGAAGTACCTCAGATATAAGATCAAGGATG
220	AATGAGCCTACCTCTTCCAAGGTAGGGATG
221	TCTTTGTATCTTCTCCAGAATGCTGGGGCA
222	CCCCTTCAGGAGTGAAGGCGACATAGGACG
223	AAGGCGACATAGGACGGCGTGATGCGGTTG
224	TGATCGTTGGCGATGATCTCCACGCGGCCG
225	AGGAGGAGGACAAGAAGGAGGACGTGGGCA
226	CCGCGCTGAGCAGCAGCAGCATCGCGGCCA
227	CTTCCATAACTGCCACGCAGGAGTTGGTAG
228	ATTTGGGTACTACCAACTCCTGCGTGGCAG
229	GTCTTACAGATCAGAAGCAATCAAGGGAGC
230	CGGGAGGCTGCGGCGCCCACGAGACGGGCT
231	CCGAGCTGCAGCAGCCCGTCTCGTGGGCGC
232	CTGCAGCTCGGCTGGCACTTATCATGGCGG
233	CTCAAACATACCACAGGTAAGCCATGGCAA
234	GATGGGATTGCCATGGCTTACCTGTGGTAT
235	GTTACAAGATATGCTCACCAGAGTGGGTTT
236	GCCTCACTATGGACATATACTTGCGGGTAC
237	ACCTGTTAGATTTACCTTCTATGATGGTCC
238	GCCAGGGAGGGAGCAAAGATGGAGCGGCGG
239	AGATGGAGCGGCGGGAGGAGCAGCCGGGGG
240	CAGCACCAGCCTTGGACTTCACTGTGGAGA
241	CCACGTTCTCCACAGTGAAGTCCAAGGCTG
242	ACTTCACTGTGGAGAACGTGGAGAAGGTAT
243	GAGAATAAGAACCTGGCTCAGAAGTGGCTG
244	GCACTATGGACCCAGCCCTGCGTGAGGCCG
245	TTACTTCATTGAGCTGGCGCTCCGCGGCCT
246	CCGGGCGTCCTTACTTCATTGAGCTGGCGC
247	TTGGCCTGATCGAGAAACAGCACCAGGGGA
248	GAATGCATGTAGTAAGCTGTACCCTGGAAG
249	TGGCTAATGAGCTGGAGGCAATTGCGGAAC
250	CCCATTCAGTGGCTAATGAGCTGGAGGCAA
251	CTTGATTGCATCTTCAGCCAGCACTGGAAG
252	GAGGGCTGCCGCCTACCCGTGCTGCGGCGG
253	TCCTGGTTCCGCCGCAGCACGGGTAGGCGG
254	CCTTCACGCTCAGGATCTCGGCCAGGGCTA
255	TGATGTCCTTCACGCTCAGGATCTCGGCCA
256	CTGAGCGTGAAGGACATCAGTGGCCGGAAG
257	GCGGGCCTTTCAAACATGGAGGAGCGGGAG
258	CGGGGCGCGTACAGGGCCAGCAGCGGGTCG
259	TGGGGTAGGGAATGGGAGGCAGGCGGGGCG
260	GCCCGCTGGGTCACCTGTAATTGTAGGCGC
261	CGCTTGCTCTCTCTCAGCATCGCCCGGTAC
262	GCGCACAAGTGTTATCTCTGTACCGGGCGA
263	GCTGTCCAGCGATGGATCCCACCGCGGGAA
264	GCAAGAAGGAGCCTGGAGGAGGCGCGGCGA
265	CTCCTCAGTCGCCGCGCCTCCTCCAGGCTC
266	CTGGAGGAGGCGCGGCGACTGAGGAGGGCG
267	CACTATGCTGAATTCCTCAATGGAGGGCGG
268	GTAAGGTCTCCAGCGCCTTCCTGCTGGTGG
269	CTGGGGCCACCAGCAGGAAGGCGCTGGAGA
270	TTGGCTTTGTGTCCTTGGCGCCGGTGGCCT
271	GTAATCGGACTCAACCTCTACTGTGGGGGG
272	CCGACTTACTCCTCCAAGAAGTCCAGGAAC
273	AGAAACTGTTCCTGGACTTCTTGGAGGAGT
274	CGCGGACCTCCAGGTGCTGGCTGCCGGCGC
275	ACTAAGCAAATATGGACCTCGCGGCGGCAG
276	ACTTGTCCGCGCCAGGAGGAGCCGTGGCCG
277	GCTTTCCTGGTCCGAAGCCGAGTGCGGTTG
278	TGCTGCGGTAGGAACATGGCGGATCGGCTC
279	TGGCGGATCGGCTCACGCAGCTTCAGGACG
280	CTGAATATTATTGAAAGAGGCAGGAGGACC
281	AGACCAGCCAGCTAACCCTACAGAAGGTAA
282	ACTGACGACAGATGCTGCCCGCATTGGTGC
283	CTCAGATGGTCAGGGACTACCTCATGGCTG
284	CTGTGTGTTACAGCGGCAGACTGAAGGACG
285	CAGTGCTATAAAGCCCAACAAGGATGGATT
286	CTTCTCAAAGGAGAAATCTACCCATGGATG
287	TCAGTGAAACGGTATAATCGGAATCGGACA
288	TCTGTTGCAGACTGGAAATAGCAAAGGCTA
289	CAGTTTGGCACTGTGACACGGTTCAGGCTG
290	TTCTCCCAGTTTGGCACTGTGACACGGTTC
291	GAAAAGATCTGGGTTTCGTCAAGTAGGTTA
292	GATCTGGGTTTCGTCAAGTAGGTTAGGTAG
293	TTCCTGCGGATTAAGCGACAGGATTGGCCC
294	TACCTCTGCAGCGGAGCCCTTAAGCGGTAG
295	TTCTGGAGAATCCTACCTCTGCAGCGGAGC
296	GACTGACAGCTTAGAGCTGGAGCTGGGGAC
297	CGTTCCTGACTGACAGCTTAGAGCTGGAGC
298	GTCTGGCGTCGACGGACCCTGGAGCGGTGT
299	CGACTTCCGTCAGACACCGCTCCAGGGTCC
300	CCTGGAGCGGTGTCTGACGGAAGTCGGCAA
301	GTCTGACGGAAGTCGGCAAAGCCACGGGTC
302	ACGGAAGTCGGCAAAGCCACGGGTCGGCCC
303	TGAGGAAGCACTCGGGCCGACCCGTGGCTT
304	GGGGGGATGTCTCGGCGGACGCGCTGGTGA
305	ACAGATTCAGATGTGCCGGAGCAGAGGGAT
306	AGTGCAAGGTCAAATGGACCCATGAGGAGG
307	TGGTGTTGGCAGGACGAGCAGCTGAGGGCC
308	TCCTGTTGGTGAAGCTAACGTTGAGGGGCA
309	CGTAGTCGAGGTCATAGTTCCTGTTGGTGA
310	GGAACTATGACCTCGACTACGACTCGGTGC
311	TACGGCTGCACCGAGTCGTAGTCGAGGTCA
312	TGCAGCCGTATTTCTACTGCGACGAGGAGG
313	ACCAGAACCAGGCGAAGCTGGTGGTGGCGC
314	TGGCGCTGAGCCGCACCTACCGCACGGTAA
315	GGCGCACCGGAGGGCAGCATGTCGCGGCGG
316	CTTCTAGGTTGCTCTCCAAAGAGCAGGCAC
317	CTTTGGAGAGCAACCTAGAAGGCTTGGCTG
318	TCGCTATCTTCTCAAACATGACACGGGTCT
319	TTGGGGAGAATCTTCAACTGCTGGTGGACC
320	TCAACTGCTGGTGGACCGGCCCGATGGCAC
321	GGTCGTTGTGCAGACGGAAACAGTAGGTGC
322	CACAACGACCGGGTGTACTATGTGAGGTGA
323	GCGTGGTCCCAGGCATGTCGGATGTGGGAG
324	AATGCTCGACGGAAGGCAGCGCCGCGGATC
325	GTGCGGTGGTCAGCGCGATGCCCAAGGCCA
326	CGAGCGGGCGCGCGAAGATGGCGGCGGCCG
327	TCGACCCGCTCCGCACCTCACACACGGCCC
328	TTTTGCAGGAGCAGTAGAGAACTGTGGACT
329	GCACTGGAACACAGCGCACCTCTCAGGCTG
330	CTGCCGTCTTGGCTGCAGCCTGAGAGGTGC
331	CACCTCAGCATGTCGGGCTCGGCGAGGCCC
332	GAACTCACCTCAGCATGTCGGGCTCGGCGA
333	GCAGAGGAGTACTTGCGCCTGTCCCGGGTG
334	CGGAGAGGCCGACACACTTCACCCGGGACA
335	GTGTCGGCCTCTCCGCACGCACCACGGAGA
336	CACTGCTGGTCTCCGTGGTGCGTGCGGAGA
337	ATCTTCGTTCAAATGGCTATGAAGAGGCAT
338	TTAAAAAGGAAGCTGAATTAGATGTGGTAT
339	GAAAAATATGCATTGAGTGGTCACAGGAGT
340	CTTTGAATGCATCAGAACCATGCACGGTAA
341	ATGATGGCTACTGAAGAAACATTGTGGTCA
342	CCGCCCGCCGCTCGCCATGGATGCCGGTGT
343	CACTTTCAGTCACACCGGCATCCATGGCGA
344	CATGGATGCCGGTGTGACTGAAAGTGGACT
345	GGGAGTCGGTTAAGAGGATCCGCGAGGAGA
346	GGTTAAGAGGATCCGCGAGGAGAGTGGCGC
347	GCGGCGCAATGTCAGAGCAGACGCCGGCCG
348	TATTGATGTGCGGCTTGCTATTGAAGGTCA
349	TAGAATGGTCAGCATATTGATGTGCGGCTT
350	CCTTGGCGAAGGGCAGGTTCTCCTCGGCTA
351	AGGGTGAGCTGCACCAAAGAGACGTGGGAC
352	GGCCTGCTGGGATATTAGCTCCAGCGGTGT
353	TTGAGTGCCTCCAACACCTTCTTGAGGATG
354	TGGTCCAGGGCTCCATCCTCAAGAAGGTGT
355	CATGTTCGAGGCGCGCCTGGTCCAGGGCTC
356	CCTGGACCAGGCGCGCCTCGAACATGGTGG
357	TTGAGCAAGAGCAGCGGCGCAGAAAGGTGG
358	GAAAGGTGGAGGCCGGGAGGACGAAGGTAA
359	TCAGGCGTTTGATCATCTCGTCCGTGGTGA
360	CCGTCGGCACTCACGACGCCACAGAGGGCA
361	TCCAGCCAGCTGAGGTGGGTGTCCTGGTTG
362	GTTCCTCTTCCAGCCAGCTGAGGTGGGTGT
363	CCCGGGGACGGCGGCCCAGACGGAGGGCGA
364	ACGCCTACATCGACAACCTCATGGCGGACG
365	GGTTGTCGATGTAGGCGTTCCACCCGGCCA
366	TGAACACAGATTCGCGCACACCGTAGGCCA
367	CAGATTCGCGCACACCGTAGGCCACGGCGC
368	CGCGCACACCGTAGGCCACGGCGCCGGCCC
369	GGGCACGGCCCTGAAGCTGTTGCTGGGGGC
370	CAGAACTTGAAGGACTTGGCGGGACGGCTG
371	CCAGCTGCTGGGCGGATGCGGACATGGTCG
372	GCAGCTCCTCCGCCAGCTGCTGGGCGGATG
373	GCTGGCGGAGGAGCTGCAGATCTTCGGCCT
374	TGCAGATCTTCGGCCTAGACTGCGAGGAGG
375	TCAATTAGAGCCTCCTCGCAGTCTAGGCCG
376	AGTGGTAGAGCTTTGTGTTCAGTATGGACA
377	TTTGTGTTCAGTATGGACAGAATGAGGAGG
378	TGGACAGAATGAGGAGGGAATGGTAGGCGA
379	GTGTGCAGGTGGCCACATGGATCCTGGCAG
380	TCAAGTGCTTTAGGCTAGGCCCGCTGGGCA
381	AAGGCAGCGTTGCAGGAGCTGACGCGGGCG
382	CAGCGCGCCTGCCTCCGCCATGCACGGGGG
383	TGGACTCTCTTGATGGTGCGCAGCGGGCAT
384	GCGCACCATCAAGAGAGTCCAGTTCGGAGT
385	TCATCCGGACTCAGGACTCCGAACTGGACT
386	TCGGAGTCCTGAGTCCGGATGAACTGGTAA
387	GACAGAGCCGCTTACCAGTTCATCCGGACT
388	CTTTGCAGAAGCGAATGTCTGTGACGGAGG
389	GCATCAAATACCCAGAGACGACTGAGGGAG
390	CCGTGATCCGCACGGTAGGCTGGTTGGCGT
391	AGTGAGCTCCGTGATCCGCACGGTAGGCTG
392	AGTTCATCATCGAGAACACCGACCTGGCGT
393	CGATTCGGAGGGTCTTCATCGCTGAGGTTC
394	CTTTTAGCACTCACCTACGAACACTGGCAA
395	GCACTCACCTACGAACACTGGCAATGGTCT
396	ATCCGCGGGCTGGCGACGTAGAGGAGGACG
397	GGCGGGTGGCAGCGATCCGCGGGCTGGCGA
398	ACGACCGTGGCTATCTGGTGACCCAGGACG
399	CTCTCTGCAGCTGTGCCACGACCGTGGCTA
400	ACCAGGCGCGGCTCACCTGCATGATGGTCT
401	ATGGACGACGAGGAGGAGACGTACCGGCTC
402	CGGAGGCTGCCATGGACGACGAGGAGGAGA
403	CGGTGAAGCAGAAGCTCTTCACCGAGGTGG
404	TGCTGGTGTGATCCAGCCAGGCCGAGGCTT
405	GCGCTCACCGCGTAGAGCAGAATGCGGTTC
406	CCGCTCCCTCCGCCTCACCATTCCTGGCAG
407	GTGGGTATTCGCTTCTGCCAGGAATGGTGA
408	GCTTCGTGGGTATTCGCTTCTGCCAGGAAT
409	CGGGACTTACGAGCCGGGCTTCGTGGGTAT
410	CGAAGCCCGGCTCGTAAGTCCCGTCGGGCT
411	GCTCGTAAGTCCCGTCGGGCTCCATGGCGA
412	CTGCGCGTCGCCATGGAGCCCGACGGGACT
413	ACACAGGGATGCGCTGGATGCCCTGGGCCT
414	GCTGCTGCAGGCCGAGTACACCGAGGGGTG
415	GCAAGATCGTCGGCAACAAGTGGGAGGCTT
416	CTGCTTCACTTGTGGCAAGATCGTCGGCAA
417	CATCCCTGTACGCTGCTTCACTTGTGGCAA
418	TGAAGCAGCGTACAGGGATGATCATGGCGG
419	CGAGCCGTGGGCCCAGTACCTTGTTGGCCA
420	AGCTGAACAAGAAGTTGGCCAACAAGGTAC
421	TTGCCGAGGAGCTGAACAAGAAGTTGGCCA
422	ACTTCTTGTTCAGCTCCTCGGCAATGGAGT
423	CTGGTGGAAATGGTGGACACCGTCCGGATC
424	GGATGTTCGTCCTGGTGGAAATGGTGGACA
425	ACTGAAAGAAGTGGATGATGTGCTTGGTGG
426	ACGTGCACAACATCACCCGCAAGGTGGGAC
427	CCTTGCGGGTGATGTTGTGCACGTAGGGGC
428	CGGGAACGGGCTGATCGTGGAGGAGGGACA
429	CCGGCTGCGGGAACGGGCTGATCGTGGAGG
430	ACAGCAGCATGGGACAGTCAGGGAGGGTAA
431	TGCGGGTTCGCGGCATAGGCCTCGAGGTTG
432	CGAACGAGTGCGGGTTCGCGGCATAGGCCT
433	CCTCGCGTGAACACGAACGAGTGCGGGTTC
434	GGGCGGAGGAGGCGCCGCCAAGACAGGCAT
435	GCTGCTCATCGCTGCGGGCGGAGGAGGCGC
436	CCGCAGCGATGAGCAGCCCAGTGCTGGGGT
437	GGGGTCGACCTGAAGCGCGTACAACGGGAA
438	GACCTGAAGCGCGTACAACGGGAACGGAGC
439	CGGGAACGGAGCCCGGTACAGCTCTGGCGC
440	GGCGCCGGGCGCCAGAGCTGTACCGGGCTC
441	GGGCAGCACCGCAGCGGTCCGCAGCGGACA
442	GCCGGTGTGCGTTGCTCCCTGCTGCGGCTG
443	GAGGGGCGCGGGCATCCCTAGGAACGGTTT
444	TGCAGCGCCACTGGCTTCACCACGCGGTCA
445	CACAGGGTCATTTGCATCACGGGCGGGCCC
446	ATCTAAATGACACCAATTACGATGAGGTGA
447	TCACCTACAATGAGACAATGACAGTGGAGA
448	TTGATAAAGCCAGAGTGGAGACACAGGTAA
449	AATTGTAGAGATTGATGCTCACATAGGTAA
450	TAGTGCTTCTACCAACATGTCCCGTGGTTC
451	ACCCGAGGGTCGGCTCTACCAAGTAGGTGA
452	TGGTTGTGTGATGACCGGAATGACAGGTAA
453	AGGCCGTCAAGAAGGGCTCGACCGCGGTGA
454	GTACGCGCAGGAGGCCGTCAAGAAGGGCTC
455	TCCTGCGCGTACTCCACTTGGAAGAGGTGG
456	CGCCCGACGGCCACCTCTTCCAAGTGGAGT
457	AGAGGTGGCCGTCGGGCGAGAAGACGGTGA
458	GGCCGTCGGGCGAGAAGACGGTGATGGCGC
459	TCGGGCGAGAAGACGGTGATGGCGCGGTCG
460	TGACGTTGGAGACAAGGTACGGCAGGGTCT
461	GGCTGCTGGACAGTGAGATCAAGGTGGGCG
462	GGGAGGAGGTGCTCAAGATGTCCACGGAGG
463	CGACCGTGTGGGATGAGGCCGAGGTGGGCA
464	GGCAGGAGAAGATGGCGACCGTGTGGGATG
465	GGTGTGAGAGCGGTAAGATGGCGGCGGCGG
466	CGATGGAGTGGAGGATGTCGATGGAGGCCT
467	CGGCGACCTTTACCGATGGAGTGGAGGATG
468	AGATGGAGGAGGGAGGCCGGGACAAGGCGC
469	AGGAGGGAGGCCGGGACAAGGCGCCGGTGC
470	TGGGGCTGCACCGGCGCCTTGTCCCGGCCT
471	CGGGGGCCGCCGCTGGAGACTGCTGGGGCT
472	GCACGGACGAGAAGCCGAGCGGCAAGGAGC
473	TTCTCCCAACCCTCCAGTCTGAAGAGGATA
474	GGGAGGAAGGTGGCAAGATGGTGTTGGAAA
475	GCAAGATGGTGTTGGAAAGCACTATGGTGT
476	ATGGTGTTGGAAAGCACTATGGTGTGGTGA
477	CAAGGGCAAGATCACCTTCTGCACGGGCAT
478	CCAGTAGGACTCACATGGGCCACGCGGATG
479	AGGTCCACGTCTATCTGCCAGTCGAGGGAT
480	GCACACTCTTGATGCTCTGCTCCATGGCGT
481	TCTCTCAGGCCAAGAAGTACGCCATGGAGC
482	CTCCCCTGACGCCCGAGCAGCAGGAGGCCC
483	TGGTGAATTTGAGAAGAAGTATGTAGGTAT
484	CACAGCCGGCCAGGAGAAATTCGGTGGACT
485	ACTGAGAGATGGCTATTATATCCAAGGTAG
486	ACCAGCGAAACACTGTGAATGGCCTGGCAC
487	TCCAAGACATGTCTGGCACAGAATGGGGAA
488	TGTTGTAGGTGTTGGAACCCAGAGAGGTCG
489	CTTCTTCGTCACAGGAGACCGCGCCGGTGG
490	GGTGGCCGGAGCTGGTGCCTGCGGCGGGTG
491	TGTTGTTGTCTCCCAGGTGACTGTAGGACG
492	GCCCTGGAGCGCGGCGGTGATGGCGGGGCC
493	GTGAAGGACCGCGAGGCCTTCCAGAGGCTC
494	GGTACAGGAAGTTGAGCCTCTGGAAGGCCT
495	CCTTGTCGCAGACTCACCTGGTACAGGAAG
496	TACACTGAGAGGACCATTGCGAAGCGGCTC
497	GCCGCAAGACGAGCCGCTTCGCAATGGTCC
498	GGGCGGCCTGACGGTGGCGGCAGATGGCGG
499	GGTGGAGAAGGAGGAGGCTGGCGGCGGCAT
500	CTGGCGGCGGCATTAGCGAGGAGGAGGCGG
501	GAGGAGGAGGCGGCACAGTATGACCGGCAG
502	CAGTATGACCGGCAGATCCGCCTGTGGGGA
503	TCCTTATCATCATACAAATCCCTCAGGTTC
504	CTTTCAGAGGTATATGGAGGTCAGTGGGAA
505	TATTTGCCTTTCAGAGGTATATGGAGGTCA
506	ACAGCTGGGCACTCACATCTTGCATGGCCC
507	CTCACATCTTGCATGGCCCGAGTGCGGTGA
508	CAGATCAATTCTGATCACCGCACTCGGGCC
509	CGGTGATCAGAATTGATCTGGTCCCGGAGC
510	AAGAGATGCTCACCAAGAAGTCCACGGTGA
511	ATCATGAGGAGAAGGAACGGCTCATGGACG
512	GCAAGGTTAAGTTGTACAGAAACATGGCTG
513	CAACTTAACCTTGCAGAGAGCCACTGGCAT
514	CATGAATGGCAAAGCTGATGCCAGTGGCTC
515	CGAAGCAGCTCCAAGATCTTCCCACGGGAA
516	GCAAAGTACATACCCTACTCACTGTGGAAG
517	TGTTGGCTGCCTCTGCTGGAGAAGTGGTAA
518	GTTCCATCTGAAGTGGTTAAGCAGAGGGCA
519	CTGAAGTGGTTAAGCAGAGGGCACAGGTAT
520	TCAGGGTATCCAAGGGTTGTATCGAGGCTA
521	GCTGACTCGACCGCGTCGCTCCGGAGGCGT
522	CTTGTGCTCGCTTGTAAACGCCTCCGGAGC
523	ACAAGCGAGCACAAGAGCCTCCGCCGGCTC
524	TGAAGCGGAAGCGCAGTGCGGAGCCGGCGG
525	TCCGGGTGAAGCGGAAGCGCAGTGCGGAGC
526	AGGACCGCTGTACTCCGGGTGAAGCGGAAG
527	GCTTCACCCGGAGTACAGCGGTCCTGGCGG
528	AGTTGTGTACTGCAAACATATTGATGGTCA
529	GCTGCAGCATGCGGGTACTTCCAATGGGAG
530	TGCAGTAACACCTGGAACTCCTTGAGGACC
531	CTTCTAGAACTGATCATTGATTGGAGGGCT
532	GGGGTCACCTTGAGGCGGTTCAGCTGGTCG
533	TTGAGGCGGTTCAGCTGGTCGTGCAGGGCT
534	AGGAGGAGACGCTGCTGCGGTTGAAGGCAG
535	CGCAAGGAGGAGGAGACGCTGCTGCGGTTG
536	ATGTGACCAGGCAACATGCTGAGCCGGCTT
537	CAACAAGGGACAGCACCTCTCCTGTGGGTT
538	CCGGACCCGCCGGGATGAACCCACAGGAGA
539	CGGCGGGTCCGGTCAATGAGAGAACGGTCA
540	GTAGTCTGCAATACGAGTACAAGGCGGTGC
541	GCCTTGTACTCGTATTGCAGACTACGGGCG
542	AGGAGGGTCTGGCTATGGTGGTGCAGGACC
543	CGCTGCTCTGCGATCTGCCGATCCAGGTGT
544	GCCCCCGCCCGCACACACCTGGATCGGCAG
545	CCGTCATTGCCTGGCCGTATTCTAGGGCTA
546	TAAAGGAAAGTAATGGACCAGTGAAGGTGT
547	GAAAGTAATGGACCAGTGAAGGTGTGGGGA
548	AAATCTGCTCGATGTTGGTCGCCATGGCGT
549	TTTCATGTCAAGTGGAAGGAATGAAGGCCA
550	TGGAAGGAATGAAGGCCAGCTGAATGGTGA
551	GGTGTATTTGTTTCACCATTCAGCTGGCCT
552	TGGTGAAACAAATACACCCATTGAAGGAAA
553	CAAATACACCCATTGAAGGAAACCAGGCGG
554	GTGAGCGGCCTGACTACAAGGGAGAGGAGG
555	GACTACAAGGGAGAGGAGGAACTGCGGCGC
556	TGTCAGGATTAGGCCGCTTCACCAGGGCAG
557	CATTGAGGACGTGTTCTACAAATACGGCGC
558	CAGACATCCGAACCAAGGACATTGAGGACG
559	GGAGGTAAGTTACCCACGTAGATGCGGCAA
560	AGATGCGGCAATCGTTGTTCCCTGCGGGGC
561	GGACCGCTACACCAAGGAGTCCCGCGGCTT
562	GGACTCCTTGGTGTAGCGGTCCCGCGGGAT
563	AGACGCGCCTCAGCGTGTCGGGCGAGGTGC
564	AGGTCAGGTTGTCCACCTTGAGGGAGGTCA
565	TGGAGGGTATGACCTCCCTCAAGGTGGACA
566	GCCGCCACTCAGAGCTATGAGCTACGGCCG
567	ATCTTGGAAACAATGGCAACAAGACGGAAT
568	TACTATGGACCACTCCGAAGTGTGTGGGTT
569	TCTAGCAACCCACACACTTCGGAGTGGTCC
570	TTAAATCACCTTCCATCTAGCTCTCGGACT
571	CCATTCGACAGTTCCACTCTTACACGGCAG
572	AGACAGGCAAAGTGGACAACATCCAGGCTG
573	TTCTTACAGAATGATGGTCGACTGAGGTTG
574	TGGAGTTCAACGACGTCTATCAGGAGGTGA
575	CAGGGGTCGACATGGCAGAGACACTGGAGT
576	GGAAACAGGAGGCGGTAAAGGAGGTGGGGG
577	AGGGTCCTCACTTGTGGAAAGAAACGGGCT
578	ACGGCTGCAAGAACCGCTACGACAAGGACA
579	TGTCGTAGCGGTTCTTGCAGCCGTAGGCGG
580	GGTTCTTGCAGCCGTAGGCGGAGCAGGACT
581	GATGGTGCAGTCCTGCTCCGCCTACGGCTG
582	GCACGCAGCACGTAAAGCCAGGCATGGCTG
583	GCCTGGCACGCAGCACGTAAAGCCAGGCAT
584	CAGGCTGCTACAACAACTCGCACCGGGACA
585	ACGTTTCCAAAGGACGCTGAGTTGCGGCGC
586	GCACGCGACACGTTCTTGAGCCAGAGGCGC
587	CTGGCTCAAGAACGTGTCGCGTGCCGGCGT
588	CATGAGGATGAGACACGAGATGTGCGGCAG
589	ACTTGGAGGGAGACACTTACCATAAGGAAC
590	TAAGTGTCTCCCTCCAAGTACCCAAGGGCA
591	CCAAGTACCCAAGGGCACTACATGTGGCTA
592	CCCATACAAAGGCGTTCGTGGTGCCGGTAG
593	GGCAGGTTGTGCGCGGACGCTGCGTGGAAC
594	CGCGGCTAGCTGGCAGGTTGTGCGCGGACG
595	CGCGCACAACCTGCCAGCTAGCCGCGGCGG
596	CCGCAGCTCTACGCTTCGCCGCCGCGGCTA
597	CGCGGCGGCGAAGCGTAGAGCTGCGGGACC
598	AAGAGTGAGGCCACTAAGGAGATGAGGAGC
599	CCTTAACTGCTGTGCCCAGTTACGAGGTCA
600	TCACTGGGCTGGTATATCTGCTCATGGCCT
601	GCCAAGGCGCAGAGGGCCGGGCAGCGGCGC
602	CAGAGCTGAGCAAGGCGAAAGCCAAGGCGC
603	CTCTTCCTCCCACAGAGCTGAGCAAGGCGA
604	ATGAAGATGTTGGCATTAACTATAGGGAAG
605	TCACTAATTCCACAGAACCAATGTAGGTGT
606	ACAGAACCAATGTAGGTGTCTGGGCGGAGC
607	AATGCAGATGGTCAGTAGGACAGAAGGTAA
608	TTTTTCTTAATGCAGATGGTCAGTAGGACA
609	CGGACGGGTTGTGCCTGGAGGTGGAGGGGA
610	AGATCGCGGACGGGTTGTGCCTGGAGGTGG
611	AGGCACAACCCGTCCGCGATCTCCCGGATC
612	TGTTCTCCGACATCTACAAGATCCGGGAGA
613	TGCAGTGAGGACTCACGGCTGATGAGGTCC
614	GAGGACTCACGGCTGATGAGGTCCCGGTAG
615	GCAGGAGGATGCTGGTGGTGGAGGTGGCGA
616	GATGCTGGTGGTGGAGGTGGCGAACGGCCG
617	CCCCCACACCCAGGCGCTCCCGGAGGGCCT
618	GGCATCAGCAGCAGCGGGAGGCCCAGGCGC
619	TCTTCGGGCATCAGCAGCAGCGGGAGGCCC
620	AGTGTGGCAACCAGATCGGTGCCAAGGTAA
621	GCTTCATTGTAGTACACAGAGATGCGGTCC
622	GGGTGGCATTGTAGGGCTCGACCACGGTGT
623	CCACTCATGGTGGCTGAGACAAGGTGGTTC
624	CAACTGTAGGGTGATGATTTCCCTCGGCAT
625	CGAGGGAAATCATCACCCTACAGTTGGGCC
626	AGGAAACGACCTGGGAGAATCCGCTGGCCC
627	AGGCAGATGGTAGTGACAGTCTAGAGGTAA
628	CACGAACTGCTCTTGGCTCTGAGCGGGTAC
629	CATTTTCACCTGGAACAAGCGGAGTGGCCT
630	GCCGGCAGAGTCGATTCAGGACACTGGTCT
631	GTAGGATCCCAGTCGTGGCCGAAGCGGATG
632	ACGACCACGCGGTCCTCCTCCGAGAGGATG
633	GGCAGGTGGACCAGGCCATCCTCTCGGAGG
634	TGCACAACGGCTGGCAGGTGGACCAGGCCA
635	GTACATGCTCCCGCACCTGCACAACGGCTG
636	GCAGGTGCGGGAGCATGTACGACATGGCGG
637	GCTGCGGCAACTCCTTCATCTCGAAGGCGG
638	GCGAAGAGGCGGCGGCAGCGGCTCCGGCGC
639	CGACGAGCGGCGGCGAAGAGGCGGCGGCAG
640	AGATGGCGACGAGCGGCGGCGAAGAGGCGG
641	ACGACGGAAGATGGCGACGAGCGGCGGCGA
642	GCCGACACCATGTGGATCCAGGTTCGGACC
643	CCATGTGGATCCAGGTTCGGACCATGGACG
644	CCGTGTGGGTCTGCCTCCCGTCCATGGTCC
645	TGGACGGGAGGCAGACCCACACGGTGGACT
646	CGCTGTCCAGGCTGACCAAGGTGGAGGAGC
647	AGGCTGACCAAGGTGGAGGAGCTGAGGCGG
648	CCGGAGGACAGCCGCGGCGCGAGGAGGCAG
649	ACAGGCGGCGAACTTCACGGCCGGAGGACA
650	CCAGTCTCGGTGCCGACCCACACATGGTTC
651	TGCACGCTGGAACCATGTGTGGGTCGGCAC
652	GCTGCTGCACGCTGGAACCATGTGTGGGTC
653	TGGTGGAGGAGGAGAACATCCGCGTGGTTC
654	GGAGAACATCCGCGTGGTTCGTTGTGGCGG
655	TCGCTGCCGCCACAACGAACCACGCGGATG
656	AGAAGAGTGTGTACACATACTGCATGGACA
657	GCATGGACACAGAAATCTGGTGACTGGAAT
658	CTCTTAGGGCCTCATGCATCTGCAGGGGAA
659	TTTGCTGCATGAGTGTATCTGATGAGGTCC
660	CCCTGTACAGTAAGAAATATGGTGTGGACC
661	TTTTCGCGGAACACCTTAGCGACGCGGAAG
662	TGAGGAATGAAGCAACAAAGAATCCGGAGT
663	TCTTTCTACGACGACACTGTCCTGAGGAAT
664	TGTCGTCGTAGAAAGAGAACGTATTGGAAT
665	ATTACTGAAAGCAATATGAAGTCCCGGTAT
666	CGGAGCAGGAGTCACAGATGAGAGCGGAGA
667	AGTCACAGATGAGAGCGGAGATCCAGGACA
668	GAGCGGAGATCCAGGACATGAAGCAGGAGC
669	GGAAGAGCAGCTGAGTTCATCCGAAGGCGA
670	CCCTGACAAACAATGACTTGTACCGGGTAA
671	TAGTGAAGGTGGAAGAGGAAGATGAGGAAG
672	AGAAGGGTGATACGGAGAACGGAAAGGAGA
673	TGACCCAGGCTGAGAAGGGTGATACGGAGA
674	GGCCATAATGACCCAGGCTGAGAAGGGTGA
675	ACCGGGCATCTTCTCCTCCCAGCCCGGGCA
676	ACATCCATTATAAGCTGTCGCAGAGGGGCT
677	GGTTCAGCTTGAACTCGTTAGAACCGGTCA
678	CAAGCTGAACCAGCCACCCGAGGATGGCAT
679	GAGGAGATGCCATCCTCGGGTGGCTGGTTC
680	TGTAAAAGAGGTCGAAGATGTAGCGGGTTT
681	AATGCCCAAATTCAAGGCGGCCCGTGGGGT
682	CCGCATTCCCAGCCAGGATCTGATCGGCCA
683	CCTGGCTGGGAATGCGGTGCGGGCGGGGGT
684	CTGGGTGCAGGATGAACTGTCGCTCGGAGG
685	GCACCGTGTGCAGCACAGCCAGCATGGCCT
686	CACGGTGCTTCTGCACCGCAGCACAGGCAA
687	CTGTCCTAGAGGTCCAAGCCCGCTTGGTGA
688	AGTGCTGACTTCACCAAGCGGGCTTGGACC
689	CCTTCAATCTCTAGCACCAGGGACTGGATG
690	AGCGGCAGCGGGCACAGGAGGAACAGGCAA
691	GCCGCCCGCACTTACCGGGCCGCACGGCCG
692	CTTGTACCTTCTCTCCCACCAGCAAGGCCA
693	CAGAACTTGAGGAAGAGGCCCAACGGGGTG
694	GCAGTGGACGAGATGCCTCTCTTATGGTAA
695	CGGACGCGCTTCCGCAGCCGCTCTAGGTTC
696	GCGGCTCTGTGATATTGTGCTGTCAGGTAA
697	CGATCTTGGCGAGCTTCTCGTATTTGGAAA
698	CAAATACGAGAAGCTCGCCAAGATCGGCCA
699	GCCCAGCCTTACCCGAAGGTGCCTTGGCCG
700	TTTCCGCCTGCAGGGAGGTGTTCAAGGCCA
701	GAGGGCATAGCGGCAGTCCTTATCTGGCAG
702	TACGTGGCATGTCTCCTAGGCCTCCGGTGT
703	CCTAGCACAACATGCCGATGTCCTTGGGGA
704	TTCCAATGCAGTGGTTCAATTGAAAGGATT
705	CTTGTGTTCACATTTCTGATCAACTGGCAG
706	TGTTATGGTGAATGCCAAATTTGAAGGTAT
707	CTCCTAGACAGTCACTTCGGTCCCTGGATA
708	TTTAATGAAACTCCCATCAACCCTCGGAAA
709	GTGGGCACATTTCCGAGGGTTGATGGGAGT
710	GGCCCCGCGCTCACTGTCCATGCCGGGGAA
711	CTTTTTGAAAGCTGCCTGCGGCAAAGGTAA
712	GCTGAAGGAAGATGGCGGACGGCGTGGACC
713	GCGTGGACCACATAGACATTTACGCGGATG
714	GTATCCATGTAATCTCGGTCTTCTGGGGCA
715	TGAACCACCGGCCTGTGACTGCTGTGGAGA
716	TCCTGCTCAAGCCAGAGTTGCTCCGGGCCA
717	CATAGGAGCCCTTGACATCCTTCTTGGCAG
718	AGGCCCCTGCCAAGAAGGATGTCAAGGGCT
719	GATGATGAGGTGGAGACAGCAGCTGGGGGA
720	GCGTAGGTCGCGACCAGCCCAGATCGGTGA
721	TGGTCTCCTAGGCTGTCACCGATCTGGGCT
722	TCTCTATCTCCTCTATCACGTTCTCGGTCT
723	TCTTTAGACCGATCTTCACGATCCCGGTCT
724	GGTCCCCGCACGCTTCTTGCCAGAGGGGTA
725	AGTGTCGATTTAGCAGAAAGCAAACGGCTT
726	TGATGATGACGACGACGATGACGTAGGAGA
727	TGGTCTCTCCTGAACCAGGTACTCAGGACC
728	TTCGTTCGAGAACAACTGTGAGATCGGCTG
729	GGATAGGAGCTACGGGCTGTCGTGCGGGCG
730	GGAAACTGGTGACGTTGCTCTTGCTGGCTG
731	CTCACTCTCTGGTATGCCATGATCAGGGCC
732	TGGTATGCCATGATCAGGGCCAACAGGGAT
733	AACTCATTGGCGCCAAGATGGCGATGGAGA
734	CTCGCAAGCCTCTTAGCGAGAGACTGGGCC
735	ACCACTAGATGTTTCTTAGTGTCGCGGCCC
736	GGGGGATACAATCACTACGGACACAGGATT
737	GAGCTCTTGTCGGACCAGGGCTACCGGGTG
738	TGCGCGAACACGCCCATCCGCGCCTGGATC
739	CCGCCGCTGCCATGGCTCAATACAAGGGCG
740	CGCTGCTTCTCCCGCTTCTTCATCAGGTGC
741	GCGCAGAGAACTTCTTGTCAATGTTGGATT
742	CAGCGGAGCAGAGCCGCCGCAGCTCGGCCG
743	GGCTGAGCTTGCTGATGATGGTGATGGTGG
744	ACTAATGCAGTCCAGGGCAGTAGATGGATT
745	TAAAAATGTCTAATGCGATGTATTTGGTAA
746	GAAACAAAGGATACCTCGCTAGCTAGGTAA
747	GTCATAAGAATTACCTAGCTAGCGAGGTAT
748	CCTGTCGATTGTGGCCGCTTCCTTAGGGTC
749	TTGCTTCTTTGTTATTTGACCCTAAGGAAG
750	ATCATTGGCCGTGTCAGGACTATTTGGACC
751	GATGTTGGGCACGGAAGGTGGAGAGGGATT
752	CCCTCCACAGTACCAACACTATAAAGGAAG
753	TCGGCGTGTTCAAGAACGGCCGCGTGGAGA
754	CGTCCTCCTTCTTGTCCTCCTCCTCGGCCC
755	TGGGTTTCATGTTGACAGAAGATTTGGATG
756	AGGGAGCAAAGATGGAGCGGCGGGAGGAGC
757	CAGGGGCTGGAGCAGCACCAGCCTTGGACT
758	TGGACCCAGCCCTGCGTGAGGCCGCGGAGC
759	ACATACCTGATGAGCTCAGGAGAATGGATA
760	CTAAAAATGTTGGAACTGGACTGGTGGGGG
761	TAATTTCATTACGTCACCACATGCTGGAGC
762	CATGTGGTGACGTAATGAAATTACAGGTAT
763	CTGACATCCAGCCGCGGGCTGGGCGGGCGC
764	AAGCGTTTCAGCGCCTACAATTACAGGTGA
765	ACAGAGATAACACTTGTGCGCGACTGGAGG
766	GCGGCGACTGAGGAGGGCGTGAATAGGATC
767	GGGGCGCCTTCGGGAAAGTGTATCTGGGGC
768	GACACAAAGCCAATGGGCAGGTCTGGGGCC
769	TCCAAGAAGTCCAGGAACAGTTTCTGGCAC
770	CGCAGCTTCAGGACGCTGTGAATTCGGTGA
771	GTGAAGAATCTACAGCTGCTTTACAGGTAA
772	TTGCTTCTCCTGTTCTTCCACTTCAGGGTC
773	CTCCTGTTCTTCCACTTCAGGGTCAGGCTT
774	AGCCATCAAGAAACAGTAGTTTGTTGGAAC
775	ATTCAAGAATTTACTTACCTCCAGAGGCAT
776	TAAGTAAATTCTTGAATGTTTCAAAGGTGT
777	TATCCATCAGTGAAACGGTATAATCGGAAT
778	TCTAGAGAACTCTTTCATTTATTCAGGTAT
779	TTGTGCTGTTGACAACAGAGGAGGAGGAAA
780	ATGGCGCCGCAGGTCTGGCGTCGACGGACC
781	TCCGGCACATCTGAATCTGTGTCCTGGTAG
782	AGGGATAGCAAGTGCAAGGTCAAATGGACC
783	TTCCAGATATCCTCGCTGGGCGCCGGGGGC
784	CGAATTTCTTCCAGATATCCTCGCTGGGCG
785	GAGCAGAGCCCGGAGCGGCGGCTAGGGGAC
786	CGGAAAGGAGGCTGCTGTCGATTAAGGAGG
787	GATCTTCAGTTTCATTTGCATCAGAGGTCT
788	ATGCAAATGAAACTGAAGATCATTTGGAAT
789	TTTGGAATCTTTAATATGTAAAGTAGGAGA
790	TCCAAAACACCAGCCAAGCCTTCTAGGTTG
791	GAGAATCTTCAACTGCTGGTGGACCGGCCC
792	CGGAAACAGTAGGTGCCATCGGGCCGGTCC
793	CGAGCATTCCGGTTCAGACGCTTTCGGTTG
794	GGTCAGCGCGATGCCCAAGGCCAAGGGCAA
795	TTCAGTTCTGCCTCAATCTGACTCTGGAAA
796	ACACCCGGAACTGCCATACCTGGGAGGTTT
797	GCCGCCGGCCCGCAGCTGCCGTCTTGGCTG
798	TGCACAACGTGAGCGATGCCGCAGCGGCTG
799	GGGAAGATGGCGGCTCAGCCGCTGCGGCAT
800	CGGCCGAACTCACCTCAGCATGTCGGGCTC
801	GGCGCAAGTACTCCTCTGCTTTCCTGGTTA
802	ACTTACAGTTCATCTCGTTGTCTCTGGGAC
803	GGACTAAATGTGACTCTCACCATTCGGCTT
804	CGGAAAGGAAGTAGGAAGCATCATTGGGAA
805	AGTAGGAAGCATCATTGGGAAGAAAGGGGA
806	GCATGGACTCGTCCCACGTCTCTTTGGTGC
807	CCAGCGGTGTAAACCTGCAGAGCATGGACT
808	GAGATGGAAGTTGAGCAAGAGCAGCGGCGC
809	ATGCGTCTGTCCAGGAGGAGAGTCCGGTAA
810	TCCTTGGTTACCGGACTCTCCTCCTGGACA
811	TCATCTCGTCCGTGGTGATCTTGTCGGTGA
812	GCTACAAGGACTCGCCCTCCGTCTGGGCCG
813	CGTCCCGCCAAGTCCTTCAAGTTCTGGGCC
814	GGGCAGGTTCCGCCACCGGCTGCCAGGATC
815	CTGTTCCCGCGGGATTCCATAAGAGGGGTC
816	GAAGGGGAGTCGCTTACCTATTATGGGAAC
817	CGGCTCACCTGCATGATGGTCTTGCGGATT
818	CTGCTTCACCGTGTTGAGCAAGTTGGGGCC
819	TATTGGTGCTGGTGTGATCCAGCCAGGCCG
820	CGGCAGCAGTAGCGCTTCAGGCCCAGGGCA
821	CGGACGGTGTCCACCATTTCCACCAGGACG
822	CGCAGGCCGGGATGTTCGTCCTGGTGGAAA
823	GCCGGCCTTCGGGTCCCACCTTGCGGGTGA
824	TAGGGGCACGTGTTGCAGGAGAAGCGGTGG
825	CACGATCAGCCCGTTCCCGCAGCCGGGGCA
826	TGAACACGAACGAGTGCGGGTTCGCGGCAT
827	CGTTCGTGTTCACGCGAGGCTGCACGGGTC
828	AGCGCGTACAACGGGAACGGAGCCCGGTAC
829	CACCGCAGCGGTCCGCAGCGGACAAGGTCT
830	TCATCCACAGGGTCATTTGCATCACGGGCG
831	GTTTGGAGAAGAAGATGCAGATCCAGGTGC
832	AGACTTTAATTGATAAAGCCAGAGTGGAGA
833	GCGAACCTGGTTCACTCACCTACTTGGTAG
834	CTACAGATTAATTACCTGTCATTCCGGTCA
835	TCGAGGAAGAGACATTGTTGTTCTTGGTGT
836	ATCTTAATTAAAGGTTGGTGTTCGAGGAAG
837	ACGGCCTCCTGCGCGTACTCCACTTGGAAG
838	CCGAGTCACTGGACTCTCAATATTCGGCAG
839	GTGCTGAGTAGAGACTGGGCTCTCTGGAAC
840	CTCCATCGACATCCTCCACTCCATCGGTAA
841	CTCTCCCAGTGAAGCGTGACATTCAGGAAA
842	GGGACAAGGACAAAGAACAGGAGCTGGTGA
843	GGACAACAGTGAGTATATGCGGAATGGAGA
844	GAGACTTCTTACCCACCAGGCTGCAGGCCC
845	GTGTGGTCAGCACTTCACAGTCACTGGGAT
846	GGGCCACGCGGATGCCCGTGCAGAAGGTGA
847	TGCTCTGCTCCATGGCGTACTTCTTGGCCT
848	GAGGCCGTCGTCCCTCTCGATATTTGGCCC
849	AAATCACTTTACCTTCACAGCACGAGGCCG
850	GGGGGAGCCCGGCTTCTTCGTCACAGGAGA
851	GTCACAGGAGACCGCGCCGGTGGCCGGAGC
852	AAACCTCGCCAGCGCCTGGTTCTCGGGGTC
853	CAGCCGCTTCTTCAGCCGGCCGTCAGGTAG
854	AAGAAGCGGCTGCGGGCGGCCTGACGGTGG
855	TCGGGTGCTTCTTGTCGGCTTGAAAGGACT
856	AGGCCCCACTCACCGTGGACTTCTTGGTGA
857	CACTGGCATCAGCTTTGCCATTCATGGAAA
858	GGGAAACAACAATTTCTTGTTGTTTGGTTC
859	AAGCATCAATCAACCAAACAACCCTGGAGC
860	TAAGCTTACATCATGTGACTGTTCAGGTAC
861	CGGTCAATGAGAGAACGGTCAGCTTGGAGC
862	GACTACGGGCGGTTACATCCGCCATGGCCG
863	ACTCCGAGGCCATGGACGTGTTCCAGGAGG
864	GCTCGCAAGATGGCGGACGAGGACGGGGAA
865	GACTTGACGATGCGCACGACCCGCGGGCCG
866	CGTGCGCATCGTCAAGTCCGAGTCCGGCTA
867	TGCTGAAGGGCGACGGCCCAGTGCAGGGCA
868	AGGTCTTTCGTGGTCAGTAAATTCCGGGAA
869	TCAGTAAATTCCGGGAAATTCAACAGGAGC
870	CTGGAAAGCTCCTGTTGAATTTCCCGGAAT
871	CGGGAAATTCAACAGGAGCTTTCCAGGTAA
872	AGGGAGAGGAGGAACTGCGGCGCCTGGAGG
873	TTTCGTCACCGCCATGTCGGGAGGTGGTGT
874	TGAGGGAGGTCATACCCTCCACATCGGGAG
875	AACCTGGGAAACAGGAGGCGGTAAAGGAGG
876	AAAAAGGTACTCACCTAAGCAATCTGGTTC
877	ATGTAGTGCCCTTGGGTACTTGGAGGGAGA
878	AGATCGCAGAAACTCCAGTACTCGCGGAAA
879	GCCATTGGCATGTTCTTCACCGCCTGGTTC
880	CTCTTTCCCTCCTCTAGGAGCTCGAGGCCA
881	TCACCATGGAAGTGTCACCATTGCAGGTAC
882	TGTGCTTTCGGTACCTTCGCCCTCGGGGCC
883	GCTCCCGGAGGGCCTGCACCGCCTCGGCTC
884	GCAAATATGTTCCTCGTGCCATCCTGGTGG
885	TCCTGACTGCATTCCAGGTCAGTCTGGGGC
886	CTTTGTGCTGTGTCACTCCATTGCTGGGGG
887	TACCTGTCATTCAGCCGTTCTAAGAGGTAG
888	TGTTCCTCTTCCTGCAGGTATCGCAGGACT
889	TCGATTCAGGACACTGGTCTCACTGGGGTG
890	CGGTCCTCCTCCGAGAGGATGGCCTGGTCC
891	CGTCCTACTCCGCCTTCGAGATGAAGGAGT
892	AAGGCGGAGTAGGACGCGGACAGCAGGGGC
893	TGGATCCAGGTTCGGACCATGGACGGGAGG
894	TGTGGCGGCAGCGAGTTGAACTTTAGGAGA
895	GTGAGGTACCATTACCTGGCAGTTAGGAGA
896	TTATCTCGATGTATTGCAGGGTGGTGGCCT
897	CACTGGCTTCCATGTCTTCACCACAGGAAC
898	GCTCCGCGTCCTTCTGCAGCACCCTGGACA
899	GCCTCAGTCAGGCCATAGCATTCCAGGTAT
900	GCCTGAATGATGACTGCTGAATCACGGGAA
901	TGACTGCTGAATCACGGGAAGCCACGGGTC
902	TGTCCCCACAGGCTGCACAGGAGAAGGATG
903	AGAAGGATGGTATCGTAATAGTGAAGGTGG
904	GTATCGTAATAGTGAAGGTGGAAGAGGAAG
905	GAGGAAGATGAGGAAGACCACATGTGGGGG
906	CTGGAGGAGGCGTGTCCTGTAGGGTGGAAT
907	GCGGAATATCTCTGGGTCTGGAGGAGGCGT
908	GCGTTGGCGGAATATCTCTGGGTCTGGAGG
909	GGGTACGGCTTGTTCTTACAATACCGGTAA
910	TCGGCAGAAGCGAGACTTTGGGTACGGCTT
911	TTCCACTACTTACCAGGGACACCTCGGCAG
912	TGCTCATATTCATCTGACACCATGTGGCCA
913	CAAAGAATCCTGCCTTACCTTCAGAGGACA
914	TTTCTTCTCCCTACCTAGCCCTGGAGGCTG
915	CCATGTACTTATTGGCACAAATTCGGGCAG
916	AACATCTTGTTGATGCGGATGACGTGGAAG
917	ATGTAGGCTCCAAACAGGCATGCGAGGTGC
918	TGATAACTTGGCCAATGTGAACCCTGGCCA
919	CCTTGTTCTGCAGCTTGGTGCGGATGGACA
920	GAGCATGTGATTGAGGCCCTGCGCAGGGCC
921	GAAACTTGAACTTGGCCCTGCGCAGGGCCT
922	GCTGCAGCACTACATACCTTCTGGCGGCCA
923	AAAGCGGCTCATCCCAGATGGCTGTGGGGT
924	AATCGTGGCCCTCTGGACAAGTGGCGGGCC
925	CAAGTGGCGGGCCCTGCACTCATGAGGGCT
926	AAGTCTCTCGCGACACCCTGTACGAGGCGG
927	CGAGGCGGTGCGGGAAGTCCTGCACGGGAA
928	CTGATCTGCAACTCCACCGTCTCCAGGAAC
929	TGGGGGACCAGCAGCACTGTGACGAGGCTA
930	ACCAGCAGCACTGTGACGAGGCTAAGGCCG
931	GAATCTGCTTGATCAGAGACTCTGAGGCCA
932	GATCAAGCAGATTCCACGAATCCTCGGCCC
933	AAAACATGGTGGCCAAAGTGGATGAGGTGA
934	ACAGCTACAGCCAGACATAACACCTGGGAG
935	CTCTTCCCTGTTGCAGCAGGATCAAGGTGA
936	ACACAGATGTTGAGACAGAGTTTGCGGATG
937	CAAACTCTGTCTCAACATCTGTGTTGGGGA
938	GACTGACGCGAGCAGCCAAGGTGTTGGAGC
939	AGCCAAGGTGTTGGAGCAGCTCACAGGGCA
940	GCCCTGTGAGCTGCTCCAACACCTTGGCTG
941	GATTGCTGTCCACTGCACAGTTCGAGGGGC
942	GGGTATCAAATATGACCCAAGCATTGGTAT
943	GTATCTACGGCCTGGACTTCTATGTGGTAT
944	CTTCTTGTCTGCGATGCTGAAACCTGGCCT
945	CATCGCAGACAAGAAGCGCAGGACAGGCTG
946	TCATCGATGATGTCATGAGGATGGCGGCCA
947	CATCAACATTACAGCCCACTGACTGGGCAG
948	TAAAGGAACCATTAAAGAGATCCTGGGGAC
949	CCAGAGAGTTCTCTGGCTAAGGATCGGTGC
950	ATTGTCAACATTGCTCGACAGATGCGGCAC
951	TTTCTGTCTCTTGGTGGTTCCTTGAGGGCT
952	TGAGGGCTTTGATGATCAGGGCAGAGGCAG
953	TTTGATGATCAGGGCAGAGGCAGAAGGCAC
954	AGGAATCTCTTCTGCAGATTGAGGTGGTGC
955	GCAACGGGTGACTGGAAGGGCCTGAGGATT
956	TGCCAAGGCAACGGGTGACTGGAAGGGCCT
957	TGGTGATGACATTGCCAAGGCAACGGGTGA
958	AAAAAGTTGGTGATGACATTGCCAAGGCAA
959	GGAGGGGATAACGTACCAGACCCAGGGGGC
960	GTGAAGTCGGTGCCACTTCTGCCCTGGCCC
961	CAGAAGTGGCACCGACTTCACCTCCGGTGC
962	CCTGAGGTGCACCGGAGGTGAAGTCGGTGC
963	CCCAGTATACCTGAGGTGCACCGGAGGTGA
964	GGCAGCCATGGCGCCCAGCCGGAATGGCAT
965	CCATGGCGCCCAGCCGGAATGGCATGGTCT
966	AACCAGCCGGCCCGTAAGATCCGCAGGTGA
967	CTTCTCTCCACCAGACGTAAGGCCCGGCAA
968	CCTTGGCTTGCCGGGCCTTACGTCTGGTGG
969	GATGGGCCGGATGGGACCCGACGCGGGGCG
970	CGATGGGCCGGATGGGACCCGACGCGGGGC
971	GCTCCTCCAGGCTGAAGCCGCGGCCGGCGC
972	CGCGGCTTCAGCCTGGAGGAGCTCAGGGTG
973	CCAGTACTCACCCTGAGCTCCTCCAGGCTG
974	GGCAGGTGGCCGGCATTCACAAGAAGGTGG
975	TCCGGGCCACCTTCTTGTGAATGCCGGCCA
976	TCACAAGAAGGTGGCCCGGACCATCGGCAT
977	GATCCACAGAAATGCCGATGGTCCGGGCCA
978	ATCGGCATTTCTGTGGATCCGAGGAGGCGG
979	GCACGTTGGCCTGCAGGGACTCCGTGGACT
980	TGCAGGCCAACGTGCAGCGGCTGAAGGAGT
981	AACTGGCCACCCAGCTGACCGGACCGGTCA
982	CCAAGCGGCTGCCGAAGATGGCGGAGGTGC
983	ACAGGTCCTGGTGCTTGATGGTCGAGGCCA
984	CATCGTGGCTAAACAGGTACTGCTGGGTAA
985	CCCTCCCTCTAGGCCGGAAGGTGGTGGTCG
986	GAAGGTGGTGGTCGTACGCTGTGAAGGCAT
987	AAGTACCTGGCTTTCCTCCGCAAGCGGATG
988	GGGTTGGTGTTCATCCGCTTGCGGAGGAAA
989	GCGGATGAACACCAACCCTTCCCGAGGCCC
990	CACGGTCCGCCAGAAGATGCGGCTGGGGGC
991	CCTCGCACGGTCCGCCAGAAGATGCGGCTG
992	TCTGGGGCGCCTGGCTCACGAGGTTGGCTG
993	CTCACGAGGTTGGCTGGAAGTACCAGGCAG
994	AGTACCAGGCAGTGACAGCCACCCTGGAGG
995	GTGACAGCCACCCTGGAGGAGAAGAGGAAA
996	CTTTCTCTTTCCTCTTCTCCTCCAGGGTGG
997	AAAGAGAAAGCCAAGATCCACTACCGGAAG
998	TACGGAAACAGGCCGAGAAGAACGTGGAGA
999	ATACACAGAGGTCCTCAAGACCCACGGACT
1000	CAGACCAGGAGTCCGTGGGTCTTGAGGACC
1001	ATTGGGCTCAGACCAGGAGTCCGTGGGTCT
1002	GGTCCAAAGGAGACATAGGCCACCCGGCCA
1003	GTCGATGGACCTTGCACTCAAGTGAGGAGA
1004	ATCAGTGAGCTGCATGCACTTGAAAGGCAT
1005	GATTTCATCCTCAAGTTTCCGCACAGGTAA
1006	AGTATGTCCGACAAGCCTGGCAGAAGGCAG
1007	CTTCAATCTTCTTGGCCCATCGTGTGGCTG
1008	CCAAGAAGATTGAAGCCAGAGAAAGGGTAA
1009	AGATGGGTGCATACAAGTACATCCAGGAGC
1010	TCTGATGTCATGCGCTTTCTTCTGAGGGTC
1011	CGCTTTCTTCTGAGGGTCCGCTGCTGGCAG
1012	GCCCTGTGGAGAGCAGAGAGCTGGCGGTAC
1013	CCTTGCTTGGCCTTGTAGCCCAGTCGGCGC
1014	TATATATAGGATTCGTGTTCGCCGTGGTGG
1015	CCGTAAGTTGCACCCTTAGGAACTGGGCGT
1016	AACTTTAGCTGGTTAACACCATGATGGACA
1017	CTCGAAGCCTTCAGTCCGTTGCAGAGGTAA
1018	CTAGGAGCGAGCTGGACGCCACTGTGGGGC
1019	GAGAGTCCTGAATTCTTACTGGGTTGGTGA
1020	ATAGCTTTATGGAATGGATCAATGAGGATA
1021	ATCAGAAGAAATCCTGACACCCAGTGGATC
1022	GACATCTGCAGGCCGAAAGAGCCGTGGCCT
1023	GCCGAAAGAGCCGTGGCCTTGGAAAGGGCC
1024	CGGCGAGAGCCACCAATAGTGTGGTGGAAC
1025	ACTCTCACTCAGGTGGGAGTGCAGTGGGGC
1026	CGGCTCACTGCAACCTCTGTCTCCCGGGTT
1027	AACAGATTGTTCCTAAACCAGAAGAGGAGG
1028	TTTTCCGTAAGGATCATCTCAATGTGGCAG
1029	GGTTAATCCGACCATGAGCTCTGTAGGTCC
1030	ACCAGAGAATCTACATCTAAACCCTGGGGA
1031	ATGGTGGAGTTGGCAGGTGTGCGCAGGTGA
1032	TCGTGAAACTGCTCAGGCCATCAAGGGTAT
1033	CTTAGAACACTCGTGAAACTGCTCAGGCCA
1034	AAATGGTTCGCTATTCACTTGACCCGGAGA
1035	TGGGGGCCTGATACTCACTTGGTGTGGCTG
1036	GAGAGGTGTACCGGCATTTCGGCAAGGCCC
1037	TTCCCCTTCCCTAGGTCCTCGCAAGGGCCG
1038	GCCCGCAGCCGCATCCTCAGGGCAGGGGGC
1039	GGGTTCAGGAGGTACCCAAACTGAAGGTGA
1040	TAACTGATGATGTGCGGGTTCAGGAGGTAC
1041	TGGGGACCATAACTGATGATGTGCGGGTTC
1042	ATCCGGGAAAGGGACAGAGGCGGCCGGTTG
1043	ATAAACAACCTCTTCAACACAACCTGGTTG
1044	TCTTCAACACAACCTGGTTGAATGTGGAGT
1045	ACACAACCTGGTTGAATGTGGAGTTGGTTC
1046	AGCCTCACCTTGACCAACAGCCTCAGGTAG
1047	CGCCATAACAAGGACCGAAAGGTTCGGCGC
1048	CGAACCTTTCGGTCCTTGTTATGGCGGATG
1049	TTCAGCTACGAGAGTACAAGGTAGTGGGTC
1050	GCGCAAAGATTCGCATGCGGTAGAGGGGCG
1051	TGATTAGGCGCAAAGATTCGCATGCGGTAG
1052	CAGGGGAGATTGTCTACTGTGGGCAGGTAT
1053	CTGCGGGTGAAGAACTTCGGGATCTGGCTG
1054	GGGATCTGGCTGCGCTATGACTCCCGGAGC
1055	CCCGGTATTCCCGGTACATGTTGTGGGTGC
1056	GGAATACCGGGACCTGACCACCGCAGGCGC
1057	TGGGTGACAGCGCCTGCGGTGGTCAGGTCC
1058	AGCACTGGGTGACAGCGCCTGCGGTGGTCA
1059	GCGGGACAGGCAGCTTACAGCACTGGGTGA
1060	TCATGATCTGAATGGAGTGGGCTCGGGCGC
1061	CCACCTTCATGATCTGAATGGAGTGGGCTC
1062	AGATCATGAAGGTGGAGGAGATCGCGGCCA
1063	TGTGCTGACGGCGCAGGACCCGGTGGGGCA
1064	AAGCGTGGCTTGTGCTGACGGCGCAGGACC
1065	AGAAGAAGGTGTTGGGCCTCTTGGTGGTGA
1066	GCTCGCCTCTAGTGTCCTCCGCTGTGGCAA
1067	CTCCGCTGTGGCAAGAAGAAGGTCTGGTTA
1068	CCAGGTACTCACGGGAGTTGGCATTGGCGA
1069	CAGATCCCAGGTACTCACGGGAGTTGGCAT
1070	CCGGAAGGGCAGGCACATGGGCATAGGTAA
1071	GCAGGTATCACAGCCTGTACCTGAAGGTGA
1072	TCATGGAACACATCCACAAGCTGAAGGCAG
1073	CTGAGGCCCGCAGGTCTAAGACCAAGGAAG
1074	GTGAAGAGCGCCTCCAGGCCAAGAAGGAGG
1075	ATGATCTCCTCCTTCTTGGCCTGGAGGCGC
1076	AAAATGACGAACACAAAGGGAAAGAGGAGA
1077	GACGAACACAAAGGGAAAGAGGAGAGGCAC
1078	ATAGATTCGCATATATGTGGCCAAAGGAAC
1079	CACATATATGCGAATCTATAAGAAAGGTGA
1080	AAAGAAGCCAAAGAGAAAGGTACCTGGGTT
1081	TTACCTGGCGCTTTAGTTGAACCCAGGTAC
1082	AAAGTGTGCTTCTCTGGGTGGAGCAGGCTA
1083	TCTCACAAAGTGTGCTTCTCTGGGTGGAGC
1084	AGAAGCACACTTTGTGAGAACCAATGGGAA
1085	CACACTTTGTGAGAACCAATGGGAAGGAGC
1086	CCAGCAGCTCAGGCTCCTTCCCATTGGTTC
1087	ATAGGGAATAGGTTCCAGCAGCTCAGGCTC
1088	TTCTTCTCTCAGTACATCCAGCAGTGGTCA
1089	CTGCTGGTGTGGGTGACATGGTGATGGCCA
1090	GAACAGACTTCCCGCTGCTGGTGTGGGTGA
1091	ACGGCTGAACAGACTTCCCGCTGCTGGTGT
1092	AGCACAATTGATTACAGCTCCTACCGGAAG
1093	TCCGGCGTTCAAGATGTCGAAGCGAGGTGA
1094	ACAAGATGGCGCCGAAAGCGAAGAAGGAAG
1095	GATGGCGCCGAAAGCGAAGAAGGAAGGTGT
1096	CTCCTAAAGCTGAAGCCAAAGCGAAGGCTT
1097	AAGCGAAGGCTTTAAAGGCCAAGAAGGCAG
1098	AAGATCCGCACGTCACCCACCTTCCGGCGG
1099	CAGTGTCTTCGGCCGCCGGAAGGTGGGTGA
1100	CGGAGTCGCAGTGTCTTCGGCCGCCGGAAG
1101	CGGCGGCCGAAGACACTGCGACTCCGGAGA
1102	TTCCGAGGATATTTGGGCTGTCTCCGGAGT
1103	GGGCAGTACTGACTTGTTTCTCCTGGGAGC
1104	AGCGGAAACTTGATGATAGCATAGTGGTCA
1105	CTTCATGGCAGACTCAGTGGTCAGCGGAAA
1106	ACAACAACACACTTGTGTTCATTGTGGATG
1107	CTCACCGAATCAGGGTGTTGACCTTGGCCA
1108	ACCCTAGGCCTGATGGAGAGAAGAAGGCAT
1109	ACGGAAAGCCAAATCTCGCCAAGTAGGAAA
1110	GGCTAATGGCACAACTGTCCACGTAGGCAT
1111	ACGTGCGATCCATGCCCATCCGAAAGGATG
1112	CTTCTGTCTCAGCTCTTTGGAAAGAGGGGA
1113	CATAATCTTCCTTCGAATGTGGGAAGGTGC
1114	GCCTTTTGCGATTCTTGCTTCGGTCGGAAG
1115	TTTTCCACACAGCCATCCAGACTGAGGAAG
1116	CTTTGTATTCCTGCAGGCAAGCACCGGAAG
1117	TGATGCAGACCACCAGCATTACCGCGGCCG
1118	AATGCTGGTGGTCTGCATCACCACCGGATC
1119	TACTATTTGTCGAAGTTGATCCGGTGGTGA
1120	GTTGTTACCTCTTCCTAGCCACCCAGGCTA
1121	CCAACTTTCCCAAAGTAGCCTGGGTGGCTA
1122	GGTATGAAGCATTACCACTTAAAGAGGAAC
1123	AGGTTGACAGTTGGGCAGAAGCTCTGGTTC
1124	CACAATTTGTCAAGGTTGACAGTTGGGCAG
1125	TACCGATCGCACCACATCAATGATGGGAGC
1126	GAAGAATTTGGCCTTCACGATGACAGGCTG
1127	CCATGGAGGAGAAGAAAGCATTCATGGTGA
1128	AATGCTTTCTTCTCCTCCATGGTCTGGAAG
1129	TTCTTCTCCTCCATGGTCTGGAAGCGGCCA
1130	TTGGCCATGGCCGCTTCCAGACCATGGAGG
1131	AGCGGCCATGGCCAAACTTGGAGGTGGTGT
1132	TTGGAGGTGGTGTCAATGAACTTAAGGTCA
1133	CCTTGCTGGTGCAGACGAAGCGGCGGGCTC
1134	AGAAGCGGGTGCTCACCCTCCGCAAGGTGA
1135	GCTGTGTGGTGGGAACCAAGAAGCGGGTGC
1136	TCACCATAGTGGACAAAGCCACCCTGGAAA
1137	TATCTGACAAGAGCATCAACCCTCTGGTAA
1138	TCTTGTCAGATAGGTCATAGTCAGTGGAGG
1139	CTCTGTGGCACGCGCTGGGCAGAAAGGCTA
1140	ATCCTGCTCGTGTAGCCTTCTCTGTGGCAC
1141	GCAAGACCCACCGAGGCCTGCGCAAGGTGG
1142	TACCTGTGAACCAAGTGTTTGGGCAGGATG
1143	CCTGATGGAGATCCAGGTGAACGGAGGCAC
1144	CGGGGCACTGGGCTCACCTGGGTGTGGGCA
1145	TCATCCGTGTCATTGCCCACACCCAGGTGA
1146	TTACCAAGTACTGCAAGAAATGGCAGGATG
1147	GCCATTTCTTGCAGTACTTGGTAAAGGCCT
1148	TGCAAGAGGCGTTTCTATAAGAATTGGTAA
1149	TGGTTGTGGGCATTGTGGGCTACGTGGAAA
1150	CCATTGTAGAGACACCACCCATGGTGGTTG
1151	AGGTGAACAAGAAGGAGGTGGTGGAGGCTG
1152	TTGCAGAGGTGAACAAGAAGGAGGTGGTGG
1153	AGGATGTCTGTACATACTGGATCCCGGCCT
1154	ACATCGTGCGGGAAGTCGACAGGCCGGGAT
1155	AGGCTGGCATGACTCACATCGTGCGGGAAG
1156	TGAGTCATGCCAGCCTTGTATCCCAGGAAG
1157	CACAGCCTTCCTGGGATACAAGGCTGGCAT
1158	GCCTTGTATCCCAGGAAGGCTGTGAGGTGG
1159	GTGGGAAGGTGAAGAGCTTCCCTAAGGATG
1160	ACGATGCCTGCTGCTGCGCTTCCGAGGCAG
1161	AGCCGAGGGACCCATGTCTGGGAGCGGAGA
1162	AGAAAGTTCTCCGCTCCCAGACATGGGTCC
1163	GAAAATACTACAGAGTGTGCACACTGGCTA
1164	TAAAACTGGTGTCCATCACTACAGTGGCAA
1165	GCAGACTCTGAAGATGATCAGACAAGGCAA
1166	TTTCTTCACTGCGCAGCCTGGCATTGGGGT
1167	CCTCCAAGAACCGCAAAGCCATCGTGGAAA
1168	TGGAGGAAACATTGTGAGCGATCTCGGCAC
1169	AAAAACAAAGCACATGCTGCCCAGTGGCTT
1170	TTTTGTTGCTTCCATAACCAATGTTGGGCA
1171	GGGCCAGATCTTGATGCCCAACATTGGTTA
1172	TCAGCGTAACTGGCGGAAACCCAGAGGCAT
1173	TATTATTTCCTTCAGCGTAACTGGCGGAAA
1174	TTGACATATCGGTCTGACTGGTGCCGGATG
1175	GTCCAGCGTTTGACATACCGACGTAGGCTT
1176	GCTGTATTGTAGGAAAGCCTACGTCGGTAT
1177	TAAAGGTAAACAATTCTATTACCAGGGGTT
1178	GTTTACCTTTATACCAAGAAGGTTGGGAAA
1179	AAAATCTGCATGTGGTGTGTGCCCAGGCAG
1180	ATTTAGCACACATGGAACCACCATAGGCCC
1181	ATGTGTGCTAAATGTGTTCGTGACAGGTAA
1182	GGCTGTACCCGCTGCGGAAGTACGCGGTCA
1183	ACCAAGAAGCAGCAGCGGAAGGAGCGGCTG
1184	TGAAGACCAAGAAGCAGCAGCGGAAGGAGC
1185	AGGTTCTCCTCGTGCTTGTTGAGCCGGCGG
1186	AGACTCACCTTGTAGAATTTCCTGAGGTTT
1187	GCTGCGCGTCGCCAAAGTGACAGGCGGTGC
1188	TGAAACAGCTGGACGACCTGAAGGTGGAGC
1189	AAGATCAAGGCTCGAGATCTTCGCGGGAAG
1190	GCGGGACATGATTCGGGAGGTGTGTGGCTT
1191	AGCGGCGCGCCATGGAGTTACTGAAGGTCT
1192	TTACTGAAGGTCTCCAAGGACAAACGGGCC
1193	GTGGGGACGCACATCCGCGCCAAGAGGAAG
1194	ACGCACATCCGCGCCAAGAGGAAGCGGGAG
1195	AGCGGGAGGAGCTGAGCAACGTACTGGCCG
1196	CTGAGCAACGTACTGGCCGCCATGAGGAAA
1197	CCATAAAGTGACACAGTACAAGAAGGGCAA
1198	AAGTGACACAGTACAAGAAGGGCAAGGATT
1199	TTATGACAGGAAGCAGAGTGGCTATGGTGG
1200	CCAACTGCAGATCTAAGAGAATGCTGGCTA
1201	ACTGGGAGGAGATAAGAAGAGAAAGGGCCA
1202	TGATCGGAAGCAGAGTGGCTATGGTGGGCA
1203	AAGTGACACAGTATAAGAAGGGCAAGGATT
1204	CGTCGGTAAATACGGGACCCGCTATGGGGC
1205	ACTGTGGTTCCTGCATGAAGACAGTGGCTG
1206	TTCCTGCATGAAGACAGTGGCTGGCGGTGC
1207	CACCGCCAGCCACTGTCTTCATGCAGGAAC
1208	GGAACTAGACTCACTTGTACGTCCAGGCAC
1209	TTACCGTGACAGCGGAAGTGGTACTGGAAA
1210	ACTTACATTTGGCATCCTTTCGTCGGGCTG
1211	TTGTCAGTGATGACCAGGGTGTAAAGGTAT
1212	CTGTGGTAGGTAAGAAAGGAAAGAAGGCTG
1213	TTTAATTACCAGGGATGTTTCTGAAGGCCT
1214	GTGCATCATCTATAATGAGGATAATGGTAT
1215	GGGCCCCTGCGCTGGATACGGCGACGGTTT
1216	CTTTGCCAGCTCTCATTCGCTGAGAGGCAT
1217	AAGTTGAAGGCTACAAGAAGACCAAGGAAG
1218	TTTGGTAGTTGAAGATAAAGTTGAAGGCTA
1219	ATCTTCAACTACCAAAGGAAGTTCAGGAAC
1220	CAAACCTTTAGACATGACCAGTGCTGGTAG
1221	CTTTAGACATGACCAGTGCTGGTAGGGCTG
1222	ACATGACCAGTGCTGGTAGGGCTGAGGCAG
1223	CTGAGGCAGCCAGGGCAGAACAGATGGCGT
1224	AACGATACGCCATCTGTTCTGCCCTGGCTG
1225	GTTGTGTTCACTCTACGATGCCAACGGCGC
1226	TCGAGGTGGTGGGACTCACCGCTCTGGCCA
1227	GGTGAGTCCCACCACCTCGAACTCTGGGAA
1228	GGCTCGAATTCCCAGAGTTCGAGGTGGTGG
1229	GCCCTATGCTGTCAGTGAATTAGCAGGTAT
1230	TCGAATAGGAGCCTTGAATACAGCAGGCAA
1231	CTTTTCGGAGTACACCGATATCAGTGGGCG
1232	AGGCGTGTGCTCGCCCACTGATATCGGTGT
1233	ATTTCACTTGGTATCTCTTAAAGTAGGCCT
1234	CCAAGTGAAATTTAGAAGACGACGAGGTAC
1235	TATAGATTGCTTATGCCCGTATAGAGGGGG
1236	AGGTGACTGGTGATGAATACAATGTGGAAA
1237	ATCCAAATAGCAGGTGAAGGCACCTGGCTG
1238	GGCCTGCATCCAAATAGCAGGTGAAGGCAC
1239	TGCAGGCCTTGCCAGAACTACCACTGGCAA
1240	AGCCTCCATCCACAGCTCCCTTCAGGGCAC
1241	TCCTTGCTTTCAGAATCATAACCAGGGAAT
1242	TAAAGAACAGCGTAACTCCAGACATGGTAA
1243	TTCGTCAGAGCAAACACAGATCGCAGGTAG
1244	GCAAACACAGATCGCAGGTAGCCCTGGAGC
1245	AGATCGCAGGTAGCCCTGGAGCTGAGGAAT
1246	AGCGCAAGATTGATCAGAAAGCTGTGGACT
1247	GCTGCGGAAGCCCAGACACCAGGAAGGTGA
1248	GCTTACTTCAAGAAGAAGAAGCTGCGGAAG
1249	TAGAGGAACTCGATTGAGGACCAGAGGTCC
1250	GGCTAGTGGCTTATTACTTGTGACTGGTAA
1251	GTGACAAGAACGGCGGTACCCGGGTGGTTA
1252	ACCAGTTGGTGGTGACAAGAACGGCGGTAC
1253	GGAAGTACTCAGCCGCTAAATCCAAGGTAA
1254	GAATACCTGCCAATTCCTCTGACAAGGACA
1255	CAACCCTGTCCTTGTCAGAGGAATTGGCAG
1256	ACAAGGACAGGGTTGCGGCTGCAATGGGGC
1257	CCAAGAAGGTTGATGCTGGTGGCAAGGTGA
1258	CGAAGCCAAGAAGGTTGATGCTGGTGGCAA
1259	AAGAGAAGAAACCCGAAGCCAAGAAGGTTG
1260	AAGGTGGAGATGCTGGCAACAGGGAGGACC
1261	CCATTTTGTAGAAGGTGGAGATGCTGGCAA
1262	CTTCAAATTGTCTTCTCCACGAGGTGGAAT
1263	GGAGAAGACAATTTGAAGGGCCACAGGAAG
1264	TTCAAAGAGGCAAATAACTTCCTGTGGCCC
1265	GTAAATACGGCATCATCTGCATGGAGGATT
1266	GGATTGTAGAGCCATATATTGCATGGGGGT
1267	TCGAAGCCTTGTTGAGCTTCACAAAGGTTC
1268	AAGGTTCCATTGAAGATTTGACGAAGGCGA
1269	TTGGCGTTTGTCATCAGAATCAGAGGGTAA
1270	AGATGTACAGAACTGAAATTCGAATGGCGA
1271	TCTTTTTCCGGCTGGAACCATGGAGGGTGT
1272	TTTCTGCCCAGCCGAAAGGAAAGAAGGCCA
1273	CCCAGCCGAAAGGAAAGAAGGCCAAGGGAA
1274	TGAAGAAGCAGGAGGCTAAGAAAGTGGTGA
1275	CGGCAGAGAGCCATCCTCTATAAGCGGCTG
1276	CTGGGTGAACTGGTTAATCGCAGGAGGCAC
1277	CTCCTGCGATTAACCAGTTCACCCAGGCCC
1278	GCTTTGTCTCTGGTCTGTACTTGTGGGCCA
1279	AGCAAGAGAAGAAGCAGAGACTGTTGGCCC
1280	GGCCCGGGCCGAGAAGAAGGCTGCTGGCAA
1281	TCTTGTTCTCCACCAAGGTGGTGACGGTGT
1282	GAGCTTTCTTGTTCTCCACCAAGGTGGTGA
1283	TGGTGGAGAACAAGAAAGCTCAGCTGGTGG
1284	AGCTGGTGGTGATTGCACACGACGTGGATC
1285	AGGGCAGGCAAGAAGACAACCAGCTGGAAG
1286	TCCCTTACTGCATTATCAAGGGAAAGGCAA
1287	GCGACAGTGGTGCAGGTCTTCCTGTGGACT
1288	AGTTCACCTGTGTGAAGGCGACAGTGGTGC
1289	GTACTTACGAGTTCACCTGTGTGAAGGCGA
1290	CTTTTAGGGAAGACAAAGGCGCTTTGGCTA
1291	GTTCCCCGGAGACGTCCAGTCCGGCGGGCA
1292	CAGGGGCATCTCTGCGGATGGTGGAGGGCT
1293	AGAGGAACTGCTGGCCACGAGTACGGGGTG
1294	AAATATAAGGCAAAGAGGAACTGCTGGCCA
1295	AATTGACAAACCCATCTTGAAGGCTGGCCG
1296	CCCTACAGGTGTGGTGGCTGGAGGTGGCCG
1297	CACCAACCACAGCTCTGTTGGCTGAGGAGA
1298	CTGAGGAGATAACCTTCTTGGAGCCGGAGG
1299	CGTGGCAAGCTGGCCCGGGCATCAGGGAAC
1300	CCTGATGCCCGGGCCAGCTTGCCACGGTCT
1301	CCTGGAGGAGAAGCCTGGAGACCGTGGCAA
1302	AGGGTACAATCGTGTGCTGCCTGGAGGAGA
1303	CAGGCAGCACACGATTGTACCCTCAGGCAT
1304	CAACATTGGCAATGTGCTCCCTGTGGGCAC
1305	TCCCCTTGCAGCCCAGCTCAACATTGGCAA
1306	CAAACTGGCCCGTGTGAATGCCCTCGGCGG
1307	ACTGGCCCGTGTGAATGCCCTCGGCGGCAA
1308	GACGGAGCTGTTCATTGCCGCCGAGGGCAT
1309	GATACGGATCCCGGAAGACCACCTTGGCGA
1310	CCCACAGGACATCATCCACGACCCGGGCCG
1311	ACGGCTACATCAAGGGCATCGTCAAGGTGC
1312	CGCTGAGCGGCACGGCTACATCAAGGGCAT
1313	CGCCGTGGATTTCGCTGAGCGGCACGGCTA
1314	CTGCGCGCCGTGGATTTCGCTGAGCGGCAC
1315	CCGCGCGCACGTGAAGCACCGTAAAGGCGC
1316	TCACGTGCGCGCGGAACACAGACCCGGCGC
1317	GATCCGTGGACAGAGGAAGGGCGCCGGGTC
1318	CCGTGTGATCCGTGGACAGAGGAAGGGCGC
1319	TCTGTCCACGGATCACACGGCCCATGGCGA
1320	CCAGAAAGATGAATTAATCCTTGAAGGAAA
1321	TATCCGCAGGGTTCGGATGAGACCAGGTAT
1322	ATTTCAACAAGAGACCCATTCTCCTGGATA
1323	GCATACACAGACCTCATCTTGTAACGGAAG
1324	ACATAGGGCTTCCGTTACAAGATGAGGTCT
1325	AGAACATGATCAAGGGTGTTACACTGGTAA
1326	TAGTCATGTACAGAACATGATCAAGGGTGT
1327	GTACATGACTACAAATAGTCCGAACGGTAG
1328	AACAGAAAGGAACTGGCTACCGTTCGGACT
1329	TACAGCTCCGGGTTGACAAATGGTGGGGTA
1330	TTGATGTGATTGAAGTCCCTCCGCAGGGTT
1331	TCTTCTAGTCGACATTACTCTGAAGGGACG
1332	GATGTGCTTTCTCTTACAGAGAGGCGGATT
1333	TAGCTGGTGCCGACAAGAAAGCCGAGGCTG
1334	CACGTGGCACAGCACTCCGTCTGTAGGTAT
1335	GAGCGACCTGCGAGACTCACAAGAGGGGAA
1336	CGCCGTAGCCGTCCAGAGACTGGCAGGCCT
1337	CCAGTCTCTGGACGGCTACGGCGTAGGGTG
1338	GCGTAGGGTGGCAGGCACAATCTCCGGGGG
1339	AGATGAAGGTAATCACGGAGATACTGGATA
1340	CACGGAGATACTGGATACCCTCATTGGTAA
1341	AGATACTGGATACCCTCATTGGTAAGGTAC
1342	TTTCTACTGGTACCTTACCAATGAGGGTAT
1343	TAAGGTACCAGTAGAAATGTCTCCAGGCAA
1344	CTCTCAAGTCCCGAGGCTACGTGAAGGAAC
1345	TGCCTTACAGTCTCTCAAGTCCCGAGGCTA
1346	GCATGGCCTTCATGACATGAAGGTTGGGCA
1347	GCCAGCTCCGGGTGCTTAGGCATGTGGACA
1348	AGGAGGGAGTCATGGTGGCCAAGAAGGATG
1349	AAAAGGAGTTCATAAATGGCAATCCGGTTC
1350	GGGTCCTGCTGGGAGAAACTGGCAAGGAGA
1351	GAAACTGGCAAGGAGAAGCTCCCGCGGTAC
1352	CGCGGTACTACAAGAACATCGGTCTGGGCT
1353	TCGGTCTGGGCTTCAAGACACCCAAGGAGG
1354	CTCGAATGGACACATTACCAGTGAAGGGGC
1355	CGGATGTAGTGCAGATAGTCTCGGCGGATG
1356	ATGTTCTTGTGGCGCTTCTCGAAGCGGTTG
1357	GGGCCACTGCGCTCACCTGAAGCAGGGGGA
1358	AAGCGCACTGTCTTGCTCAGAGGCCGGCAC
1359	GCTTCAACGTGCTCAAGGTCACCAAGGCTG
1360	CGTGCTCAAGGTCACCAAGGCTGCCGGCAC
1361	ACTTCTGGAACTGCTTCTTGGTGCCGGCAG
1362	CACGTGCTAGGCCATCGTGGATGAGGGCAG
1363	CCTCATCCACGATGGCCTAGCACGTGGAAT
1364	GATGCAAGCACACAAAGATGGGCTTGGCGC
1365	AGTTGGATGCAAGCACACAAAGATGGGCTT
1366	AGCCTATGTATGTCAAGTTGGTGGAGGCCC
1367	CAACAAGAAACTAGGAGAATGGGTAGGCCT
1368	TTAAGGACTATGGCAAGGAGTCTCAGGCCA
1369	GTGAATCATCTACAGCCTCTGCCCTGGTCG
1370	GAAAGCATCTTGAGAGGAACAGAAAGGTAA
1371	GTTGCTGTTCGAAAGCATCTTGAGAGGAAC
1372	TGAAGTTGACATCTGACGACGTGAAGGAGC
1373	TCCCCAGGAAGGGCCTGTCCCAGTCGGCTT
1374	ATCATGGGTCGCATGCATGCTCCCGGGTGA
1375	CTCGGGTATGAAGATCGGGCGGATTGGTAA
1376	CCCAGGATGTGGCCCAGAGGTGCAAGGAGC
1377	CTGGGCAGCCAACATAGCAGCATATGGTGA
1378	GTGTGACTGGTGGGATGAAGGTAAAGGCAG
1379	TCTGCCGTGTGACTGGTGGGATGAAGGTAA
1380	GAAACCATCTGCCGTGTGACTGGTGGGATG
1381	CACTTGCCAGAAAGATCAGTGACATGGACA
1382	GTGTCATTGAAGGATGCAAAGATATGGCAG
1383	CAGCCTCGGACCTCAGGTGGCTGAAGGAGA
1384	AGGTCATCAGCCTCGGACCTCAGGTGGCTG
1385	CGCCGCGGTAGGTGAACTTGCGGAAGGTCC
1386	GCTGGTCGAGGTCCACGCCGCGGTAGGTGA
1387	CTGTACAGTGCGCGCCAGCGGCGGCGGCTG
1388	AGGAGGCGCCGCCCATGGAGAAGCCGGAAG
1389	CGGAAGTGGTGAAGACGCACCTGCGGGACA
1390	TCGGGTAGGATGATCATGTCCCGCAGGTGC
1391	GGGACATGATCATCCTACCCGAGATGGTGG
1392	ACCATGCTGCCCACCATCTCGGGTAGGATG
1393	GGGCAGCATGGTGGGCGTCTACAACGGCAA
1394	TCTACAACGGCAAGACCTTCAACCAGGTGG
1395	GTGATGGAGAACTCGCCCAGGTAGTGGCCG
1396	TTGTAGGTGATGGAGAACTCGCCCAGGTAG
1397	CTTCATGGTCCATGATGCCAGCTGAGGTTG
1398	TTTCATTGTACTGACAACCTCAGCTGGCAT
1399	GATTTGACGTGCAACTCAAAGACCTGGAAA
1400	AAAATTGTTGTGAACCTCACAGGCAGGCTA
1401	GTTTCTCACTGTGATGATGAAGCATGGTAA
1402	TGCTTCATCATCACAGTGAGAAACCGGACG
1403	CAGTGAGAAACCGGACGATGACTTTGGAGC
1404	AGGCCGTGCTCCAAAGTCATCGTCCGGTTT
1405	TTGGAGCACGGCCTAATAAGCACCTGGCGT
1406	CCACAATGGTGCGCATGAATGTCCTGGCAG
1407	TTGAGTCACGATGGGCTTATCGGTAGGATT
1408	CGAGGGTCAGCTACCAGCAGGGTCCGGTCA
1409	AGCAGGGTCCGGTCATACTGGATGAGGATG
1410	TCTGGTAATAGGCCACCAGGGCTTTGGAGA
1411	TCCGTCAGTCCATCTCCAAAGCCCTGGTGG
1412	AGCGTGCGCGGCTCAATCATCTCCAGGGGC
1413	AATGGTCTCATCAAGGTGAACGGGCGGCCC
1414	GCAAACGCGGCAATGGTCTCATCAAGGTGA
1415	GACAGCTGTGGCGCACTGCAAACGCGGCAA
1416	TCTTACAGAAGACAGCGACAGCTGTGGCGC
1417	ACTGCAGCGGGCCCTTGGACGGCATGGCTC
1418	CGTTTTGAAATTCATCCCAACTGTAGGCTG
1419	CTTCAGGTCACTCAGCCTACAGTTGGGATG
1420	AGGTTGGACAGACTGCCGAAGTCCTGGAAC
1421	CTACTTCAATAATCTCCTGATCCAAGGCTG
1422	CCTTGTAGGTCTCAGCCTTGGATCAGGAGA
1423	AAAGGAGAGACAATTATGTTCCTGAGGTAA
1424	GCATCTGATGAAGCGAATTCAGAGAGGCCC
1425	TTGTTCGTGTGGAAGTCGTTGCCCAGGCGC
1426	GCGAGTACTCAACACCAACATCGATGGGCG
1427	TTACCTTAATGGCAGTGATGGCAAAGGCTA
1428	CTTCACTTACCTTAATGGCAGTGATGGCAA
1429	GTGTGGGCCGAAGATATGCTCATGTGGTGT
1430	AAAGCAGACATTGACCTCACCAAGAGGGCG
1431	AGACATTGACCTCACCAAGAGGGCGGGAGA
1432	GTGAGTTCTCCCGCCCTCTTGGTGAGGTCA
1433	GGGCGGGAGAACTCACTGAGGATGAGGTGA
1434	ATAATGGTGATCACACGTTCCACCTGGCAG
1435	AAGAACCAGTCTGGGATCTTGTACTGGCGT
1436	TTCTGTCTGTTCAAGAACCAGTCTGGGATC
1437	CAGACTGGTTCTTGAACAGACAGAAGGATG
1438	CCTCTGAATCCAGGTCCTAGCCAATGGTCT
1439	CACGGAGCTTGTTGTCCAGACCATTGGCTA
1440	TGGACAACAAGCTCCGTGAAGACCTGGAGC
1441	TTCTTCAGTCGCTCCAGGTCTTCACGGAGC
1442	TTGGTGTGCTGGCCTCGGACACGAAGGCTG
1443	GCACACCAAGACCACTGGCCGCCGTGGCCG
1444	CCACGGTGCGGCCACGGCGGCCAGTGGTCT
1445	GGCTCCAGCTGTGGCTACAACATAGGGTTT
1446	TGCAGCGGACTCAGGCTCCAGCTGTGGCTA
1447	ACCCACACCAGAGTCTCCGTGCAGCGGACT
1448	GAGACTCTGGTGTGGGTCTTGACGAGGTGG
1449	CGAGGTGGTCAGTGAACTCCTGATAGGGAG
1450	TTGGTGAATACAGTCTCCTTCCAGAGGTCG
1451	GAATACAGTCTCCTTCCAGAGGTCGGGGGT
1452	TCAGGTAGCTGTAGGTCTTAGAAATGGCAT
1453	TCGATGACTGCTACACCTCAGCCCGGGGCT
1454	TGGTACGCCTCATCCCTGCACCCAGGGGCA
1455	AGGCGTACCAGCACAGAGCCGCAGCGGCCT
1456	CAGCCTACCTTGCAAGGGACAGTGTGGGGC
1457	CGATGGAGAGCTTGGCCAGGATGATGGCCC
1458	TGGGTGTTAAGTGCTCCAAGGAGGTGGCCA
1459	TCGGTCTGGGTGTTAAGTGCTCCAAGGAGG
1460	GAGCACTTAACACCCAGACCGACGTGGCCA
1461	GGACTACAATGGCCACGTCGGTCTGGGTGT
1462	CAGGACAGCCGGGTACCTTGAACCTGGTGC
1463	GCCAGTGCAGAAGCAGACCCGTGCCGGCCA
1464	AGGACATGAAGATCAAGTCCCTGGAGGAGA
1465	TCACCAAGTTGGGCCGCTTGGTCAAGGACA
1466	TCGGCCTTGCCTCCGCGAGCTCCGCGGCCT
1467	GCGGAGGTTTCGGCAGTGGCATCCGGGGCC
1468	CGGATGCCACTGCCGAAACCTCCGCGGAAG
1469	CGGGGGCCCTGGTGGCCCTGGGATGGGGAA
1470	AGATGCAGAACCCATGGATACAGAGGGCCA
1471	TCGAATCTACAGATGCAGAACCCATGGATA
1472	AATAGTTGACTTAAGCATCTGCAATGGTGA
1473	AATGGTGACTTCCACCTCAACTCCTGGCTC
1474	TCAGTATTGAGCCAGGAGTTGAGGTGGAAG
1475	CTTGTGGTGAAGGTTCTAAGACGTGGGATC
1476	CCACGTCTTAGAACCTTCACCACAAGGAGT
1477	CCCTCCGATTTACTTTACCTTGGTAGGCAT
1478	TGTAGTGTGTGCTGACTTGATAAGAGGCGC
1479	GAAAAACACCCGTGGAGCCGGAGGTGGCAA
1480	CTAACTGTGCCCGATGCGTGCCCAAGGACA
1481	AACATAGTGGAGGCCGCAGCAGTCAGGGAC
1482	CTTCAGAAATGTCCCTGACTGCTGCGGCCT
1483	CATTTCTGAAGCGAGCGTCTTCGATGGTAA
1484	TCACATACAGCTTGGGAAGCACATAGGCTA
1485	GTAATGTAGCTTCACATACAGCTTGGGAAG
1486	CTTTAAGAACTCAGCTCCTTACATGGGCTT
1487	ATCTCCTTCATCCCTCTCCAGAAGAGGAGA
1488	AGAGGAAACACAAGAAGAAACGCCTGGTGC
1489	CTGGGCATTTCACATCCATGAAGTAGGAAT
1490	CTACTTCATGGATGTGAAATGCCCAGGTGA
1491	CCGTTTGTGCATGGCTAAAGACCGTGGTGA
1492	CTCCTGTAGGCTGGCAGAGGACAGTGGAGC
1493	CACTGTCCTCTGCCAGCCTACAGGAGGAAA
1494	GCTTTTAGTGCTGCTTCCTCCTGAAGGAAC
1495	ATGTAAAGGCCAAGATCCAGGATAAGGAAG
1496	CTTTGCTGGCAAGCAGCTGGAAGATGGACG
1497	TCTTGTGCTTATTCTTCTTGGGAGTGGTGT
1498	AGAAGAATAAGCACAAGAGAAAGAAGGTTA
1499	TCATCAGAAGGGCACTCTCGACGAAGGCGA
1500	TCGAGAGTGCCCTTCTGATGAATGTGGTGC
1501	ACCCCAGCACCACATTCATCAGAAGGGCAC
1502	AAGTCACTTTGACAGACATTATTGTGGCAA
1503	TTTCCGTCAGTACGCGAAGGATATCGGTTT
1504	GCCAGTGTTTCCGTCAGTACGCGAAGGATA
1505	TTCGCGTACTGACGGAAACACTGGCGGCAC
1506	CGGAAACACTGGCGGCACATATTGAGGCCA
1507	CGCGGGTGGCTCCAGTACAGCTGCTGGTGA
1508	AAGATGGGTCACCAGCAGCTGTACTGGAGC
1509	TCTTACTCGGGAGCTGGCTGAAGATGGCTA
1510	GTTGAGGTGCGAGTTACACCAACCAGGACA
1511	CAGAATGTTCTTGGTGAGAAGGGCCGGCGG
1512	ACAGCAGTCAGTTCCCGAATCCGCCGGCCC
1513	GAACTGACTGCTGTAGTTCAGAAGAGGTTT
1514	GACTGCTGTAGTTCAGAAGAGGTTTGGCTT
1515	TTCAGAAGAGGTTTGGCTTTCCAGAGGGCA
1516	GGGCAATGGCACACAGACCTCTAGTGGCCA
1517	CTAGAGGTCTGTGTGCCATTGCCCAGGCAG
1518	AACGCAGAGACTCTGCCTGGGCAATGGCAC
1519	GTTTGTAACGCAGAGACTCTGCCTGGGCAA
1520	AGAGTCTCTGCGTTACAAACTCCTAGGAGG
1521	AAACTCCTAGGAGGGCTTGCTGTGCGGAGG
1522	TAAAGGGCCTGCTATGGTGTGCTGCGGTTC
1523	GGTTGTGGTGTCTGGGAAACTCCGAGGACA
1524	TGTGGATGGCCTGATGATCCACAGCGGAGA
1525	TAGTAGTTAACAGGGTCTCCGCTGTGGATC
1526	GCAGTGTCAACGTAGTAGTTAACAGGGTCT
1527	ATCAAGGTGAAGATCATGCTGCCCTGGGAC
1528	GCCAATCTTACCAGTTGGGTCCCAGGGCAG
1529	CTCTCTGACCAGCACCATGGCGGTTGGCAA
1530	GGCGCTTGTTCTTGCCAACCGCCATGGTGC
1531	TGGCAAGAACAAGCGCCTTACGAAAGGCGG
1532	AAAGACGCTCGTCACCAGGACCCAAGGAAC
1533	TAAAAACTGCCTGACTAACTTCCATGGCAT
1534	ACTGCCTGACTAACTTCCATGGCATGGATC
1535	TTGTCACGGGTAAGATCCATGCCATGGAAG
1536	TCACGTTGATGTCAAGACTACCGATGGTTA
1537	AGAACAGACGAAGCAAGTAACCATCGGTAG
1538	TCCATCATCTTCTTCCGGATTTGGCGGACC
1539	AGATGATGGAAATCATGACCCGAGAGGTGC
1540	TGCAGACAAATGACTTGAAAGAAGTGGTCA
1541	TTGTCTCTCTCTTCAGCAATGGTGAGGCGG
1542	CGTGGTTCACGTGAAAGATGCCAATGGCAA
1543	ATTGGTGTGATCACCAACAGAGAGAGGCAC
1544	TATGGTGACTGGAGGTGCTAACCTAGGAAG
1545	CCTAGGTAACCTGTGTATGGTGACTGGAGG
1546	TACTGATTTCATCAAGTTCGACACTGGTAA
1547	GCGGGCATCATGAGTCACCAGATGAGGGAT
1548	TACGATGTACAGCAAAGCGACCCTTGGTGT
1549	TTTCCGTCTGATCTATGACACCAAGGGTCG
1550	AGATGTCATCAGCATTGACAAGACGGGAGA
1551	TCTTACCCATGAATCCAGCAGGGTAGGTTA
1552	GAAGTAAAGAAGATTTGCATGCAGCGGTTC
1553	AGGGGGAGACACTCTCTCAACTTGTGGGGA
1554	GTTACAGGCTCCTCGTCCATCCACCGGTCC
1555	TATATAAGATACTTACAAACACACCGGTCA
1556	AAGCGGGTGGCAGCTCCAAAGCATTGGATG
1557	GTCCCAAGAAGCATCTGAAGCGGGTGGCAG
1558	TCACCCTGTCCCAGGATGACCGAGTGGGAG
1559	AGTGGGAGACAGCAGCACCAGCGGTGGCAG
1560	CCAGACATCAAGCTCTTTGGGAAGTGGAGC
1561	TGCAGATCAATGACATTTCCCTGCAGGTGA
1562	GGCGGCATACCGCCCTGCACTGTGAGGCAG
1563	CCGTGCATCATCATGGAGTTAGTGAGGCGC
1564	CTGTGAGCAGGTGTATGATCTCGAAGGCAT
1565	AGATCATACACCTGCTCACAGGCGAGGTAG
1566	ATGGCGTTCACCAGGACCTGCAGAGGGTTC
1567	GCCCAATGCGTGTGGAGTCCTCCCGGGGAC
1568	GGCGCGCCGGGACTGTGAGACGACAGGCTG
1569	CCGGGACTGTGAGACGACAGGCTGTGGATG
1570	CTAGGCCATCTGGCTGCTGTGCACAGGCGC
1571	GGCTGCTGTGCACAGGCGCTCGTGAGGCTG
1572	CAGCAATGGTCTTAATGTTCCGGAAGGCAG
1573	GCTCATCTGCCAGGCACTCAGCAATGGTCT
1574	AGAAGAAGGACGAGCTGGAGCGTGTGGCCA
1575	TTTAAGGGCTTTCTTACAACATACTGGCGG
1576	AGGCACTGTAGTATCAGTCAGTCCAGGAAT
1577	CTTCTAAGGAGAGAAGGATATTCCTGGACT
1578	TTCCTGTTACAGACCAAGGAGAACTGGAGA
1579	AAGGGGCATTCCTGTTACAGACCAAGGAGA
1580	CCGTGTCCGCCTGCTACTGAGTAAGGGGCA
1581	CATGAAGCAGGGTGTCTTGACCCATGGCCG
1582	AATCAGTGGTGGGAACGACAAACAAGGTTT
1583	GGTTATGTGGTCCGAATCAGTGGTGGGAAC
1584	CACAGAAGTTGCTGCTGACGCTCTGGGTGA
1585	CCAGAGCGTCAGCAGCAACTTCTGTGGCCA
1586	CTTCAATGAGTTTCTGGCAGCCAGTGGCTG
1587	ATGAGTTTCTGGCAGCCAGTGGCTGGGAAG
1588	GCTGAACATCTCCTTCCCAGCCACTGGCTG
1589	ACGAGTTCGAGTCCGGCATCTCCCAGGTGA
1590	AGCTGGAGATGAACTCGGACCTCAAGGCTC
1591	AACTCGGACCTCAAGGCTCAGCTCAGGGAG
1592	GGGAGCTGAATATTACGGCAGCTAAGGTAA
1593	GGAAGCATGTCGTCTTTATCGCTCAGGTAT
1594	TTGGGAAGACCAAGTCCTCAAGGATGGCAT
1595	ACTTGGTCTTCCCAAGCGAAATTGTGGGCA
1596	TGGACAAAGCACAGCAGAACAATGTGGAAC
1597	CACAGCAGAACAATGTGGAACACAAGGTAA
1598	TTTCTGGTGTCTATAAGAAGCTCACGGGCA
1599	CCCAACTCATACTTCCGCTTCTTGTGGTAG
1600	TGGGGCGCCCAGCTGCCAACACCAAGGTGG
1601	CCACGCTCGCACCCACCTTGGTGTTGGCAG
1602	GCACACGGACTGTGTGGATGCGGCGGGGGC
1603	GGTAACAAGAAATACCGTGCCCTGAGGTTG
1604	ACGAGCTGGTTCGTACCAAGACCCTGGTGA
1605	TGAGCACGATGCAATTCTTCACCAGGGTCT
1606	ATCGACAGCACACCGTACCGACAGTGGTAC
1607	GCATAGTGGGACTCGTACCACTGTCGGTAC
1608	CGCACCAGCTTGGCTCCCTTCTTGCGGCCC
1609	ACAGGGAAGTAACACGCACCAGCTTGGCTC
1610	GTCTCCTGGAGGAGCAGTTCCAGCAGGGCA
1611	CATCGCTTCAAGGCCGGGACAGTGTGGCCG
1612	GCCATCTGCTCGGCCACACTGTCCCGGCCT
1613	GCTATGTGCTAGAGGGCAAAGAGTTGGAGT
1614	GGGGAAGCGGAGCCAACATGCCAGTGGCCC
1615	AGCGGAGCCAACATGCCAGTGGCCCGGAGC
1616	GCGACAAACCCAGCTCCGGGCCACTGGCAT
1617	AAGTTTTGCGACAAACCCAGCTCCGGGCCA
1618	CGAGATTTCTCGAAGGGTCTCCGCGGGGTC
1619	TCCCCACCAGGCGAGTATGGGCTCCGGAAC
1620	AGTATGGGCTCCGGAACAAACGTGAGGTCT
1621	AGGTCTGGAGGGTCAAATTTACCCTGGCCA
1622	AATTTACCCTGGCCAAGATCCGCAAGGCCG
1623	CATCAAGCGTCAGCAGTTCCCGGGCGGCCT
1624	CTGACGCTTGATGAGAAGGACCCACGGCGT
1625	GAAGGACCCACGGCGTCTGTTCGAAGGTGC
1626	TACGCACCTTCGAACAGACGCCGTGGGTCC
1627	CTCTTCCCAGGCAACGCCCTGCTGCGGCGG
1628	CCTGCTGCGGCGGCTGGTCCGCATTGGGGT
1629	TGCTGGATGAGGGCAAGATGAAGCTGGATT
1630	GCAAGATGAAGCTGGATTACATCCTGGGCC
1631	CCCAGCTTGAAGACCTGGGTCTGCAGGCGT
1632	TGGCCAAGCCCAGCTTGAAGACCTGGGTCT
1633	GGATCAGCACGCGAGCGTGGTGGATGGACT
1634	CGCTGGCGGATCAGCACGCGAGCGTGGTGG
1635	CCGAGGTGGTACCTGATATGGCGCTGGCGG
1636	GAATCCAGGCGGACAATGAAGGACGGGATG
1637	TCTGGGAATCCAGGCGGACAATGAAGGACG
1638	TTCTTGGCATTCTTCCTCTTCACGCGGCCC
1639	ACACCTCGGCAGAAGCGAGACTTTGGGTAC
1640	AAAAGTGGATGAGTTTCCGCTTTGTGGCCA
1641	ATGAGTTTCCGCTTTGTGGCCACATGGTGT
1642	AAAGATGGCTTCCATATCCGGGTGCGGCTC
1643	CTTGTTGATGCGGATGACGTGGAAGGGGTG
1644	GCACAGGACAACATCTTGTTGATGCGGATG
1645	CCAAAGGCACCTCGCATGCCTGTTTGGAGC
1646	TCACATGCTCCTTGTTCTGCAGCTTGGTGC
1647	GCGCAGGGCCAAGTTCAAGTTTCCTGGCCG
1648	AGCACTACATACCTTCTGGCGGCCAGGAAA
1649	CTTCAAATTCATCAGCATTGAACTTGGTGA
1650	CCACTTGTCCAGAGGGCCACGATTGGGGAT
1651	AGGTGGACAGGAAGTAGAATTTATTGGTGA
1652	GTAGATACAAAGACATAGGTGGACAGGAAG
1653	AGAATGTAGATACAAAGACATAGGTGGACA
1654	ATGTCTTTGTATCTACATTCTTGACGGGGA
1655	GAAGGAACTTCCTCTGGGAACCTTTGGGTC
1656	GGGCAATGACCCAAAGGTTCCCAGAGGAAG
1657	TGAAGTGAAAGGGCAATGACCCAAAGGTTC
1658	TCATTGCCCTTTCACTTCAGAAACAGGTTG
1659	GTTGACAACTCAGCCCTGCTCATGAGGCAG
1660	CCCCCCTCCTCTCTCGAAGGTTCCTGGAGA
1661	TGCCCGAGAAGCGCTTGTCCTTCTGGGGAT
1662	AGCACTGTGACGAGGCTAAGGCCGTGGATA
1663	CCTTCTTCATTTGGAACTTGATTGTGGACT
1664	TTCCCTCCTCCCAGGTGTTATGTCTGGCTG
1665	ACATTCACCTGGCTGTCAACTTCTTGGTGT
1666	TGCCCATGGTGCTCTTGATATATAAGGCCC
1667	ATTTATTCAAATGTGCCTTAATATAGGCGC
1668	TACACTGTCAGATCCTTTGGCATCCGGAGA
1669	GAGGGGCCAAGGCAGAAGAAATCTTGGAGA
1670	AAGAAATCTTGGAGAAGGGTCTAAAGGTGA
1671	GAAACGGGAATTTATTTGCCAGGAAGGATG
1672	TCCTGCTCTTACCAGAGAGTTCTCTGGCTA
1673	GTTTTTCTGTTTCTTTCTGTCTCTTGGTGG
1674	GGTTCCTTGAGGGCTTTGATGATCAGGGCA
1675	GCTTCAAGACCATGCCATTCCGGCTGGGCG
1676	GCCGCTGCCAGTCCTTGTGGAAGTGGGGCT
1677	GCCACGCGCCGCTGCCAGTCCTTGTGGAAG
1678	CACCTGCGGATCTTACGGGCCGGCTGGTTG
1679	CGATGCGGCGCGCCTTGGCTTGCCGGGCCT
1680	GGGGCAGCGCACGATGGGCCGGATGGGACC
1681	CTCCGTGGACTTGTTCCGCCTCCTCGGATC
1682	GAGTCCCTGCAGGCCAACGTGCAGCGGCTG
1683	CGGGCATGACCGGTCCGGTCAGCTGGGTGG
1684	TCAAAGCCTTCGCTAGTCTCCGTATGGCCC
1685	AAAGAGCCAAGGAAGCCGCAGAACAGGATG
1686	GTCGAGGCCATCTCCTGGGCCGCCTGGCGG
1687	GCCTGGCGGCCATCGTGGCTAAACAGGTAC
1688	ACGCTGTGAAGGCATCAACATTTCTGGCAA
1689	GGTCCAGAGCGGCCTGGCCTCGCTTGGTTT
1690	CAAACACCTTGAGACGGTCCAGAGCGGCCT
1691	CAGACGCACGACCTTGAGGGCAGCAGGAAC
1692	TAAGCTGGGACTCACCTTTCTTGTAGGCTT
1693	TACTTCCAGCCAACCTCGTGAGCCAGGCGC
1694	TGCACTTATTCTTGGCAGAGGCTACGGAAA
1695	ATTCTTGGCAGAGGCTACGGAAACAGGCCG
1696	CAATTTTCTTCTCCACGTTCTTCTCGGCCT
1697	TCAGGCGCTTCGTGGAGGTTGGCCGGGTGG
1698	ATTGTAGATGTTATTGATCAGAACAGGGTA
1699	CACCAGAAGTATGTCCGACAAGCCTGGCAG
1700	CCCTTTCTCTGGCTTCAATCTTCTTGGCCC
1701	TTTCTGGGCAGGAACCTTCTGGGCTGGAGC
1702	GTGGCTTTCTGGGCAGGAACCTTCTGGGCT
1703	CTGCTTTCTGGCCTGTGGCTTTCTGGGCAG
1704	GAGCAGGCGCTGCTTTCTGGCCTGTGGCTT
1705	GCTTTTGGAGCAGGCGCTGCTTTCTGGCCT
1706	GAAAGCACCTGCTCCAAAGGCATCTGGCAA
1707	TTATGCTTTCTTGCCAGATGCCTTTGGAGC
1708	AGGCTTGCCGTAAGTTGCACCCTTAGGAAC
1709	TGAAGGCTTCGAGCAAACTTTAGCTGGTTA
1710	TTTTTTCCTATTCTAGGAGCGAGCTGGACG
1711	TCAGGATTTCTTCTGATAGCTTTATGGAAT
1712	TGGTTTGGTGATCCACTGGGTGTCAGGATT
1713	AGCCCACGCATCTCCCTGTGCTTGTGGACT
1714	TGCAGGCCGAAAGAGCCGTGGCCTTGGAAA
1715	AACTTGTGGCCCTTTCCAAGGCCACGGCTC
1716	ATTGGTGGCTCTCGCCGGGCAGCTTGGAGA
1717	CCTGAGTGAGAGTGAGACTCCATCTGGAAA
1718	GATGGAGTCTCACTCTCACTCAGGTGGGAG
1719	TTCTTCAGTTTCTTCTGGGATATCTGGGGA
1720	TTTCTTCTGGGCAACCTCCTCTTCTGGTTT
1721	CTGGGCAACCTCCTCTTCTGGTTTAGGAAC
1722	CGCATCTTAGGTGCTTTGTTCACTTGGATA
1723	CCATTTTCTTTCAGGCCAAGCAATGGGGCT
1724	AACTCCACCATTGTAACGTCGGAATGGTAC
1725	GTTCCAATCTTCGTGTTCACTTTAAGGTAT
1726	TTATTTTCTAGCATGCAAATCAAGAGGTTC
1727	TGGCACGCTCGAACTTCCGGCCCTTGGAGC
1728	AGCAGGACAGTGCCACAGCCCTTAGGGGAG
1729	GCAAGATCCTCACTTTCGACCAGCTGGCCC
1730	CCCCCTGCCCTGAGGATGCGGCTGCGGGCC
1731	TATGTGCACTGCGCGTGACCAGCCGGGCCC
1732	GCCCCCGCCAGCTCACCTTCAGTTTGGGTA
1733	CCATAACTGATGATGTGCGGGTTCAGGAGG
1734	CCTGAACCCGCACATCATCAGTTATGGTCC
1735	TAAGATCCGGAAGATGAAGCTTCCTGGCCG
1736	AACCGGCCGCCTCTGTCCCTTTCCCGGATG
1737	AGGTTGTTTATGAGTCGCACCAACCGGCCG
1738	GGTTGAATGTGGAGTTGGTTCTTCTGGCCA
1739	CTTCTGGCCAGAAACCTGTATAACTGGAGG
1740	GTCTTCCCGTCCCTCCAGTTATACAGGTTT
1741	AGCACGCCATGAAGGCCTCGGGCACGGTAA
1742	TCCACAGACCGAGACATGGGTGCCCGGCAC
1743	TGGAGTGGGCTCGGGCGCGGTGCCGGGCAC
1744	TCTCCTCCACCTTCATGATCTGAATGGAGT
1745	GAGATCGCGGCCAGCAAGTGCCGCCGGCCG
1746	TGACAGCCGGCCGGCGGCACTTGCTGGCCG
1747	CCAAGAGGCCCAACACCTTCTTCTAGGTGC
1748	GTGTCCTCCGCTGTGGCAAGAAGAAGGTCT
1749	TATGCTTTCCCAGGTCAGCAGATCCGGAAG
1750	GCAGATCCGGAAGCTCATCAAAGATGGGCT
1751	CGCAAGCCTGTGACGGTCCATTCCCGGGCT
1752	GGAAAAACACCTTGGCCCGCCGGAAGGGCA
1753	TGTGCCTGCCCTTCCGGCGGGCCAAGGTGT
1754	TCCATGTGACCTTCTCTGGCATTCGGGCAT
1755	TCTCCTCATCCATGTGACCTTCTCTGGCAT
1756	AAACTTACGCCAGGAGCTTCTTGCGGGCCT
1757	CTTCCCTGACCAGTGACCAGGCTGAGGCCC
1758	ACCTGCGGGCCTCAGCCTGGTCACTGGTCA
1759	CTTCACGGCGCTTGCGTGCTTCCTTGGTCT
1760	GCAAGCGCCGTGAAGAGCGCCTCCAGGCCA
1761	AAGTCTTGATGATCTCCTCCTTCTTGGCCT
1762	TTCACACGTTTCAGGAAGCTATCTCGGCTC
1763	ATGCTGCCAGCATTGGATGCAATCCGGGGC
1764	TTTTAATGCAGGTTCTGCCATTACAGGACC
1765	CCTACCGGAAGACCCAAGGAAATCCGGAAT
1766	ACACACACCTTCCTTCTTCGCTTTCGGCGC
1767	GGGAGCGCTCTTCCGAGGATATTTGGGCTG
1768	TGATGATAGCATAGTGGTCAAGCCTGGGAG
1769	CAGCCTGTTTAATCTGGTGCTTGTTGGCTT
1770	AGCTTCTTCACAGCCTGTTTAATCTGGTGC
1771	TACTTTATTCCTGCATCTTCTCAATGGTTT
1772	AGGAAGAAACCATTGAGAAGATGCAGGAAT
1773	AAGCCAAATCTCGCCAAGTAGGAAAGGAAA
1774	TGGCGAGATTTGGCTTTCCGTTCGAGGATC
1775	ATTGGCAAAGTAGTCCAGGTTTACAGGAAG
1776	TGGACACTATAAAGGTCAGCAAATTGGCAA
1777	CACACCTGAACTTCATCATCCTTTCGGATG
1778	TAGGGGCCACGTGAGCCACGGCCACGGCCG
1779	CACTTACCTATGCGGCCGTGGCCGTGGCTC
1780	ACCACCAGCATTACCGCGGCCGCCGGGGTG
1781	ACTTACTATTTGTCGAAGTTGATCCGGTGG
1782	TCTTCCTAGCCACCCAGGCTACTTTGGGAA
1783	CCAACTGTCAACCTTGACAAATTGTGGACT
1784	TCTTCTAGGGCTACTACAAAGTTCTGGGAA
1785	GCCTTCACGATGACAGGCTGCTTTGGGAGC
1786	CCTCAGCTCTTCTGCTGAAGAATTTGGCCT
1787	TCTGGAAGCGGCCATGGCCAAACTTGGAGG
1788	GTCAGGACCTGCCTCACCTTGCGGAGGGTG
1789	TGCGGAGGGTGAGCACCCGCTTCTTGGTTC
1790	GACCAATGACTTTGTCATGCTGAAAGGCTG
1791	TTGATCAGCTTGCCGTCCTTGATAAGGTAG
1792	TGGCCAGGGCTACCTTATCAAGGACGGCAA
1793	CATTCAGATTTATAAGATTGGCCAGGGCTA
1794	GGCCTGCGCAAGGTGGCCTGTATTGGGGCA
1795	ATACAGGCCACCTTGCGCAGGCCTCGGTGG
1796	GCAGCTTCTTGGTGTGCCAACGACTGGTGA
1797	CAGGATGAGATGATCGACGTCATCGGGGTG
1798	TCTCGCGGGCCCAGTCCAGCTTCTCGGCCA
1799	TCGGCCACAGTGCCTCCGTTCACCTGGATC
1800	CCTGAAGGCATAAATCTAAGAAGAAGGCCT
1801	TGTGCTCAGCAAAGACAGTCTTGAAGGTCC
1802	GCAGGAAGCCGAGGGACCCATGTCTGGGAG
1803	TGATCAGACAAGGCAAAGCGAAATTGGTCA
1804	CCGCCTCACTCACCGTCTTCTTTGCGGCCA
1805	CCATCGTGGAAAGAGCTGCCCAACTGGCCA
1806	GCAGCTCTTTCCACGATGGCTTTGCGGTTC
1807	AGCACTTCCAGCTCCTTGACGTTGTGGACC
1808	TCCAGCTCCTTGACGTTGTGGACCAGGAAC
1809	AAGCACATGCTGCCCAGTGGCTTCCGGAAG
1810	TACGAACCCTGTTGTCAATGCCTCTGGGTT
1811	CTGACTGGTGCCGGATGAACTTCTTGGTTC
1812	ATTTTGGTGCTTTCCCAACCTTCTTGGTAT
1813	TCCAAAACAAAGAAACATGTCAGCAGGGCC
1814	TGTCACGAACACATTTAGCACACATGGAAC
1815	TTCCGCTGCTGCTTCTTGGTCTTCAGGTTC
1816	GCGGCGCATGGCACGTGTCTTCTTAGGCCG
1817	ATGGCACGTGTCTTCTTAGGCCGCAGGTCC
1818	CGTGTCTTCTTAGGCCGCAGGTCCAGGGGC
1819	TAATAACTGTGAGAACACGGGCAATGGATT
1820	GTGAGAACACGGGCAATGGATTTCCGGACG
1821	GCCTCACTTACATCTTAGAGAGCTTGGAGG
1822	TGGAGGCCGCACCGCCTGTCACTTTGGCGA
1823	CCTGTCACTTTGGCGACGCGCAGCTGGGAC
1824	CGCAGCTGGGACAGCTCCACCTTCAGGTCG
1825	CTTTGTGGCCCTTGTTGAGGCCCACGGCCA
1826	TTGCTCACGTTCTTGGTCACTTTGTGGCCC
1827	TGTGCCTGGGCTTGCTCACGTTCTTGGTCA
1828	TGTCCCGCACGAACTTGGTGTGTTTGGTCA
1829	TAAATTTGAGGGCCCGTTTGTCCTTGGAGA
1830	CCGATCGCACTTCCTCATGGGAGTCGGTAG
1831	TCCTATATACTTCCGTTTGCCTCGCGGTTT
1832	GAAAGAAAGAAACCGCGAGGCAAACGGAAG
1833	CTACCATGCTTGCGTGAGCGCTATCGGCGC
1834	CCTTCTTGTACTGTGTCACTTTATGGGGTT
1835	CTTCCTGTCATAACGCCGCTTTCCTGGGAA
1836	TGCATATCCTTACGGCAATTAACTGGGAAA
1837	CAGCATCCTCTTGGATCTGCAGTTAGGCTC
1838	TTCTTTGTGGTCTTAGCCTTCTTCCGGAAA
1839	TTCCGATCATAGCGCCTCCTTCCCTGGGCA
1840	GATTCTTTGTATGCCCAGGGAAGGAGGCGC
1841	CGATCCCGACTTTCTTGGTACGTTTGGCCT
1842	CTTTCCCTCTAGGTTTGGCAGTGAAGGAAC
1843	ATCAAATTTAAGAGTTTATGCAGCAGGCTT
1844	AAAACTCCACTCACATTCCTGGCCTGGCGA
1845	TCACATTCCTGGCCTGGCGAAGAATGGTGT
1846	CTGGCCTGGCGAAGAATGGTGTTCCGGCGC
1847	TGCTCGAAGGGCTCTTTGGATCTCTGGGCT
1848	GATCTGTATTAATCATCTTGTGCATGGGAA
1849	AAGTTAGATGAATTGTACGGCACTTGGCGT
1850	TGCATTTGGACTGAAAGTGCTTTCCGGAAG
1851	ATTATCCTCATTATAGATGATGCACGGGCC
1852	TTCAACTTTATCTTCAACTACCAAAGGAAG
1853	GGTTTTTGTTAGGTCATCGTATTGAGGAAG
1854	AGTGCTGGTAGGGCTGAGGCAGCCAGGGCA
1855	TCACTCTACGATGCCAACGGCGCCAGGTTT
1856	GTCATCAGACTAGTGCTGAGTCTTGGGGTA
1857	GGTGTGAACAAAGTTCACAATATCTGGTCG
1858	ATGTCACTTTGCCTGCTGTATTCAAGGCTC
1859	GGTTTGTTAAAGTTGTTAAGAATAAGGCCT
1860	CAGCATATTGTACTGGCCTGCTGCTGGCCC
1861	TGTACTGGCCTGCTGCTGGCCCGCAGGGTA
1862	GTACTGGCCTGCTGCTGGCCCGCAGGGTAT
1863	TGTGGAAAGCATTGATGGTCAGCCAGGTGC
1864	TAGCGCATGTAATCTGCAACATTCTGGCCC
1865	TCTGTGTCGAAGATCTCACCTTCCTGGTGT
1866	CGAAGATCTCACCTTCCTGGTGTCTGGGCT
1867	GTTGAAGTGGCAATGACAAATTTCTGGTGT
1868	AAATTTCTGGTGTGTTCTTCGTAGAGGAAC
1869	AATAAGCCACTAGCCAGCTGCTTCAGGAAA
1870	GGCGTCCAGTGAGGATGATCAGAATGGTCC
1871	CAGTTTTCTCACGTGCTGACTGAAGGGTTT
1872	CACATCTTCAGTAGGATAATATCTAGGCTG
1873	ATTCTTCTAATAAGCCTGTTGATCTGGTCC
1874	TAACGCTTTGATTGCTCGATCTCTTGGTAG
1875	TTAGTTCATTTACTGACTTCAGATTGGGGT
1876	AACAAGGCTTCGATTAACATGCTGAGGATT
1877	ATGGAGTGAGCCCAAAGGTTCGAAAGGTGT
1878	TGATTCTGATGACAAACGCCAATTTGGGTT
1879	ACGTTTTCTTTCTGCCCAGCCGAAAGGAAA
1880	TCTGCCGCTGCAACCTGATATAGCGGGGCC
1881	GCACTTTCAGCCGCTTATAGAGGATGGCTC
1882	CACCTGTTTGGCGGTCCAGGGCCTGGGTGA
1883	AGAACCTCACCTGTTTGGCGGTCCAGGGCC
1884	GGCCAGCTTAAGCAGCTGAGTAGCTGGAAA
1885	CTGCTTCTTCTCTTGCTTTGTCTCTGGTCT
1886	GAGAAGAAGCAGAGACTGTTGGCCCGGGCC
1887	CCCCTTTGCCAGCAGCCTTCTTCTCGGCCC
1888	GCATTATCAAGGGAAAGGCAAGACTGGGAC
1889	AAGACAAAGGCGCTTTGGCTAAGCTGGTGG
1890	TTGGCTAAGCTGGTGGAAGCTATCAGGACC
1891	CCTCATCGTATCTGTCATTGTAATTGGTCC
1892	GGGTCTCATTGCTGCCCGCCGGACTGGACG
1893	AATGAGACCCACTTTGCGGCCAGCAGGGGC
1894	GCCTTCAAGATGGGTTTGTCAATTCGGCCA
1895	GATACTCACCAACCACAGCTCTGTTGGCTG
1896	TGTTGGCTGAGGAGATAACCTTCTTGGAGC
1897	TTGGAGCCGGAGGGCAGCTTCACACGGGTC
1898	AGGGCAGCTTCACACGGGTCTTCTTGGTCT
1899	CTTCACACGGGTCTTCTTGGTCTCAGGGTT
1900	TGGTCTCAGGGTTGTGGGAGATAACGGTGG
1901	CCGGGCCAGCTTGCCACGGTCTCCAGGCTT
1902	CGTGTGCTGCCTGGAGGAGAAGCCTGGAGA
1903	GGGAGCACATTGCCAATGTTGAGCTGGGCT
1904	CCAGTTTGTGTATTGCGGCAAGAAGGGTTA
1905	TCATTGCCGCCGAGGGCATTCACACGGGCC
1906	CGCTTCTTAAACCGATACGGATCCCGGAAG
1907	CGCCCCTCGCCAAGGTGGTCTTCCGGGATC
1908	GGACATCATCCACGACCCGGGCCGCGGCGC
1909	TGACATTGAGCTTGTTTCAAATTCAGGTTT
1910	CTTCAAGGATTAATTCATCTTTCTGGGCTT
1911	CATTCTCCTGGATAACAACGTTGATGGGGA
1912	CATCAATGTAGAACTCAGCCTTCTTGGAAA
1913	CTTTCTCTTACAGAGAGGCGGATTTGGTCG
1914	GGAAGATACTCACAAACTGGAATTCGGTTG
1915	CAGCCCCAGCCTCGGCTTTCTTGTCGGCAC
1916	AGAGACTGGCAGGCCTCGGCCTAAAGGTAT
1917	TTTAGGCCGAGGCCTGCCAGTCTCTGGACG
1918	TGGACGGCTACGGCGTAGGGTGGCAGGCAC
1919	GCAAACTGTTCCTTCACGTAGCCTCGGGAC
1920	ATAAATGGCAATCCGGTTCTTCTTAGGCAT
1921	CGGCCGGGAAGATGGCGGACATTCAGGTGC
1922	TTCAAAACAAGAAGAGGGTCCTGCTGGGAG
1923	GAAGAGGGTCCTGCTGGGAGAAACTGGCAA
1924	AGACCGATGTTCTTGTAGTACCGCGGGAGC
1925	CTTCACTGGTAATGTGTCCATTCGAGGGCG
1926	CTGCCTCCACAGGGACGTCCAGATCGGTGA
1927	CCCACTGTGACGATGTCACCGATCTGGACG
1928	ACTGCTTCTTGGTGCCGGCAGCCTTGGTGA
1929	ACCCGTAACCCACCGCCATGGCCGAGGAAG
1930	TAACCCACCGCCATGGCCGAGGAAGGGTGA
1931	CCTGGGCTCACCCTTCCTCGGCCATGGCGG
1932	TAAGCATTGCTGCTGGAGGTGTAATGGACG
1933	GCAGCTTCGCGAATTCCACGTGCTAGGCCA
1934	GGTTGATTTGGTGTTCAGCACAAAGGGCCT
1935	AGCCTTACCTTAATTAGGTTGATTTGGTGT
1936	ATCCTTAGCAGCCTTACCTTAATTAGGTTG
1937	TTGGTTGCAGTTGTGTAGTAGTTAAGGTAA
1938	GTACACAGACAAATTTATGCGACCAGGGCA
1939	TTGGTCTTATAATATCGAGCCAAACGGTGA
1940	TAATATCGAGCCAAACGGTGAATCCGGCTC
1941	CTTAATTAAATGGTAGAGATCTTCAGGAAG
1942	AATTTTAAGAATTCTTAAGTCTAAGGGACT
1943	CACTCACCGATCTGTGAAGGAGTAAGGCCC
1944	TCTGTGAAGGAGTAAGGCCCTTCTTGGCCA
1945	GCAGATTTACAAACTGGCCAAGAAGGGCCT
1946	CCGATCTTCATACCCGAGCGGGCAAGGGCT
1947	CGGCCCTCAGAGCCCTTGCCCGCTCGGGTA
1948	CGGGCAAGGGCTCTGAGGGCCGACTGGGCC
1949	GTGATACCCAGCTCCTTGCACCTCTGGGCC
1950	CATATGCTGCTATGTTGGCTGCCCAGGATG
1951	GGTGGCTGAAGGAGAGAATGTATTTGGTGT
1952	GCGGCGTGGACCTCGACCAGCTGCTGGACA
1953	TGTACAGCTGCATCAGCTGCTCGCTGGGGA
1954	TGAAGCGCCTGCGCAAGGCCAAGAAGGAGG
1955	TCTCCATGGGCGGCGCCTCCTTCTTGGCCT
1956	CCGCAGGTGCGTCTTCACCACTTCCGGCTT
1957	ACACCTTGATCTCCACCTGGTTGAAGGTCT
1958	TGGTCTCCCGCAGCCCGAGATGATCGGCCA
1959	CGATGCCGGGCCGGCCATGCTTTACGGGCT
1960	AAGGAAAGGCCAACTTACCCAAACTGGCGG
1961	AATCTGCTTCCATCCCGCCAGTTTGGGTAA
1962	GGTCTTTGAGTTGCACGTCAAATCTGGGGC
1963	CTTACCTTGTTTAGCCTGCCTGTGAGGTTC
1964	GAAATCATTGATGACCACAGAGCTGGGAAA
1965	AGAGGCAAACGCCAGGTGCTTATTAGGCCG
1966	TTTCTGGTAGCGAGCGCGGGCACCAGGGCC
1967	TGAGGATGTCTTTGATCTCCTTCTTGGAAG
1968	AGGACCCATGCTCACTCACATTTCTGGTAA
1969	TCACATTTCTGGTAATAGGCCACCAGGGCT
1970	AGTTCCTGGGACTCACCATAAATCTGGGCC
1971	TGGTGGTCACGTGGCCCAGATTTATGGTGA
1972	TGTAGACATCCGTGTCCGTGTAAAGGGTGG
1973	GCTTCTCGGCAAGGAGCGATTTGCTGGTGT
1974	CCCGCTGCAGTCTGTGCAGGTCTTCGGACG
1975	ACTTCGGCAGTCTGTCCAACCTTCAGGTCA
1976	AAGCTTCAGCATTTCCTTAGTGTCAGGATC
1977	TCGTTTCCTTGTAGGTCTCAGCCTTGGATC
1978	CTCTCTCCTCCTCCTGCAGCTTGATGGAGA
1979	GAGGTATCTCCATCAAGCTGCAGGAGGAGG
1980	CAGCTTGATGGAGATACCTCTTACTGGGCC
1981	TCCACACGAACAAGCGCGTGTGCGAGGAGA
1982	TGATGACCCGGGCCGCCTTCTTCACGGTTT
1983	CTTACCCTACTTCACTTACCTTAATGGCAG
1984	CCTCAGTGAGTTCTCCCGCCCTCTTGGTGA
1985	CCAGTGGTCTTGGTGTGCTGGCCTCGGACA
1986	CACTGGCCGCCGTGGCCGCACCGTGGGTGT
1987	TTGGACACACCCACGGTGCGGCCACGGCGG
1988	CTTATTTCTTCTTGGACACACCCACGGTGC
1989	CCAGAGTCTCCGTGCAGCGGACTCAGGCTC
1990	CTGTATTCACCAAGTCTCCCTATCAGGAGT
1991	TAGAAATGGCATCAAAGGTGGCCTTGGCTG
1992	CACCTGCCACCAGCCTACCTTGCAAGGGAC
1993	CACGGATGGCGGTGGCCACCTCCTTGGAGC
1994	TTTTCGCAGGCATTTGTTGCTATCGGGGAC
1995	CCAACGACCGACGCGTACCTTAATAGGCAG
1996	GACCGACGCGTACCTTAATAGGCAGGGAGA
1997	TTAGTGGATGCCCGTCACCAAGTTGGGCCG
1998	GCGGAGCTCGCGGAGGCAAGGCCGAGGATA
1999	AATACACTTCTCAAAGTGTACTGCTGGCCC
2000	TGTACTGCTGGCCCTCTGTATCCATGGGTT
2001	CGGCTTGTTAGGGTGATTCGAATTCGGTGA
2002	GGTGAATTGCCACCTCCGGCTCCACGGGTG
2003	CAGCGAATAGGCTGCACGTGGCCGCGGCCC
2004	TCGGGCACAGTTAGTGCAGCGAATAGGCTG
2005	GAATTTCTTAATGGCCTTGTCCTTGGGCAC
2006	TGTTTCGAATGACGAATTTCTTAATGGCCT
2007	AGAAATTCGTCATTCGAAACATAGTGGAGG
2008	AAATACTCACCGCAGGTCTAAATCGGGGTG
2009	TCAGCTCCTTACATGGGCTTTGGTGGGGGA
2010	TTTCACATCCATGAAGTAGGAATTGGGGCT
2011	CTGCTTCCTCCTGAAGGAACATCCTGGAGG
2012	TGATCAGCAGAGACTGATCTTTGCTGGCAA
2013	GACTGATCTTTGCTGGCAAGCAGCTGGAAG
2014	AACTGGCTCACCTTATAATATTTCAGGACA
2015	TAACTCATACAGTTACTTGTCTTCTGGTTT
2016	GGAGGAGATGGGTGTCACCTCCATAGGCAG
2017	GTGTCACCTCCATAGGCAGTGCCAAGGAAG
2018	AGCTGTCTTCCTTGGCACTGCCTATGGAGG
2019	AGGCAGTGCCAAGGAAGACAGCTCAGGTCT
2020	CGGCACATATTGAGGCCATATTTCCGGATC
2021	CCGGCACGGTCTGATCCGGAAATATGGCCT
2022	CCCAGAGGCTCACCTTCCTCTTCTTGGATA
2023	TTGTTTGGATTAGTTTGTCGCTGATGGCAT
2024	ACAGAAATCATTATCTTAGCCACCAGGTAA
2025	CCCCCCCAGAACACAGAATGTTCTTGGTGA
2026	CTTGGTGAGAAGGGCCGGCGGATTCGGGAA
2027	CAAAGGCTGCGAGGTTGTGGTGTCTGGGAA
2028	TCATCAGGCCATCCACAAACTTCATGGATT
2029	GATCATGCTGCCCTGGGACCCAACTGGTAA
2030	GGGTTCCACAATGCTCACGTGGTCAGGCAG
2031	TCTTTGGGTTCCACAATGCTCACGTGGTCA
2032	AATATTTCTTATATTGAACATAGCAGGTGC
2033	TGCTATGTTCAATATAAGAAATATTGGAAA
2034	TTCTTTTGTAGAAATTGCATCTGATGGTCT
2035	TTACTTGCTTCGTCTGTTCTGTGTTGGTTT
2036	CAGCACCAACAGGTCCGCCAAATCCGGAAG
2037	GTCTTTTGTCTCTCTCTTCAGCAATGGTGA
2038	CTTCCTGCCTAGGTAACCTGTGTATGGTGA
2039	TGAATGATACCATTCAGATTGATTTGGAGA
2040	TGTGCAAAGTGAGAAAGATCTTTGTGGGCA
2041	AAACTTCTTACCCATGAATCCAGCAGGGTA
2042	TGGCAGCTCCAAAGCATTGGATGCTGGATA
2043	GGAGTTAGTGAGGCGCTCCACAATGGGACA
2044	AGCCCCAGGCTCACCTGGTTCACACGGCGC
2045	CCCCTGCTGTCTTCCTAGGCCATCTGGCTG
2046	GCTCCAGCTCGTCCTTCTTCTTAATGGCAT
2047	CTGCGTCTCTTCGCAATTTGTTCCTGGCGC
2048	ATCTTAGACTAACCTTCATTCTCTTGGCCA
2049	GCAATACGCCGCCGTTTGTGCTGCAGGACA
2050	CTGAATCTTGGGTGCTTTGGTCCTAGGTTT
2051	TGATACTACAGTGCCTCGCCGCCTGGGCCC
2052	ATGCAAATCTGAGCGTTCTCAACTTGGTTA
2053	CTCAGTAGCAGGCGGACACGGCCATGGGTC
2054	TGTTTGTCGTTCCCACCACTGATTCGGACC
2055	TCATCGTCCACTTCAATGAGTTTCTGGCAG
2056	CGAACTCGTCCGGCTTCTCGCCATTGGGCT
2057	CGAGAAGCCGGACGAGTTCGAGTCCGGCAT
2058	TTTTTTTCTTTAGGAAATTGAAGTTGGTGG
2059	GATTTTCTGGAAAGATTTCAGTTGAGGAAC
2060	TCCAATTCGCGTACTAGCCGGACTTGGATT
2061	TTTTTCTCCAATTCGCGTACTAGCCGGACT
2062	TGCACGATGCCATCCTTGAGGACTTGGTCT
2063	ATTTTTGTTTACAATTGAAACTCTGGGAAT
2064	CCGCTTCCACATGCAGGCATCTCTCGGGAC
2065	CTCATACTTCCGCTTCTTGTGGTAGGGCTT
2066	CGATGCAATTCTTCACCAGGGTCTTGGTAC
2067	GGCAAAGAGTTGGAGTTCTATCTTAGGAAA
2068	TTGGTCGAGACGAGATTTCTCGAAGGGTCT
2069	TCTCGACCAAGAGCTGAAGCTGATCGGTGA
2070	CTGGCCAAGATCCGCAAGGCCGCCCGGGAA
2071	GTCAGCAGTTCCCGGGCGGCCTTGCGGATC
2072	CAGGCAACGCCCTGCTGCGGCGGCTGGTCC
2073	CTCTCTAAGAAATCCTCTATCTTCAGGCCC
2074	GTGCTGATCCGCCAGCGCCATATCAGGTAC
2075	GCCCATCCGAGGTGGTACCTGATATGGCGC
2076	GACTTCTCTCTGCGCTCTCCCTACGGGGGT
