1	GCGCACAGGTACTTCTGTTTCCCTGGGAGA
2	CACCAGATAAGGAATCTGCCTAACAGGAGG
3	CTGGCTCTCCTGCCCCTTCCCTACAGGGGT
4	AGGCCTGCATCATCACCGTTTTTCTGGACA
5	CTCCATCCTCTTGCTTTCTTTGCCTGGACA
6	TGGGTTCCCTTTTCCTTCTCCTTCTGGGGC
7	GTTTTTCCAAACTGCTTCTCCTCTTGGGAA
8	CCTCCTTCCTAGTCTCCTGATATTGGGTCT
9	CCTAAGGCCCTGCTCTGGGCTTCTGGGTTT
10	CAGCCCCCTGTCATGGCATCTTCCAGGGGT
11	CGCTGCTGGTTCTGCCGGTAATAGGGGAAG
12	TACGGCGCTGAGCCCGAGCGGCATGGGCGC
13	CGCACCCATGGCGCCCATGCCGCTCGGGCT
14	CTGACCGGGACGGAGGAGTAGGCCTGGAGT
15	CCCGGCGCAGTAGCCGGCATGCCGGGGGGC
16	TGTTCATGGTCATGTAGGTGTTCATGGAGT
17	GGGTGTCCAGGCAAAGAAAGCAAGAGGATG
18	TTATGAAGCAGGGATGACTCTGGGAGGTAA
19	GTGAGGGAGGAGAGATGCCCGGAGAGGACC
20	ATGCGTGACCTGCCCGGTTCTCAGTGGCCA
21	GGCCTGTGCCATCTCTCGTTTCTTAGGATG
22	GTGATGATGCAGGCCTACAAGAAGGGGAGG
23	GCCCCCTGTCATGGCATCTTCCAGGGGTCC
24	AGGAATATGTCCCAGATAGCACTGGGGACT
25	GTAGGGAAGGGGCAGGAGAGCCAGGGGCAT
26	GGTCCAGGCCAAGTAGGTGGCCTGGGGCCT
27	CCTGATCTGTGGAGATGAAGCTTCTGGGTG
28	GAGCTCTCACATGTGGAAGCTGCAAGGTCT
29	CCAGGATCAGTGAAACGCACCAGACGGCCG
30	AGCTCGGGGACACAGGATCCCTGGAGGCAG
31	GATTGCACTATTGATAAATTCCGAAGGAAA
32	TCCACAGATCAGGCAGGTCTTCTGGGGTGG
33	GGGGCCCAGCAGGGACAACGTGGATGGGGC
34	CTGGGGTGGAAAGTAATAGTCAATGGGCAA
35	ACAGATCAGGCAGGTCTTCTGGGGTGGAAA
