GCCTAGACAGCGTCGGAAGGTGG,0.53804
CTATAGGATCCACAGGGAGGGGG,0.52799
CATGCACTCAAGTTACCTGCGGG,0.57884
GCCTCTAGGTCATCATGTTCAGG,0.36229
GACCTAGAGGCCCGAGCGCCTGG,0.40633
GCACTCAGCACCAGGCGCTCGGG,0.47194
GCCACTTCATGGTGATGTTCTGG,0.21463
GCTGAAGGATAAGCAGCCAATGG,0.71473
TGTTATGTGCAGATGGCTTCCGG,0.3241
GAAAGTGGTCCACATCGAGCAGG,0.61298
CCGCGTTCGGGTGTAGAATTTGG,0.2289
TTCATTGTTAACGCGGCGCAGGG,0.43745
GAAGCAGAGTTCGAACGTGCCGG,0.51312
TGGCCAAAGTTTTCTGGTCTTGG,0.23896
GCCACCCAGAATATTTCGTATGG,0.50964
GCCACCCAGAATATTTCGTATGG,0.50964
GGCACCATACGAAATATTCTGGG,0.43777
GCATGACGACCTATGATGATAGG,0.61303
ACCATACGAAATATTCTGGGTGG,0.81931
GGGGATATTTTTGCAGATAATGG,0.20019
CATAGGTCGTCATGCTTATGGGG,0.43977
GGGGATCAAGTAAGTCATGTTGG,0.50529
ATTAGGCATGTTGGAGACTTGGG,0.44441
AATGTGACTGCTGACAAAGATGG,0.60196
AGAATCTTCAATAGACACATCGG,0.81914
GATTCTGTGATCTCACTCTCAGG,0.40336
