AGCGGGGCCCAGCAACGTCCCGG,0.41999
TAGGAAGGCCGGGACGTTGCTGG,0.26774
GTGGACCCTCGTGAGCGACCCGG,0.76473
TGTGTCCGGGTCGCTCACGAGGG,0.69535
TTCAGAGCACTGTATGAGGAGGG,0.61575
GACACTGGTGTCATGGATGGAGG,0.55238
GCAGCACCTCCTTGGCAAACTGG,0.31946
GTACTTCAAGCACAACAACATGG,0.79877
TGACAGAGTGGAGCAAGAATGGG,0.57452
TGTGAAAGCTTATGACAGAGTGG,0.83361
ATCAAGCCCAGATAGAAGTGCGG,0.84996
TAGGAAGGCCGGGACGTTGCTGG,0.26774
CGCGCTCATCTGCTGGAGCCCGG,0.45331
GGTCTGTGGGAGAAATCAAAAGG,0.37676
GGGCGGCTCCGCGACGAGGCTGG,0.30919
CAAGCTGTGGACGCTTGTGGAGG,0.53027
GGATGAGCAAAGATTTGCAAAGG,0.51048
GTACTTCAAACACAATAACATGG,0.57018
