GGCTGCTTTACCCGCTGTGGGGG,0.69482
TCCGGGTTGGCCTTCCACTGGGG,0.78475
CAGCATCCTTCGGAAAGCTCTGG,0.5878
CGGTAGAAGCAGGTAGTCTGGGG,0.82285
CATCCCGCTGCCCCAGTGGAAGG,0.74363
GATCAGGGCGCGGTAGAAGCAGG,0.71512
TCTTGTCCAGAGCTTTCCGAAGG,0.85884
AACCGCCAAGGCCGATGCAGAGG,0.6352
AGGCTGCTTTACCCGCTGTGGGG,0.7651
AGGACCGAGTAGTCATCCTGGGG,0.87785
ACAATGACTCGGAGCCACCCCGG,0.80143
TCTGAGCCACATTGAGGGGAGGG,0.63117
CTGAGCCACATTGAGGGGAGGGG,0.66371
GAAAGCTCTGGACAAGATCGCGG,0.69261
GCAGGTAGTCTGGGGATACAGGG,0.73603
CTGTGGGGGCGCATGGATCAGGG,0.62332
CAGGACCGAGTAGTCATCCTGGG,0.69644
AGCCTCTGCATCGGCCTTGGCGG,0.60112
CCAGAAGGAGCAGCTCGTGCTGG,0.62288
CAACCCGGAGACGGACCCTGAGG,0.69405
TCAGCTGATCAAACAAACCCAGG,0.72362
CCAGGCTTCCCGATCCACAGGGG,0.81973
GGATGACACGGCGCCGGCTCAGG,0.43636
AGTCTCTGTTGGAAGAGAGGCGG,0.72219
TGTGGCTCAGAGATACGTGGTGG,0.77662
GGAATAGCCATCTGCATAGGAGG,0.66463
AGCAGGTAGTCTGGGGATACAGG,0.44458
TTGGCCTTCCACTGGGGCAGCGG,0.5248
CTCTGAGCCACATTGAGGGGAGG,0.53811
TCCCCGCCCTCAGCATCCTTCGG,0.44877
AGGGGAATAGCCATCTGCATAGG,0.58598
ACTGGGGCAGCGGGATGACACGG,0.67748
GTGTCATCCCGCTGCCCCAGTGG,0.73073
CCACTGCTCGTCCCCATCCACGG,0.5719
GATGACACGGCGCCGGCTCAGGG,0.66511
GTGGAAGGCCAACCCGGAGACGG,0.54712
CTCCGAGTCATTGTAGAGACCGG,0.527
ACAGGACCGAGTAGTCATCCTGG,0.65162
CTTCCCGATCCACAGGGGCAGGG,0.60466
TCCTTCTGGAACAAGGCCTCAGG,0.49339
TGATCCATGCGCCCCCACAGCGG,0.66784
TATTACCGGACAAAGCTGCGTGG,0.75756
AGAGGCCACGCAGCTTTGTCCGG,0.49712
TGGCCTCTACACAACCGCCAAGG,0.58797
GTATCTCTGAGCCACATTGAGGG,0.5576
TGACCCTGCCCCTGTGGATCGGG,0.38716
CCTTCTGGAACAAGGCCTCAGGG,0.62005
ACATCCAGAAGACCCATGAGCGG,0.72476
ACCAGGCTTCCCGATCCACAGGG,0.59931
AAGTTCTGCAATGCGGGAATCGG,0.44804
TTACCCGCTGTGGGGGCGCATGG,0.3872
GATCCATGCGCCCCCACAGCGGG,0.58167
TGGCCTTCCACTGGGGCAGCGGG,0.37128
CTCCGGGTTGGCCTTCCACTGGG,0.45113
TGTGAGAAGTTCTGCAATGCGGG,0.44418
CCCTGCCTCAGGAGACTACGTGG,0.58287
CCGTGGATGGGGACGAGCAGTGG,0.50705
TCTCTGTCTGCATCCGCTCATGG,0.34206
AGGCCTCAGGGTCCGTCTCCGGG,0.38972
CTCAGGGTCCGTCTCCGGGTTGG,0.54775
GTAGATGACATCGATGAAGAAGG,0.53041
GCAGCGGGATGACACGGCGCCGG,0.56872
CCTTACAGGAAGAGCGTTCGCGG,0.47696
GGGGCGCATGGATCAGGGCGCGG,0.46465
TCTCCGGGTTGGCCTTCCACTGG,0.42632
TGGGGACGAGCAGTGGATCCTGG,0.38424
CGGCCTTGGCGGTTGTGTAGAGG,0.41404
GGTTGGTGTCACTCACTTGTTGG,0.42142
AAGGCCTCAGGGTCCGTCTCCGG,0.30286
TGCCGGTCTCTACAATGACTCGG,0.51134
TCAAGTCTCTGTTGGAAGAGAGG,0.43186
TGCGGGAATCGGCAGACACGAGG,0.42153
CTGTGAGAAGTTCTGCAATGCGG,0.4376
GCTTCCCGATCCACAGGGGCAGG,0.38834
GCGGTAGAAGCAGGTAGTCTGGG,0.39863
CACCAGGCTTCCCGATCCACAGG,0.3745
ATTGTAGAGACCGGCAATCTTGG,0.42684
CCGGCTCAGGGTGTGTCTCCTGG,0.20128
CGAGCAGTGGATCCTGGCCGAGG,0.3965
GCTGTGGGGGCGCATGGATCAGG,0.23521
GCGGGAATCGGCAGACACGAGGG,0.54787
GGGTTTGTTTGATCAGCTGATGG,0.47026
CTGCAGTTTCTCCCTATTACCGG,0.24088
GCCCCAGTGGAAGGCCAACCCGG,0.32644
CTGTTGGAAGAGAGGCGGATTGG,0.34871
CGGCTCAGGGTGTGTCTCCTGGG,0.24883
CGCGGAAATCAAGTCTCTGTTGG,0.30369
GATCCACAGGGGCAGGGTCATGG,0.27337
CGCAGCTTTGTCCGGTAATAGGG,0.24782
TATCTCTGAGCCACATTGAGGGG,0.5285
ACGCAGCTTTGTCCGGTAATAGG,0.20495
GAGATACGTGGTGGCTTGTAAGG,0.2218
CAATGTGGCTCAGAGATACGTGG,0.52489
CGTATCTCTGAGCCACATTGAGG,0.40605
CTCTGTCTGCATCCGCTCATGGG,0.26634
CCCACAGCGGCCAAGATTGCCGG,0.19226
CCAGCACGAGCTGCTCCTTCTGG,0.18053
CCCTGAGGCCTTGTTCCAGAAGG,0.38346
GCATCCGCTCATGGGTCTTCTGG,0.15974
CGCGGTAGAAGCAGGTAGTCTGG,0.18244
CCCCTGTGGATCGGGAAGCCTGG,0.25471
CGAGGAGAGACTCACCGGAAAGG,0.66864
GAGCATCTCAAACACAACGATGG,0.79145
TGAGAGGTATTCAGGAGACCTGG,0.72052
CAATTGTAAAGGTGGTTGAAAGG,0.54038
TTTCCTCCACAGACTGAATGTGG,0.72115
TTAGGTAACTCAGCAGTTGAAGG,0.67449
TTTAACTGGTCCATAAAATGTGG,0.633
ACAGTCCGGGTGCTCACGACAGG,0.72402
GCACTGCCTTGACAAATCAACGG,0.68871
GGGTGCTCACGACAGGATATTGG,0.55294
GCCCTACAGTCCCTCGCCTGTGG,0.76614
AGAGCATTAATATGGTCATCTGG,0.40766
AAGCATGTCTTGGTGCTGGTGGG,0.76341
GAGCTGTCGACCACTGTGTTTGG,0.53442
GGTGTATTAGGGATCATCTACGG,0.76275
GGATCTGAAGTTGGTGTTGGAGG,0.48459
AGCTGAAAAAGGGAGTCAAAGGG,0.58132
CTTTGGTGTGGCTGACTGAGTGG,0.67972
TAGAGACATACTAATGTACATGG,0.70967
TTGGATATTACAGATGACCATGG,0.84037
AAGTAACTGGCTCTAATACACGG,0.79458
GTTATTAAGAAACGTATTGAAGG,0.59165
ACCACAGGCGAGGGACTGTAGGG,0.68627
AGAGACTCACCGGAAAGGCCCGG,0.57112
TGAGCAAAGGCACGGGCAGCCGG,0.43419
TAATATGGTCATCTGGAAAGTGG,0.43936
ACACAACGATGGATGAATTCAGG,0.51816
AGATAGAAGCTGCTATAGTGCGG,0.76494
GCAGCACAATGTTCTAGTAGCGG,0.7177
TGTACGTTATGGGTGTATTAGGG,0.52029
TTCTACTTAGCCAAACACAGTGG,0.86132
GCTCACACTCCAGCATCATATGG,0.45672
CTTACCTGGATATAGTCAACAGG,0.56864
CTCTAACAAGCTCTCTTTCAGGG,0.48835
AGTTCCTATTTGAGGGAGCAAGG,0.58096
AAAGCTCTTGTTTCTGAAGAAGG,0.41771
TAGTAGAAATGGAGAATTCTGGG,0.52835
TCTCTTTAAACAAACTATTGCGG,0.37009
TGGGATGTTGCACTTTGGTGTGG,0.63113
GTGGTGTTGATCTTACAGTCCGG,0.61089
CCTGTGGTAAACCAACACAGCGG,0.83697
GGTCATTGTTGAATGATTCCAGG,0.49485
TAGGTTCGATCGCTTCCTCCTGG,0.55026
CTGCAGAACCCATATGATGCTGG,0.58604
GCTGAAAAAGGGAGTCAAAGGGG,0.73598
GCTGGTGGGATGTTGCACTTTGG,0.53281
CAGTTCACGTCAAAACTGGAAGG,0.59566
TACCACAGGCGAGGGACTGTAGG,0.52692
AATATCTCAAAAGCATGTCTTGG,0.44814
AGTGTATGAGTTCCTATTTGAGG,0.61323
TGAATTCAGGCAACATCTACAGG,0.4669
ATATTTGGCACGAACACCTGAGG,0.67878
CAAAGGCACGGGCAGCCGGAAGG,0.4977
TTTGGTGTGGCTGACTGAGTGGG,0.64827
GACCACTGTTATTCTTACGCTGG,0.52662
CTATAGAAATGCATATACAATGG,0.57109
AATATCCTGTCGTGAGCACCCGG,0.71365
TCCGCATCTTGGTGTCCTTCCGG,0.32331
AACGGAAGAACCAATTGTAAAGG,0.51673
ATAACTTGTACATGCAACCAAGG,0.79697
TACAAAAGAACCCAAATCAAAGG,0.4382
TTTGTAAGAACCCGCTGTGTTGG,0.55556
AAGGTGAATCCGACCCAGAGAGG,0.7074
GGAAAGGAGAAGTCGTAGACAGG,0.47077
CATGGAGAAAAGCTCTACACTGG,0.49725
GAATCCTGTTGACTATATCCAGG,0.70761
GTTCTTCCGTTGATTTGTCAAGG,0.57525
TTGAAAAATGGAAAGACAGAAGG,0.57994
GGAAGAACCAATTGTAAAGGTGG,0.67762
AATTGTAAAGGTGGTTGAAAGGG,0.51188
TGTTGGTTTACCACAGGCGAGGG,0.65866
ATTATTAAAGAGCATTAATATGG,0.39931
TGGTGTTGATCTTACAGTCCGGG,0.53871
TACCTTATTTATGAGATGTTCGG,0.46809
GCTTATTGGATCTGAAGAGTAGG,0.57978
GAATGATCATCAAACAGCTATGG,0.64529
GACCTAAAATCATTAACATCTGG,0.33862
ATCCAGCGTAAGAATAACAGTGG,0.66579
AAAGGCCCGGATCCGCATCTTGG,0.47807
TGGGTCGGATTCACCTTGTTTGG,0.32366
AACAATATTGGATAAAGCAATGG,0.44443
CCGCTGTGTTGGTTTACCACAGG,0.45568
TTTACCTTGCTCCCTCAAATAGG,0.383
TACCGAACATCTCATAAATAAGG,0.35947
GATGGATCTGAAGTTGGTGTTGG,0.4415
CAATAGTTTGTTTAAAGAGACGG,0.47813
CAGGAAGATGGATCTGAAGTTGG,0.57566
GTGTATGAGTTCCTATTTGAGGG,0.44981
GCACAATGTTCTAGTAGCGGAGG,0.63991
ATTCAGGAGACCTGGAGTTGAGG,0.51449
CTGTGGTAAACCAACACAGCGGG,0.73987
TGGATATGATTGCAAGAGAGCGG,0.48908
GTATGTACAACAAAATAATGTGG,0.52718
GTTGGAGGTGCACAAGTAACTGG,0.46665
GCCGGAAGGACACCAAGATGCGG,0.50581
ATGATTGCAAGAGAGCGGAAAGG,0.55055
TAGAGAAAAATACACATTTGAGG,0.45155
CATTGTTGAATGATTCCAGGAGG,0.74614
GTGTTGGTTTACCACAGGCGAGG,0.52179
AGGCAACATCTACAGGCAACTGG,0.43426
GAGATCAAGTTGTACGTTATGGG,0.3027
AGGACACCAAGATGCGGATCCGG,0.33633
GTGGAGAACGTCTACAATTTGGG,0.28038
ACGTTATTATAAACAACACTTGG,0.41618
ATTATAAACAACACTTGGCAAGG,0.42425
ACAAGAAGTAGAAACAATATTGG,0.31963
AAAGCATGTCTTGGTGCTGGTGG,0.3617
CATGAAGACTATAGTAGAAATGG,0.35973
ATTGATGATAAGCTGAAAAAGGG,0.33943
CACAGAGTCAAGATTCAAACAGG,0.33292
TCAAAAGCATGTCTTGGTGCTGG,0.39255
CTTGTTTCTGAAGAAGGAGAAGG,0.36663
GTCGAATCTGAGCAAAGGCACGG,0.45976
ATGTCAGTTCACGTCAAAACTGG,0.34908
CTCACACTCCAGCATCATATGGG,0.39218
GGACACCAAGATGCGGATCCGGG,0.33059
AAGCTGAAAAAGGGAGTCAAAGG,0.42444
AAAACTGGAAGGAATGTTTAGGG,0.29936
AAAATATGTAAACAGCATTTGGG,0.30643
GATGCGGATCCGGGCCTTTCCGG,0.19531
GTGTATACTTTGCGATCCTCAGG,0.35336
GCCTTTGCTCAGATTCGACATGG,0.42302
CGAGATCAAGTTGTACGTTATGG,0.26484
ATAGTAGAAATGGAGAATTCTGG,0.25795
TCGAATCTGAGCAAAGGCACGGG,0.491
CAAAACTGGAAGGAATGTTTAGG,0.2385
CTAGTACATATGTTGAAAAATGG,0.28551
TACTATAGTCTTCATGTGCTTGG,0.20042
ACTTATTGAGAGAGAATATTTGG,0.25918
AATCTTGACTCTGTGTAGTTTGG,0.2253
TCATCTACGGCAAACTCTATTGG,0.2537
ACCATGTCGAATCTGAGCAAAGG,0.50188
GCTCTAACAAGCTCTCTTTCAGG,0.15566
AAACATGATATCTAAGTTAAAGG,0.20272
ATAAATAATGAGAGGTATTCAGG,0.1957
TTCTTAATAACAACTGGACTTGG,0.30842
CTCTTTAAACAAACTATTGCGGG,0.2067
TATTGATGATAAGCTGAAAAAGG,0.25844
TGTGGAGAACGTCTACAATTTGG,0.2395
CTTTCAACCACCTTTACAATTGG,0.17628
ATACGTTTCTTAATAACAACTGG,0.23561
TTTCTTGCATAAACCTAAAAAGG,0.18388
TTGTACGTTATGGGTGTATTAGG,0.1606
TCTGCAGACATTTCCAAAAAAGG,0.19755
TTCAAACGCTAAATCAAGCTTGG,0.18206
TTATTTAGTCGTGTGCCAAATGG,0.29132
GACCCGCAGCCCTGGCGTCGTGG,0.75012
CGAGATGTGATGAAGGAGATGGG,0.49494
GCCCTCTGTGTGCTCAAGGGGGG,0.90314
CTCATGGACTAATTATGGACAGG,0.59802
GTTATGGCGACCCGCAGCCCTGG,0.70154
AATAAATCAAGGTCATAACCTGG,0.56325
CAGGCAGTATAATCCAAAGATGG,0.77502
GTATAATCCAAAGATGGTCAAGG,0.75661
CTAGAATGACCAGTCAACAGGGG,0.92224
TAGCCCTCTGTGTGCTCAAGGGG,0.54206
AGCTGCTCACCACGACGCCAGGG,0.71805
GCCCCCCTTGAGCACACAGAGGG,0.82502
CACAGAGGGCTACAATGTGATGG,0.68485
AGCCCCCCTTGAGCACACAGAGG,0.73347
ATTATGCTGAGGATTTGGAAAGG,0.62959
TCACCACGACGCCAGGGCTGCGG,0.60446
TGGATTATACTGCCTGACCAAGG,0.67207
GAAAGGGTGTTTATTCCTCATGG,0.54937
CTTATATCCAACACTTCGTGGGG,0.588
TCGAGATGTGATGAAGGAGATGG,0.7151
TCTCTCAACTTTAACTGGAAAGG,0.40761
CTTCTAGAATGTCTTGATTGTGG,0.44775
GGGGACATAAAAGTAATTGGTGG,0.66176
ACTAGAATGACCAGTCAACAGGG,0.72064
AGCCCTCTGTGTGCTCAAGGGGG,0.63192
GTAGCCCTCTGTGTGCTCAAGGG,0.59022
TCTTGCTCGAGATGTGATGAAGG,0.6436
AGGGCTGCGGGTCGCCATAACGG,0.4197
CAGATTAGTGATGATGAACCAGG,0.51048
AAAATCTACAGTCATAGGAATGG,0.5178
GAAGTATTCATTATAGTCAAGGG,0.64808
GTGCTTTGATGTAATCCAGCAGG,0.55626
AGACTTTGCTTTCCTTGGTCAGG,0.44311
CACCACGACGCCAGGGCTGCGGG,0.55676
CTGTCCATAATTAGTCCATGAGG,0.60908
AACTAGAATGACCAGTCAACAGG,0.3618
GATGTGATGAAGGAGATGGGAGG,0.65428
GAGCTGCTCACCACGACGCCAGG,0.39434
GCTTATATCCAACACTTCGTGGG,0.39989
AAAGTAATTCACTTACAGTCTGG,0.34905
TTATGCTGAGGATTTGGAAAGGG,0.47715
TGAAAGGATATAATTGACACTGG,0.38204
AAAAGGACCCCACGAAGTGTTGG,0.49779
CAAAGATGGTCAAGGTCGCAAGG,0.48292
AAATCCTCAGCATAATGATTAGG,0.41453
TATTCCTCATGGACTAATTATGG,0.31895
TGAAGTATTCATTATAGTCAAGG,0.37351
TGACTATAATGAATACTTCAGGG,0.38371
AATGCAGACTTTGCTTTCCTTGG,0.32137
CATACCTAATCATTATGCTGAGG,0.48851
ACAGGGGACATAAAAGTAATTGG,0.27853
CTTGCGACCTTGACCATCTTTGG,0.20462
ATTCCAGACAAGTTTGTTGTAGG,0.27403
GATGATCTCTCAACTTTAACTGG,0.14142
TTGACTATAATGAATACTTCAGG,0.21549
TATCCTACAACAAACTTGTCTGG,0.31241
TAATCATTATGCTGAGGATTTGG,0.22962
GGCTTATATCCAACACTTCGTGG,0.25724
TTAACAGCTTGCTGGTGAAAAGG,0.2235
CTGATAAAATCTACAGTCATAGG,0.26879
TGTAGCCCTCTGTGTGCTCAAGG,0.21236
GTTTGTGTCATTAGTGAAACTGG,0.18267
TAAATTCTTTGCTGACCTGCTGG,0.19245
TCACTGAGTGCAGAATGGCTAGG,0.77736
ACACTGCCGAGCGATGAGGATGG,0.80341
GGAAGGTGAAACTGACCTGTTGG,0.71403
CCCGCCTAGTACCTACCTGTAGG,0.85382
TGAAAAGGTGAAGGAGGATGCGG,0.71978
TGTGCATCGTGGCTGTCCTGCGG,0.82181
AGATGGCACAGGTCTTTGAGGGG,0.9138
AGCATTAAGGAGTGAAGGGATGG,0.74045
AGTCTGCATACCTGTCCCGCCGG,0.80935
CCTGAGCCGTGACCTGGTGTTGG,0.85188
GTGTCTTGAAAAGGTGAAGGAGG,0.83253
GGTGTTGGTCATAATGTGAAAGG,0.79622
CTCAGCTGTATCCTACAGGTAGG,0.90214
TGGTCGGCATCGTGCTATGGTGG,0.88289
TGAACAGGACTCTGAGCCAGGGG,0.76172
AAGACTGGCGCATGGTCCACTGG,0.72703
GCAAACACTGCCGAGCGATGAGG,0.75222
TTGTTGCCATCCTCATCGCTCGG,0.60974
GCGGTGTCTTGAAAAGGTGAAGG,0.74747
GCAAGTCACTGAGTGCAGAATGG,0.71911
TGGCATGGGCAGGTTGGACGGGG,0.63997
TACAGAAGTAGGCAAGCCGGCGG,0.8331
TGCTGAGTGAATATTCCATGAGG,0.88894
CTGTTGGAAAACCTCGATTGTGG,0.77701
GCTTCTTCATGCAGGCTGTGTGG,0.79332
ATAAAGCGCATTCTCCAGGTAGG,0.73315
AGCCGGTCAGCTCTGCACACAGG,0.7418
AGCCAGGCAGCCCGCATCACAGG,0.64285
CCATGAGTGCAACCAGCGGTTGG,0.77464
GCATTGGTAAGCGCACAGGACGG,0.91329
TCAGCTGCAAGCGTTCTGGTCGG,0.783
TCTGGCATGGGCAGGTTGGACGG,0.53907
GCAGGACAGCCACGATGCACAGG,0.75342
AGTATGAAGTACCCGTCCAATGG,0.82364
AAGGTGAAGGAGGATGCGGCAGG,0.76761
GTGGCGTACTGCACGTGTCGTGG,0.72271
AATACACAGTGCCTGTGATGCGG,0.70695
TAGCCTGTGCCTGTGCATCGTGG,0.78292
CAGACATACCTGCTGAGTGAAGG,0.82557
TATCACAGAACTTGGACCAGTGG,0.85011
GTGTACAGAAGTAGGCAAGCCGG,0.8434
ATTGTTAGAGGAGCAGCACAAGG,0.82262
CCAGAGCACAAGGAGGCTGAAGG,0.72156
TTCACATTATGACCAACACCAGG,0.78131
GCAGCCATGAGTGCAACCAGCGG,0.82102
CACCAGCATTAAGGAGTGAAGGG,0.72119
TTATGACCAACACCAGGTCACGG,0.82818
ACCCTCTGGCATGGGCAGGTTGG,0.66183
CAGACATGAGTTCCTGACCTGGG,0.75982
GCTGCAGCTCCAAGGAAGACTGG,0.65503
AAGGGACAGCAGAAACTGGTGGG,0.90192
CAAACAGTACGACCAACCGCTGG,0.78722
GTAGGGGTCCGTACTCAGCATGG,0.79441
CCCACACCTGAGCCGTGACCTGG,0.65499
GAGGAGCGGATTCCTACTGTAGG,0.78605
CCAGCGAGTCATGAAAAGATAGG,0.68669
TTCTGGTCGGCATCGTGCTATGG,0.60266
CCAAGGCACTAGGACAGCACAGG,0.75467
CTCTACCTGAAACATGAACATGG,0.77751
GAAAAGATAGGTCACTGACCTGG,0.76114
ACTTGCACTCTCATCTCCCGAGG,0.74235
CGATGACCCAGAGCACAAGGAGG,0.85572
CCTGTGTATCCAGAAACTGCAGG,0.69906
GCAATAGGCAAGTGGTCAAGTGG,0.79869
GTGGGCAGTTTAGCAATGAGGGG,0.77464
CAGCTGAGGCCAAAAACCAGGGG,0.83385
GATCATGAGCTGCAGCTCCAAGG,0.67513
CCCTTATGCACGTCTGTGTGGGG,0.69816
ACAGAAGTAGGCAAGCCGGCGGG,0.83804
CCAACACCAGGTCACGGCTCAGG,0.62659
CCTCTTGGAGAACATCGCCAAGG,0.80038
CAGTGAGTAGTGCCAAACCAAGG,0.82747
TTGCACTCTCATCTCCCGAGGGG,0.84833
ATCCTGTGTGCAGAGCTGACCGG,0.689
GGAGTTACTCACCCATGAAAGGG,0.83802
GGCAGGCATGATAGTGCCGCAGG,0.64773
TGGCCTCAGCTGTATCCTACAGG,0.66182
GGTGGGCAGTTTAGCAATGAGGG,0.65318
CAGTGGGGAAGGCTTCAGGCCGG,0.79054
GATGGAACCCTTCTCATCTGCGG,0.79928
GGCTTGCCTACTTCTGTACACGG,0.68104
CTTGCACTCTCATCTCCCGAGGG,0.78445
AGGAGTTACTCACCCATGAAAGG,0.61921
ATACACAGTGCCTGTGATGCGGG,0.64994
ACAGATCATAGAGATAAGCAAGG,0.7639
AGAATGGCTAGGAGTGCTTAAGG,0.63094
TCACCAGCATTAAGGAGTGAAGG,0.68527
GCTGGGGAAGAATTGGAGAAGGG,0.75019
TAAGCAATTCATCCTCTCCAGGG,0.86713
GGAGGATGCGGCAGGTAAGCCGG,0.54271
ATGATGTAGAGGTGGCAATCCGG,0.68331
TGCTGGGGAATAGTACCTGGGGG,0.82299
TCAGAAGCCGCAGATGAGAAGGG,0.8097
ACAGACATGAGTTCCTGACCTGG,0.7786
AGGCACTAGGACAGCACAGGAGG,0.75819
GATGATCTCCAGGAGGAGCATGG,0.72467
CTCCAAGGAAGACTGGCGCATGG,0.75446
GTGTATCCAGAAACTGCAGGAGG,0.77369
CTCCTGGAGATCATCATCAGCGG,0.7877
GTGAAGGCACTGTTACCCTCTGG,0.76386
CTGTCTCTTCTCCAGGAGCTTGG,0.58396
TGAGCTGCGGTGTCTTGAAAAGG,0.582
CAAGTGGTATGACATGCCAAGGG,0.85135
CCTGCAGTTTCTGGATACACAGG,0.7051
GGTTCTGGGAGGCAGCCAGCAGG,0.71502
TCTGTCATCTTGCAGCGTTGTGG,0.75194
AGACTGGCCCTGCAGCTGGATGG,0.71836
CATCCTCAACCAGGACCAGATGG,0.71883
GAGGGTGTGCTGCTAGTTGGGGG,0.74091
ACAGGTCATCTTAATGAGCCAGG,0.63369
CGTGTCTTCACAGTACTCTGGGG,0.84276
GCGCTCTGGTGTATGGCTGGTGG,0.65994
TAACACATGTCCCTGGACTGAGG,0.8198
ACAGCTGAGGCCAAAAACCAGGG,0.73159
AGGATGGGGAAAACCCCCAGCGG,0.81704
GTTCTTTAAATGGCTACAGGAGG,0.70798
TATGGTGGTAGCCAAGCTCCTGG,0.66083
GTGAACAGGACTCTGAGCCAGGG,0.71328
GCGCAGCACCCAGCAGACCACGG,0.77115
GCTGGTCGTAAAGAACCCCAAGG,0.73989
ACGGCCTTGAATGTAAAACAAGG,0.80317
CCTTTGGAGCCCCTGGTCCCCGG,0.54974
CACAGCGAATCAGATCTTCCAGG,0.50552
GCCCTTATGCACGTCTGTGTGGG,0.66181
AACACTCAAGCACCCAGGTCAGG,0.57543
AGGTGGGCAGTTTAGCAATGAGG,0.72119
GTCATCACGTGTGAGCCACAGGG,0.77965
GCACTGTTACCCTCTGGCATGGG,0.68597
TGGGAGCACTGGGAGCAGAAAGG,0.6314
GCTTTATGCGCTGCCGCTGGGGG,0.64349
TCCAACCTGCCCATGCCAGAGGG,0.73432
AGTGCAAGTATACATGTTGTGGG,0.69654
CTTTGCGTGAAGAGGAACCCAGG,0.72112
AGACATGTTGACCCTTTCATGGG,0.72509
GAGGATGCGGCAGGTAAGCCGGG,0.56225
GGAGGCGCTCACCTCTGTCTTGG,0.62671
ATCCACGATGCGGTTCTGGGAGG,0.87262
CAAACAGAAGATCTCGCCCTGGG,0.76127
ACTGCCCTTATCAGGTCTCCCGG,0.59682
GTCCTGGTTGAGGATGAGGCAGG,0.69973
CTGGCATGGGCAGGTTGGACGGG,0.54019
GATTGGGACCTAGCAAGGATGGG,0.65077
CGGCAGGTAAGCCGGGCCCCTGG,0.46127
TTGTAACCGAATCTTTGGATTGG,0.49356
CCAAACAGAAGATCTCGCCCTGG,0.72594
GCGGTTGGTCGTACTGTTTGGGG,0.66304
ACTCAGTGACTTGCAATAGCCGG,0.66895
GGCAGGTTGGACGGGGCAATAGG,0.49095
GAAGCCCCAAGTGAACCAGAAGG,0.68942
CATCGCCAAGGCCACAATCGAGG,0.71066
CTGGTCTTTCGATAAATGCCAGG,0.63982
CATCTCGCAAGGTAGCATGGAGG,0.78899
ATTGCGATGTCATTCACCCTAGG,0.71594
CAAGTGGTCAAGTGGTGAGCCGG,0.70144
TCCCAGAACCGCATCGTGGATGG,0.61048
GTCCAACCTGCCCATGCCAGAGG,0.62589
ACACGGCTCCATCCACGATGCGG,0.7236
CCAAACCAGCCCCAAGAGAGTGG,0.72668
CACCTCTACATCATGGGGCAAGG,0.50054
TGCCTCCCAGAACCGCATCGTGG,0.79612
GAACACCATCTACTGCAACGTGG,0.80807
TCCAAAGGCAAGGTCCCCTCGGG,0.69252
CAACCCCTCAAAAAGATCCCAGG,0.65492
GGGGCCTCTATCACAGAACTTGG,0.635
CCCCTACTATGCCCTGTGAGGGG,0.68598
CTCAAATCCTCGGATCTGGTGGG,0.68924
TGCTCTACCACACACACCTGAGG,0.75435
GGGTCCTGAGGGTAAACATCGGG,0.66622
CTGGTCGTAAAGAACCCCAAGGG,0.81314
ACTCTTGCCTAGCCCCGTGTAGG,0.71533
GAGAAGGGTTCCATCGCCTCTGG,0.55749
GCTCACACCATCCAGCTGCAGGG,0.80656
TACAGCTGAGGCCAAAAACCAGG,0.5839
TGAGCTGCTTCTCAAATCCTCGG,0.63018
TGGACGGGTACTTCATACTTTGG,0.57152
CTTGGCATAGACATCCAGACTGG,0.69843
TAGGGGTCCGTACTCAGCATGGG,0.75475
ACCTCTACATCATGGGGCAAGGG,0.61322
AAATGCCAGGAAGCTACTGCAGG,0.66872
AACCCCTCAAAAAGATCCCAGGG,0.75013
ATCCCTTCACTCCTTAATGCTGG,0.58188
GCCAGGGCCTGCAGGAAGTGGGG,0.58652
CAGAACCAGCCACTACCTGCAGG,0.69461
TAGTTGGGGGCTGAGGAGCAGGG,0.58039
AACAGAAGAACTTCCAGAGGAGG,0.62786
TCCCCAGACAAGCCTACAGTAGG,0.66354
ACCTAGCAAGGATGGGCATGAGG,0.69525
CTGTGTGGCGTCGTGAAGCATGG,0.56077
GCTGTCCTAGTGCCTTGGTTTGG,0.68656
CATGGGATGAACCGGTCCGATGG,0.7198
CCCCACACAGACGTGCATAAGGG,0.63995
GGCACTACTCACATTGTTAGGGG,0.62591
CACCACAGCATCATCATCTGAGG,0.70049
GACATGTCTAGCATCTCGCAAGG,0.74625
GTTGTGGCCCTGGCAGGTGGGGG,0.59021
TGGTTGTGGGCAGCACTCCAGGG,0.71997
TCAGGCTTCACTGTGACAGGAGG,0.7627
TGCTGGGGAAGAATTGGAGAAGG,0.58585
CGCTGATGATGATCTCCAGGAGG,0.77402
CTCCCCTACTATGCCCTGTGAGG,0.57403
GTCTCACATCAACATTGCAGAGG,0.68407
GATGACATCTCGGGTCTGCTTGG,0.50961
GGGCAGTTTAGCAATGAGGGGGG,0.71168
CAAAGATATCTTCAGCAGTGGGG,0.76017
CTCGACATCTGGCTTCTCAGGGG,0.71894
GGGTGGCCGCAACATCTCTGTGG,0.66758
CTCAAAACACTCAAGCACCCAGG,0.66018
TGGGCAGTTTAGCAATGAGGGGG,0.68525
CGTGCTCATCAATGGGACATTGG,0.65156
TGCCTGCCTCATCCTCAACCAGG,0.59226
AGGTGAAGGTGTGAGCTGCAGGG,0.75928
CTTCGATTCCATCTTCAAGAAGG,0.55887
TCTTACTGAAAATGGGGACCTGG,0.61745
CCAAGAGGGAGTTCATCTCCTGG,0.4642
ACCTTCACCTACACGGGGCTAGG,0.56414
CTCCAAAGGCAAGGTCCCCTCGG,0.51198
GAACTTCCAGAGGAGGAGGGAGG,0.66495
CCTGAATGGCAAAGTCGATGAGG,0.6816
CTGCAGAGGAGCCATCGGACCGG,0.65306
AAGGATACAGCGCTCTGCAGAGG,0.68465
ACCTCATGCCCATCCTTGCTAGG,0.54226
ACATCGACTGCTGGACAATGAGG,0.64736
CATGCTGCACCAGAGGCAAGTGG,0.66009
GATTGCTGCATAGTAGGCACAGG,0.70976
GTCACTTACTTCCATCAGACTGG,0.56365
GCTAACATGTCTGAAAGGGCAGG,0.6571
GGGCAGGATGAACAACGCGAGGG,0.69705
GTAAGAAGGAAGAGGTGTTTGGG,0.54013
CATTGCAGACAAAGCTGTAGCGG,0.65499
CAGTACACCCCATACCTATCGGG,0.59822
CGTACTGCACGTGTCGTGGCTGG,0.61627
CGAGGGTGTGCTGCTAGTTGGGG,0.49141
ACCAAAGCAGCTTATGCATGAGG,0.57967
GGATCTTGAGCTACGAACACCGG,0.69385
GCCGGGGCCTCAGGTGTGTGTGG,0.65348
GTATCGATAAGGGAGCCCTGTGG,0.89408
ACTCAAACTGCGGCTCAACCTGG,0.58553
ACATGTCCCTGGACTGAGGTGGG,0.68269
TAACTGCTCCCATAAGTACTTGG,0.59495
CCTTAGGCTTCACCATTGGACGG,0.59964
TCGAAGTGAGAGTGAGCGGGTGG,0.74222
AGAGCGCTCTGGTGTATGGCTGG,0.61603
CTCACACCTTCACCTACACGGGG,0.70975
AGCCTTACTCGGAGAAGCAGAGG,0.63551
CATCGACTTTGCCATTCAGGTGG,0.58035
GCTTGGGCAGTGGCAGCAGCTGG,0.50469
GGCACTGTTACCCTCTGGCATGG,0.55351
AGAGGTGGCAATCCGGCAGTGGG,0.6791
TTGGTCGTACTGTTTGGGGTGGG,0.65016
TGCTCATCCCCAGAGACAGCAGG,0.63086
GGGGTCCTGAGGGTAAACATCGG,0.68453
CCTGTGCTGTCCTAGTGCCTTGG,0.56531
GGCTAGTTGCGTGAGTGGCTTGG,0.53786
ACTGATAGCAGAATTAAGACCGG,0.60606
GTAGCTGCCCACCAGATCCGAGG,0.72034
GACCAAGCCTGTGCTCAGGTCGG,0.65115
GGTGGCGGTCGCAGGAGGAGCGG,0.65659
AGGAACAGAAGAACTTCCAGAGG,0.68171
GGCAGGATCATCAAAGGGAGAGG,0.56394
TGGACGGGGCAATAGGCAAGTGG,0.7607
TGAACCAGAAGGATAACTTCTGG,0.55422
TGAGAAGATCCGCCCTGGAGAGG,0.63941
TCCAGCTCTCTAGAGCGCTCTGG,0.56772
GGATCATCAAAGGGAGAGGGAGG,0.66094
ATTGCCACCTCTACATCATGGGG,0.72813
CAGTCTCCGTGTACAGAAGTAGG,0.64271
GAATGAACTGAGTGTAGTTGAGG,0.68808
TTGGAGAAGGGTCAGCACCTGGG,0.69594
CTCACACAGGACTATGGAATGGG,0.58506
ACAGAGGTCTTATAAGAGGAGGG,0.75235
GGTGTCATTGCTATGTGAATGGG,0.57301
AAAGGGACAGCAGAAACTGGTGG,0.68883
CCTTACCTCCCTCTACAGCCAGG,0.61756
CACCCAGCAGACCACGGAGTGGG,0.60383
GGCCAGGGCCTGCAGGAAGTGGG,0.54588
TTGTGCTGCTCCTCTAACAATGG,0.58335
GGATTGGGACCTAGCAAGGATGG,0.59122
GGTCATAATGTGAAAGGTGCTGG,0.45324
TCCCCTACTATGCCCTGTGAGGG,0.60475
GAGCAGCAGATCAAGGAGCGGGG,0.71295
CCCTTCCTGACACTGGTCGCAGG,0.55458
ACCACAAGTGCCATTGTTAGAGG,0.53542
CATGTCCTCAAAGAGAACACTGG,0.69968
CTGTCTCCACAGAGATGTTGCGG,0.58598
AATCACCAAGGATATCTTGAAGG,0.59049
TCCAGGGTAAGTTGGTCGGGTGG,0.61542
TGTCCTCACACAGAGACTTAAGG,0.60808
CTACGGGCTGGGCAAGATGGCGG,0.57289
ACCAGAGCGCTCTAGAGAGCTGG,0.5209
ACCCTCGAAGTGAGAGTGAGCGG,0.58772
GACCTTGCCTTTGGAGCCCCTGG,0.45239
CTTTGGGTACCTTTGAGTGGAGG,0.6848
CCAGCCAGCTACCAAGACAGAGG,0.67799
AGTCAGAGCGTTCAAAACTATGG,0.60187
CAAAGCTGTAGCGGTTAGCAGGG,0.6513
CAGCAACCTGCGGTGCCCCAAGG,0.54359
TTGTCAGCTTCCTCAGGAATGGG,0.54315
CAGATGGCACAGGTCTTTGAGGG,0.48452
AGTAGGCAAGCCGGCGGGACAGG,0.49545
TCCTCCTTAGGCTTCACCATTGG,0.5149
CACATGTCCCTGGACTGAGGTGG,0.60125
CTGGTTTGGAACAGTCCGAGTGG,0.69918
GGGTGGTGCAGGAGGTCCGGAGG,0.66611
GTTGGTCGTACTGTTTGGGGTGG,0.59574
TGCCGCTGATGATGATCTCCAGG,0.56995
TCATCGGCAGGATCATCAAAGGG,0.58892
TTGCGTTCCTCAGTACTGGGTGG,0.68568
TGAAGGTTCTGAACCGCAAAGGG,0.56828
TCCTGCGACCAGTGTCAGGAAGG,0.58486
TCCATCCACGATGCGGTTCTGGG,0.48798
GAGAGGGAGGCCGGGGACCAGGG,0.47627
TCTCAAATCCTCGGATCTGGTGG,0.48295
GAAGATTGAAGGGACCCTTGGGG,0.71828
TTGCCTTAAGTCTCTGTGTGAGG,0.60205
AAAGGCTGCTGGGGAAGAATTGG,0.3685
CGATTCCATCTTCAAGAAGGAGG,0.62225
CCCTCGAAGTGAGAGTGAGCGGG,0.66001
GCTCACACGTGATGACATCTCGG,0.59535
TTGGTAGTTCACCAGCATTAAGG,0.50111
GCACCCAGCAGACCACGGAGTGG,0.72475
AGAGTGTCGATCATGAACTCAGG,0.72552
GGCTCCCTTATCGATACCAAGGG,0.68093
GGGAATAGTACCTGGGGGATGGG,0.35655
TACTATGCCCTGTGAGGGGAAGG,0.52137
ACACACCTTAACTACAGGCAAGG,0.6786
CCTCTCCTCGAGCCACTCGCCGG,0.62044
TCATTGTCCAGCAGTCGATGTGG,0.66506
GAAGAACTTCCAGAGGAGGAGGG,0.6394
ACTATGCCCTGTGAGGGGAAGGG,0.56157
GCCTGGGCACTACTCAACACTGG,0.61285
ACGCAAGAAGAAGTCCACCAAGG,0.66132
TTGTGGCCCTGGCAGGTGGGGGG,0.59913
CCTGCGACCAGTGTCAGGAAGGG,0.64471
TTATCCTTCTGGTTCACTTGGGG,0.60074
ATCGACTTTGCCATTCAGGTGGG,0.53683
CCTTGGCGATGTTCTCCAAGAGG,0.61812
TCAGTACACCCCATACCTATCGG,0.54918
CAGATCACGAGCTTTGCCCTTGG,0.47563
TTAGCAGAGTCAGGGCATGTTGG,0.56659
ACAGGACTATGGAATGGGCCCGG,0.5352
CTCCTCAGATGATGATGCTGTGG,0.63853
AGAAGATTGAAGGGACCCTTGGG,0.53356
CCTCTGTCTTGGTAGCTGGCTGG,0.4479
ACTCACCTGCAGGTAGTGGCTGG,0.56316
CTCCTGCACCACCCAAACCCTGG,0.52685
AGTAAGAAGGAAGAGGTGTTTGG,0.40099
AGGGCAGGATGAACAACGCGAGG,0.65438
TCCTGAGGGTAAACATCGGGAGG,0.57825
TAGAGGTGGCAATCCGGCAGTGG,0.50654
ACAGGGGATGCGGAACTGAAAGG,0.60194
ATTCCTACTGTAGGCTTGTCTGG,0.33723
ACTCACACAGGACTATGGAATGG,0.63756
TTCTCAGGCTCTAGCAGGGTAGG,0.52115
TAACCAGCCTGCTGTCTCTGGGG,0.65635
AGGACTCTGAGCCAGGGGCCCGG,0.37565
CAGCCTTTAACACATGTCCCTGG,0.56508
GAATATTCACTCAGCATCAGTGG,0.61557
TTATAGAACCAGGGTTTGGGTGG,0.66475
CTACTTTGGGTACCTTTGAGTGG,0.55487
TCAGGACCCCAAACAGAAGGAGG,0.68791
CAGCTTCCTCAGGAATGGGTAGG,0.58892
GGGAGCACTGGGAGCAGAAAGGG,0.46428
GAACCTGGCGAAGAAGTTGCAGG,0.52456
GACATGTGTTAAAGGCTGCTGGG,0.50377
CTACTGCAACGTGGAGCCATCGG,0.6106
AACATGTCTCTTCTTAACCTTGG,0.4798
AGCTCACACCTTCACCTACACGG,0.53774
CTTAGGCTTCACCATTGGACGGG,0.6153
GTGATCGACAAAAGCAGAAGAGG,0.53176
TAGGTCCCAATCCAAAGATTCGG,0.58696
GAGGTGGCAGTGGTGGTCGGAGG,0.53858
CAAGAGGGAGTTCATCTCCTGGG,0.50727
CCGGCGAGTGGCTCGAGGAGAGG,0.54728
TTAAGCAATTCATCCTCTCCAGG,0.4105
TAGCAGAGTCAGGGCATGTTGGG,0.45515
GTTAGCACCAGCGATAAGAAGGG,0.66964
GACGGTATGGGTCCACACGAGGG,0.65477
ACATCTGGCTTCTCAGGGGATGG,0.51152
GCAAGACCAAGCCTGTGCTCAGG,0.56302
AAAACCAGGGGCCGGTGCTGAGG,0.4185
AGAAGATGGCTGAATACTACCGG,0.57715
TAACAGTGCCTTCACTCAGCAGG,0.45457
ATGGACTGACCTCCACTCAAAGG,0.59631
GCCTCCCGATGTTTACCCTCAGG,0.5676
TAAGGTGTGTTATAGAACCAGGG,0.69764
TTTCTATCCGACCTGAGCACAGG,0.66476
CCCGCTCACTCTCACTTCGAGGG,0.51305
ATCCAAAGATTCGGTTACAAAGG,0.41695
GGCAGCACTCCAGGGTAAGTTGG,0.54438
GCTTCTCAAATCCTCGGATCTGG,0.47396
GTGCACCTGGCTGTAGAGGGAGG,0.60233
CCCTCAGGACCCCAAACAGAAGG,0.56093
GGCTGCTCCACCCAGTACTGAGG,0.61098
TCAGCAGTGGGGAAGGCTTCAGG,0.3575
TCTAGCAGGGTAGGAGCAGGCGG,0.55216
TCCAACAGTCAGCAGAGACAGGG,0.58657
CCCCAAGAGAGTGGTGCTGACGG,0.46831
TTAAGGTGTGTTATAGAACCAGG,0.49284
GCGCTCTGCAGAGGAGCCATCGG,0.62788
TTCTGCATTGGTAAGCGCACAGG,0.5606
CCAGGTAATAGGCGCGGGGCCGG,0.38815
TGCAGCAATCTCTGAGACCAAGG,0.68035
CTTGCCCCATGATGTAGAGGTGG,0.57535
GGAGTGGGCCATGCTCCTCCTGG,0.4773
CACAGAGGTCTTATAAGAGGAGG,0.5623
CTTCCTTCTTACTGAAAATGGGG,0.49334
TTGCTGCTGCCGGTACACAGAGG,0.66988
TACTACCGGCCAGGGCCTGCAGG,0.43725
ACCAAGTGTTAATGGCACTCTGG,0.43731
GTTATCCTTCTGGTTCACTTGGG,0.42189
CCCAGCCGCGGCCGCTTCAGGGG,0.42722
CCCCCCAAAACTGACAAACCGGG,0.50318
GCACTCCAGGGTAAGTTGGTCGG,0.52634
TAAACCCATGACGCCAGTCATGG,0.64589
GTCATCGGCAGGATCATCAAAGG,0.51474
GAAGGGCTGCTGGCTCAATAGGG,0.50423
CCTGCCTCAGGATGAACTGACGG,0.65943
GTGCTGCCCACAACCATGACTGG,0.46403
GCTGTCTCTGGGGATGAGCATGG,0.56416
CTTATAAGACCTCTGTGTACCGG,0.60208
CCAGGGTAAGTTGGTCGGGTGGG,0.5983
GACTGGCAAGGATTGAGCTGCGG,0.63958
GTAAGCGCACAGGACGGTATGGG,0.65227
CTCACACGTGATGACATCTCGGG,0.5184
GTCGTGTCTTCACAGTACTCTGG,0.40943
CTTGGCGATGTTCTCCAAGAGGG,0.58782
CATCATCATCTGAGGAGATCTGG,0.36516
CAGCAGGTGGCGGTCGCAGGAGG,0.4974
GTTCTGGGTGTACAGGCCTATGG,0.49697
GCAGATCAAGGAGCGGGGACAGG,0.41918
TCGTGAAGCATGGGATGAACCGG,0.54505
ACGAACACCGGCCCCTGAAGCGG,0.48689
ATCAGAAGCCGCAGATGAGAAGG,0.46144
ATGGCTGAATACTACCGGCCAGG,0.44511
TGTGTTATAGAACCAGGGTTTGG,0.48563
ACCACACACACCTGAGGCCCCGG,0.4877
ATGACATCTCGGGTCTGCTTGGG,0.52742
AGAAGAACTTCCAGAGGAGGAGG,0.48694
GTGCCTGCAGAAGGAGTTGGGGG,0.57322
CCCCAAAACTGACAAACCGGGGG,0.66307
GGCTCCAGGTAATAGGCGCGGGG,0.59761
CAGGACTATGGAATGGGCCCGGG,0.56376
TGCATGAGGCACTCAAACTGCGG,0.60863
ACTGCTGGACAATGAGGATGGGG,0.55766
ATGGGAGCAGTTACAGAAGATGG,0.58351
TGGCACTCACCTGCAGGTAGTGG,0.47322
TTATGGTGTGACAGTGCCTCCGG,0.50136
TGCTTATGTGCCCTCAGCACCGG,0.51733
TTACTTCCATCAGACTGGCAAGG,0.50389
TGGTGCTAACATGTCTGAAAGGG,0.56556
AACTGCACATGCTGCACCAGAGG,0.5587
CGCAAAGGGACAGCAGAAACTGG,0.37232
TGGAGCCTTGCCTGTAGTTAAGG,0.39325
TAACACTTGGTTCACTGACTTGG,0.44218
CAGGTCACTAAAGGGAGTCGAGG,0.55499
GGACTGCCCTTCCCCTCACAGGG,0.51401
GAGAAGATTGAAGGGACCCTTGG,0.51674
GGGCTCCCTTATCGATACCAAGG,0.54905
CCTGGCTGTAGAGGGAGGTAAGG,0.48676
CCCCCAAAACTGACAAACCGGGG,0.55709
CAGCCACGATGCACAGGCACAGG,0.45771
TTCCTACTGTAGGCTTGTCTGGG,0.47479
TCCCCTCACAGGGCATAGTAGGG,0.40177
GGCAGTGGTGGTCGGAGGCAGGG,0.4812
ACATCGGGAGGCCCCAGCCGCGG,0.49798
GGTAAGCGCACAGGACGGTATGG,0.43696
GCCGCGGCCGCTTCAGGGGCCGG,0.35776
CAGAACCTTCAAGATATCCTTGG,0.47375
CCAGCGATAAGAAGGGCTGCTGG,0.42703
CACCCAAGGAGAAGATTGAAGGG,0.47218
AAACCAGGGGCCGGTGCTGAGGG,0.4133
TAGGTGAAGGTGTGAGCTGCAGG,0.40293
GACCAGGGGCTCCAAAGGCAAGG,0.57384
CCCCATACCTATCGGGATCATGG,0.44286
ACTTGGTTCACTGACTTGGCTGG,0.469
ATCGGAATCAAATATGCGCTGGG,0.47843
TGCCGATGACCCAGAGCACAAGG,0.55985
CATGACGCCAGTCATGGTTGTGG,0.49848
TCGAGCAGCAGATCAAGGAGCGG,0.50724
CAAGCTCCTGGAGAAGAGACAGG,0.62926
ACTTCATACTTTGGAAGTGCTGG,0.4441
ACATACCTGCAGTAGCTTCCTGG,0.42391
CTCAATCCTTGCCAGTCTGATGG,0.38324
ATGACGCCAGTCATGGTTGTGGG,0.4984
GCACATAAGCAGGTCACTAAAGG,0.44021
TCCATAGATTCTGAGAGCCCTGG,0.52269
GAGACATGTTGACCCTTTCATGG,0.44708
GGTGGGGGGCATGTTTGACACGG,0.60899
GCTGCATGAGGCGCTGCGCCTGG,0.36056
CATGTCATACCACTTGCCTCTGG,0.51474
TGAGGCCAAAAACCAGGGGCCGG,0.47845
TCTCGGTGTAATCCCACTGCCGG,0.56964
GAGTGCAAGTATACATGTTGTGG,0.52869
TTTGGGTGGTGCAGGAGGTCCGG,0.34398
TGTGTGGCGTCGTGAAGCATGGG,0.59986
CCAGGGCCTGCAGGAAGTGGGGG,0.46123
CCATAAGGGCCGCTCCGACCCGG,0.44508
TCTCGGGTCTGCTTGGGCAGTGG,0.43281
CTCAGAGATTGCTGCATAGTAGG,0.37968
GTACACAGAGGTCTTATAAGAGG,0.59037
AGGATTGAAGCTGACGTTCTTGG,0.35361
AATAACCAGCCTGCTGTCTCTGG,0.26942
CCTTCTGTTTGGGGTCCTGAGGG,0.52743
TGCCATCAAGAAAATCACCAAGG,0.62215
AGAAAGGGAGCCAGAGGCGATGG,0.43041
GAAGCCAGATGTCGAGAAGGAGG,0.61125
TCTGGTCCTGGTTGAGGATGAGG,0.41237
CAGCACCACTCTCTTGGGGCTGG,0.40029
GTGGGGAGGATGGGCAGAAGCGG,0.44342
CATAAGGGCCGCTCCGACCCGGG,0.51842
CACTCCAGGGTAAGTTGGTCGGG,0.34277
ATGGTTGTGGGCAGCACTCCAGG,0.34529
CCGTCAGCACCACTCTCTTGGGG,0.59491
GATTGCCACCTCTACATCATGGG,0.48217
GCAGGATCATCAAAGGGAGAGGG,0.55181
TGGCTCCACGTTGCAGTAGATGG,0.4856
GTTGCCCTTGGTATCGATAAGGG,0.43965
ACTAGGACAGCACAGGAGGATGG,0.67164
CCAGTCAGACAGTCTGGAAAAGG,0.51365
GGATTGCCACCTCTACATCATGG,0.53168
GAAACTGCAGGAGGACATCCTGG,0.50164
GGCTCTAGCAGGGTAGGAGCAGG,0.49188
ATCCGACCTGAGCACAGGCTTGG,0.53429
GTGGACCGGCGAGTGGCTCGAGG,0.54108
TGGACTGCCCTTCCCCTCACAGG,0.34361
TGAGAAGCCAGATGTCGAGAAGG,0.52261
TGTAATACCCTTCCTGACACTGG,0.54543
AGGTCACTAAAGGGAGTCGAGGG,0.59711
CCCCTGAAGCGGCCGCGGCTGGG,0.25696
CCCTGAAGCGGCCGCGGCTGGGG,0.30751
TCCTTCTGTTTGGGGTCCTGAGG,0.42086
GGCCCACTCCGTGGTCTGCTGGG,0.3372
GGGGCTGTGGTTCCACGATAGGG,0.46593
CCCCCACTTCCTGCAGGCCCTGG,0.27035
CACTTCCTGCAGGCCCTGGCCGG,0.39043
CGTCAGCTTCAATCCTGCCAAGG,0.49081
ATAACCAGCCTGCTGTCTCTGGG,0.33428
CTGGTGCTAACATGTCTGAAAGG,0.47903
CCCCTCACAGGGCATAGTAGGGG,0.49596
TCTCGACATCTGGCTTCTCAGGG,0.35742
GGCTTCCTGCGACCAGTGTCAGG,0.40051
GCTCACACCTTCACCTACACGGG,0.50533
GGACGGTATGGGTCCACACGAGG,0.51578
GGAGGCACTGTCACACCATAAGG,0.45861
CCACCCAAGGAGAAGATTGAAGG,0.43144
GACAGGCAGTTGAAGTTCGCTGG,0.47596
ACATGTGTTAAAGGCTGCTGGGG,0.54514
GTTTGCAATCATCTAAGTACTGG,0.4759
GGGAGCAGAAAGGGAGCCAGAGG,0.48599
GACTGCTGGACAATGAGGATGGG,0.44687
TCCTCTAACAATGGCACTTGTGG,0.50005
ATGACTCCCAGCTCTTCCTACGG,0.49908
CTCCTGCGACCGCCACCTGCTGG,0.46055
GGAGGTCAGTCCATGTCCATAGG,0.4924
GGCGGCTCCTCATCTTCTGGGGG,0.49269
GTACTGGGTGGAGCAGCCCCCGG,0.53461
TGTTAGCACCAGCGATAAGAAGG,0.45859
AACCAGGGTTTGGGTGGTGCAGG,0.33973
GGTCCCTTCAATCTTCTCCTTGG,0.4202
CGAGCAGCAGATCAAGGAGCGGG,0.39829
CGGGTGGGCAGCTTCTGCATTGG,0.44265
GGTGGGGATGCTTTACTTGTTGG,0.36119
CCCACCCGACCAACTTACCCTGG,0.47645
TCCTGGAAAATGGGAGCACTGGG,0.44361
CTGGGAAGTCTGCAAACCGTAGG,0.55788
CAGGGTTTGGGTGGTGCAGGAGG,0.38907
CGACTGCTGGACAATGAGGATGG,0.43652
TGTTACCCTCTGGCATGGGCAGG,0.451
CATCGGAATCAAATATGCGCTGG,0.45235
CTATAACACACCTTAACTACAGG,0.39979
GTGGCTCCAGGTAATAGGCGCGG,0.44463
GGAGATCGAGCAGCAGATCAAGG,0.45344
GAGGCACTGTCACACCATAAGGG,0.55565
GTGATGATCTGAGTCCATTCTGG,0.3989
GAAGAGACAGGCGGAGATTGAGG,0.42716
CCAAGTGTTAATGGCACTCTGGG,0.3897
TGGCGAAGGCGCTGTCCTTGGGG,0.4517
CTCCTTGTGCTCTGGGTCATCGG,0.30582
GGTTCAGGCTTCACTGTGACAGG,0.32294
GGAGCGCCAGTCAGACAGTCTGG,0.41655
TACCTGGGGGATGGGAAAATGGG,0.40606
TCAATCTTCTCCTTGGGTGGGGG,0.4374
TTCGTAGCTCAAGATCCCGAAGG,0.63131
GATCTGCTCCAGAACATTCCGGG,0.42353
CCTCTACAGCCAGGTGCACCAGG,0.4218
GCCACTGCCCCCAGAAGATGAGG,0.4402
GGTCAGTCCATGTCCATAGGTGG,0.42151
CCTGGTGCACCTGGCTGTAGAGG,0.38284
GATATCTTCAGCAGTGGGGAAGG,0.48114
GCCCCACACAGACGTGCATAAGG,0.43001
GGCTGAGGAGCAGGGGTGGTGGG,0.43891
CCTTCAATCTTCTCCTTGGGTGG,0.38333
CAGTCCATGTCCATAGGTGGGGG,0.43816
TGGCTCCAGGTAATAGGCGCGGG,0.38685
AGCCGTCAGCACCACTCTCTTGG,0.32936
ACTCCTTATGTTTCTCATGTGGG,0.41744
CCGGGGACCAGGGGCTCCAAAGG,0.3682
GGGGGCACCATGGTACCTGCAGG,0.32306
CCAGCCAGAAGTTATCCTTCTGG,0.3434
CAGCGGTTGGTCGTACTGTTTGG,0.26059
GGGCGAGATCTTCTGTTTGGTGG,0.37559
AGTTGGGGGCTGAGGAGCAGGGG,0.43368
TCCCTTTGTAACCGAATCTTTGG,0.27925
CACATAAGCAGGTCACTAAAGGG,0.379
GATGCTGCGCAGCACGTACTTGG,0.44689
CCACAGCCCCCACTTCCTGCAGG,0.45005
TGTGCCTGCAGAAGGAGTTGGGG,0.46284
TTACCTGCAACTTCTTCGCCAGG,0.39867
ACTATGGAATGGGCCCGGGTCGG,0.52553
TGCAAACCGTAGGAAGAGCTGGG,0.48323
TCAGGTCTCCCGGAATGTTCTGG,0.36685
GCAAAGATATCTTCAGCAGTGGG,0.41372
GTGGCTGGTTCTGGGTGTACAGG,0.33069
CTGGTGCACCTGGCTGTAGAGGG,0.39663
TCCTCATCTTCTGGGGGCAGTGG,0.39678
GTCAGTCCATGTCCATAGGTGGG,0.38369
ATTGGAGAAGGGTCAGCACCTGG,0.37957
CTATCTTTGCCTGGAGCTGTTGG,0.36154
TTGTGCTCTGGGTCATCGGCAGG,0.38273
GGGGGCTGTGGTTCCACGATAGG,0.3251
CGCAAGAAGAAGTCCACCAAGGG,0.48963
TGGGTGTCTGCTGCAGTGTCTGG,0.33427
CCAGGAGATGAACTCCCTCTTGG,0.39114
AGTGGCTGGCACTCACCTGCAGG,0.43083
GTGGGATTACACCGAGAAGCTGG,0.47015
CCAACCGCTGGTTGCACTCATGG,0.39543
AGGCACTACTCACATTGTTAGGG,0.32766
GGCAGAAGCGGCGACGCAACCGG,0.28062
TGTTGCCCTTGGTATCGATAAGG,0.37425
CCCGTGAACCACAGGGGATGCGG,0.397
CTAGTTGGGGGCTGAGGAGCAGG,0.22623
TCAGTCCATGTCCATAGGTGGGG,0.40072
GCAAGTGGTATGACATGCCAAGG,0.49612
AGTCCGAGTGGACCGGCGAGTGG,0.46714
GAGCCACTCGCCGGTCCACTCGG,0.41641
CACCTGCAACAGCGGCCCAGTGG,0.58846
CCCCAGCCGCGGCCGCTTCAGGG,0.27465
AAGAGCTGGGAGTCATCTGATGG,0.49438
GTACCTGGGGGATGGGAAAATGG,0.27309
CACCAGCAGGCCCCCACCTATGG,0.38219
TTCTTGCGTTCCTCAGTACTGGG,0.3512
AACTACAGGCAAGGCTCCATAGG,0.41076
CTTCAATCTTCTCCTTGGGTGGG,0.30542
CACAACCATGACTGGCGTCATGG,0.33923
GGGGCACCATGGTACCTGCAGGG,0.46984
AGTTATCCTTCTGGTTCACTTGG,0.2234
CTACCTGTAGGATACAGCTGAGG,0.7396
GTACCCATAGGATGGAATGCTGG,0.61117
CCTGTGCCTGCAGAAGGAGTTGG,0.33097
GCTGCGTTTCTTGCCCTTGGTGG,0.36481
GAGGCACAATAGGAGCAAGCTGG,0.56546
GGAATGGGCCCGGGTCGGAGCGG,0.41121
TTCTATGCCCTCAGGATCCAGGG,0.50205
AGTGGTGGTCGGAGGCAGGGTGG,0.66376
GCCTAGCCCCGTGTAGGTGAAGG,0.46221
TTGGAACAGTCCGAGTGGACCGG,0.45392
ACAACCATGACTGGCGTCATGGG,0.38959
AGCAAAGATATCTTCAGCAGTGG,0.3931
TGCCCTTATGCACGTCTGTGTGG,0.3964
TCTGGGAGGCAGCCAGCAGGTGG,0.56142
CAGCGCATATTTGATTCCGATGG,0.42725
CCAGGGCGAGATCTTCTGTTTGG,0.36174
GATAGCAAATGAGCTGCATGAGG,0.59105
AGAGGGAGGCCGGGGACCAGGGG,0.4152
AATATGTTGGTACTGGGCTGTGG,0.43878
CGGCCAGGGCCTGCAGGAAGTGG,0.31356
GTACCGGCAGCAGCAACCTGCGG,0.77481
TGCAGGTAGTGGCTGGTTCTGGG,0.28517
GGCTTGGTCTTGCTGCTGCTGGG,0.3331
TTCTCCCTTTAGCAGAGTCAGGG,0.4337
TCTCCGCCTGTCTCTTCTCCAGG,0.34197
TGCTCACACCATCCAGCTGCAGG,0.33653
GGTGGGTGCTCTGGTAAGGCTGG,0.28584
CTACGGTTTGCAGACTTCCCAGG,0.42819
TTCCCCTCACAGGGCATAGTAGG,0.36346
GCACCGCAGGTTGCTGCTGCCGG,0.28814
AGCCAGCAGGTGGCGGTCGCAGG,0.33746
CAGCAACACACAGGCCCTGCAGG,0.34423
ACAGGCGGAGATTGAGGCTGAGG,0.44268
CAGAGTTGTCTCACCTTGGCAGG,0.24055
CTGCTGGTGCACATAGCCACTGG,0.37566
CTGGGCACTCATTGGAGTCATGG,0.31732
TGGGGCACCATGATCCCGATAGG,0.44862
ATCCTGGAAAATGGGAGCACTGG,0.34417
GTGCTGCTAGTTGGGGGCTGAGG,0.30386
CTTTGGATTGGGACCTAGCAAGG,0.35153
CCCAGAGTGCCATTAACACTTGG,0.40245
GTGAGGTACCTAAGAATGTCAGG,0.38842
AGGAGGACATCCTGGAAAATGGG,0.35638
GGGCCGCTGTTGCAGGTGGCGGG,0.36234
CCTGCAGGAAGTGGGGGCTGTGG,0.34381
GCTCCTGGAGAAGAGACAGGCGG,0.64612
CCCCAACTTCCCCACCTGAATGG,0.32795
GGACATGTGTTAAAGGCTGCTGG,0.277
CAGGAGGACATCCTGGAAAATGG,0.29888
GTGTTATAGAACCAGGGTTTGGG,0.36466
TGGGCCGCTGTTGCAGGTGGCGG,0.34009
TCAAAGAGAACACTGGAACTAGG,0.39349
TGGGGGCTGAGGAGCAGGGGTGG,0.41622
AGATCATCACCAAGTACTTATGG,0.3271
TTGCCTGGAGCTGTTGGCGAAGG,0.34354
ATGCTGAGCGTGCTCATCAATGG,0.32287
GCGCCTTCGCCAACAGCTCCAGG,0.30019
TGGCAGTGGTGGTCGGAGGCAGG,0.2152
CAGGCCCCCACCTATGGACATGG,0.37286
GATGCGGAACTGAAAGGTTCAGG,0.3777
TGCTGGTGCACATAGCCACTGGG,0.45383
CTCGAGGAGAGGAGCAGCAGCGG,0.40691
AAGGCTGGCTGGAGTAGCTGGGG,0.33001
AGGCGGCTCCTCATCTTCTGGGG,0.40382
TCTTCTGGGGGCAGTGGCAGTGG,0.31684
CGCTGTCCTTGGGGCACCGCAGG,0.29064
CTGCAAACCGTAGGAAGAGCTGG,0.31212
AGCGGTTGGTCGTACTGTTTGGG,0.21196
CCTTCAGCCTCCTTGTGCTCTGG,0.22908
GAGGAGGTGGCAGTGGTGGTCGG,0.36061
CGTCCAAATATGTTGGTACTGGG,0.33971
CACTGGGCCGCTGTTGCAGGTGG,0.37281
ACTCACGCAACTAGCCAAAAAGG,0.35441
TGTAACCGAATCTTTGGATTGGG,0.30471
CCAGGATTCAGAGGCACAATAGG,0.34478
CTACCCGCCACCTGCAACAGCGG,0.55019
AGGATCTACAAGAGTAGGATTGG,0.38879
ACGGAGACTGGCCCTGCAGCTGG,0.33724
AGTGAACAGGACTCTGAGCCAGG,0.35352
AGTAGGATTGGTAGAAGGGTGGG,0.50713
TGGGCAAGATGGCGGCCTTCGGG,0.25795
GTTGGTACTGGGCTGTGGCTGGG,0.31731
CCTCAAAGACCTGTGCCATCTGG,0.28068
CAGGTAGGATGGCTGTTGAACGG,0.40776
GATCATCACCAAGTACTTATGGG,0.32382
TAGCATCTCGCAAGGTAGCATGG,0.38514
AAACATAAGGAGTATAGCCCTGG,0.49316
TCGTGTCTTCACAGTACTCTGGG,0.28978
CGATCTCCCGCAACTTTGCACGG,0.31903
GTCAGGTCTCCAGGATTCAGAGG,0.48425
CTGCATGAGGCGCTGCGCCTGGG,0.30607
GCCCCTGAAGCGGCCGCGGCTGG,0.20558
AGATCTGTACCTGGTGCACCTGG,0.34128
CAGGCACTACTCACATTGTTAGG,0.26823
GTTGGCGAAGGCGCTGTCCTTGG,0.25505
CAAAGAGAACACTGGAACTAGGG,0.39827
GACCATGCGCCAGTCTTCCTTGG,0.27479
GCCGTCAGCACCACTCTCTTGGG,0.26892
GGAGTCATGGTACTTATCATGGG,0.50164
GCGTCCAAATATGTTGGTACTGG,0.2878
TAAGGCTGGCTGGAGTAGCTGGG,0.30133
GTCAGTGAACCAAGTGTTAATGG,0.27447
GAGGAGGGAGGAGGTGGCAGTGG,0.3435
ATGACTCCAATGAGTGCCCAGGG,0.57279
TGTTGGTACTGGGCTGTGGCTGG,0.22481
TGTCATCACGTGTGAGCCACAGG,0.34235
ATTGAACTTACTGAGAAATCAGG,0.27836
GAGGAGCATGGCCCACTCCGTGG,0.54284
GCTGTCAGCTGCAAGCGTTCTGG,0.33568
AGTCCAGGGACATGTGTTAAAGG,0.29026
CTGGCTGCGTTTCTTGCCCTTGG,0.25869
CGCTTTATGCGCTGCCGCTGGGG,0.26074
TGGTAGAAGGGTGGGTGCTCTGG,0.2437
CAGGTAATAGGCGCGGGGCCGGG,0.23201
TTGCTATCCACATCGACTGCTGG,0.33136
CATGAACATGGCCAGCTTCTCGG,0.2596
CGGGTAGGATCTACAAGAGTAGG,0.45297
CAGTGGCTATGTGCACCAGCAGG,0.37651
CTCCATCCACGATGCGGTTCTGG,0.17447
TAGTTCCAGTGTTCTCTTTGAGG,0.31352
GTCCCTTCAATCTTCTCCTTGGG,0.27928
TGCTGAGCGTGCTCATCAATGGG,0.26842
ACATGCCTCCTTCTTGAAGATGG,0.35686
TCAGTAGCGTCCAAATATGTTGG,0.53624
CATGACTCCAATGAGTGCCCAGG,0.40881
AACGCACCTCCTTCTGTTTGGGG,0.3097
ACCCGCTCACTCTCACTTCGAGG,0.34949
CACAGGCCCTGCAGGTACCATGG,0.47138
CAAGAGTAGGATTGGTAGAAGGG,0.38823
GTTCTATGCCCTCAGGATCCAGG,0.27782
CCTATTGTGCCTCTGAATCCTGG,0.30515
GAAGGGTGGGTGCTCTGGTAAGG,0.30477
GCTGGGACTGGGGCTGGGGTTGG,0.1556
CTGGGACTGGGGCTGGGGTTGGG,0.11053
CTCTAGAGCGCTCTGGTGTATGG,0.26894
TGGCTGAATACTACCGGCCAGGG,0.40359
GGGGAATAGTACCTGGGGGATGG,0.3211
CTGGGGGATGGGAAAATGGGTGG,0.50679
CTTCTTGCGTTCCTCAGTACTGG,0.24088
TCCAGGGCTCTCAGAATCTATGG,0.3538
TGGAGTCATGGTACTTATCATGG,0.23365
TACTCCTTATGTTTCTCATGTGG,0.38155
GGTGCTGAGGGCACATAAGCAGG,0.38866
ACAAGAGTAGGATTGGTAGAAGG,0.37707
CCTAAGAATGTCAGGTCTCCAGG,0.30429
CTGCCACTCACACAGGACTATGG,0.38352
GCCCCCCAAAACTGACAAACCGG,0.30781
TGCAGGTCCGTGCAAAGTTGCGG,0.26233
TTCTCGACATCTGGCTTCTCAGG,0.16057
GAACGCACCTCCTTCTGTTTGGG,0.1808
GTCCATAGGTGGGGGCCTGCTGG,0.25417
AGCCACTGGGCCGCTGTTGCAGG,0.21973
TCCAAAGATTCGGTTACAAAGGG,0.28048
GCCCTTGCCCCATGATGTAGAGG,0.42188
TTGGCGAAGGCGCTGTCCTTGGG,0.23273
CTGCTGCTGCTCAGGTAGGATGG,0.28367
CCAGCAGCCCTTCTTATCGCTGG,0.33207
CCAGAAGGATAACTTCTGGCTGG,0.45778
CTGTGCCTGCAGAAGGAGTTGGG,0.26137
TGATCTGCTCCAGAACATTCCGG,0.31906
TGGCAGTGGCTCCAGGTAATAGG,0.21677
CGCTCGGCAGTGTTTGCTCCTGG,0.22054
TGGACGCCCTGGGCACTCATTGG,0.2598
TTCAATCTTCTCCTTGGGTGGGG,0.23713
GTGCCCTCAGCACCGGCCCCTGG,0.32698
CAGGCGGCTCCTCATCTTCTGGG,0.21595
GTCCAGCAGCTACCTGGGGCTGG,0.29114
TGCCTGTGATGCGGGCTGCCTGG,0.20091
TGGTGTCATTGCTATGTGAATGG,0.22348
CCTGGGGCTGGGACTGGGGCTGG,0.18923
CTCTCACTTCGAGGGTCCGCTGG,0.35741
AGTGCCCAGGGCGTCCAGGCAGG,0.34319
CTGGGCAAGATGGCGGCCTTCGG,0.20282
GCTGGCCATGTTCATGTTTCAGG,0.20071
CAGCTACCTGGGGCTGGGACTGG,0.1669
CTACTTCTGTACACGGAGACTGG,0.47517
ACAAATTTGGGGAGCTCTTCAGG,0.15199
GGAGGTGAAGCCCCCACCCAAGG,0.38231
TTGAAGGTTCTGAACCGCAAAGG,0.31318
GAGTAGGATTGGTAGAAGGGTGG,0.40919
GACGCCTGCCTGGACGCCCTGGG,0.29344
CGCTGTTGCAGGTGGCGGGTAGG,0.32043
TCGAGGGTGTGCTGCTAGTTGGG,0.18416
GCCTCATGCATAAGCTGCTTTGG,0.22308
TAGTGCCAAACCAAGGCACTAGG,0.48312
CAGCCCAGTACCAACATATTTGG,0.23465
CCTGTTGCTGCTGTTGCTGCTGG,0.1925
TTTCTCCCTTTAGCAGAGTCAGG,0.28727
GACTGGGGCTGGGGTTGGGGAGG,0.3904
CGAACGCACCTCCTTCTGTTTGG,0.20347
TGGGACTGGGGCTGGGGTTGGGG,0.19587
TGGCCCACTCCGTGGTCTGCTGG,0.2342
CAGTTTCTGCTGTCCCTTTGCGG,0.22322
CCTCATCGACTTTGCCATTCAGG,0.17795
AGAGCTGTTGTTGAAGTTGCCGG,0.25041
CTGCAGGTAGTGGCTGGTTCTGG,0.16351
CCTGGAGACCTGACATTCTTAGG,0.22711
GTCCCCTCAGGTGGGGAGGATGG,0.29459
CCGGCCCCGCGCCTATTACCTGG,0.26166
TACTCAACACTGGGTCTTGCAGG,0.24019
GTCGAGGGTGTGCTGCTAGTTGG,0.25093
ATCACGTTCTTTGCGTGAAGAGG,0.30594
ACCGGCCCCTGAAGCGGCCGCGG,0.26108
TTCCACCCAGTTCCAGCGCCAGG,0.2291
TGCAATAATGCTGCTGAAGTTGG,0.20126
AACTGTCCCCTCAGGTGGGGAGG,0.33388
GCGCATAAAGCGCATTCTCCAGG,0.33787
GCAGTTCATCTTCGACCTCATGG,0.37821
AGCAGCAGCAGTACCACATCCGG,0.26858
CTGTTGAACGGACGCCTGCCTGG,0.27067
AATGAGTGCCCAGGGCGTCCAGG,0.33506
CCACCCAGTTCCAGCGCCAGGGG,0.36904
CCTGGGCACTACTCAACACTGGG,0.38132
CCTGCTAGAGCCTGAGAAAAAGG,0.27395
CTTCAGCCTCCTTGTGCTCTGGG,0.2057
TATTCTAGATTGTGAATAATTGG,0.17102
TTCACCTCCTTCTCGACATCTGG,0.1931
TCCACCCAGTTCCAGCGCCAGGG,0.34145
CATCACAGGCACTGTGTATTTGG,0.17103
AAGCCCCTGGCGCTGGAACTGGG,0.25309
AGCCCCCGGTTTGTCAGTTTTGG,0.16042
ATGGGGCAAGGGCCCTATCGTGG,0.42521
AGGCTTGGTCTTGCTGCTGCTGG,0.14012
CCAGATGGCACAGGTCTTTGAGG,0.28911
AGGTAATAGGCGCGGGGCCGGGG,0.25693
CTCAAGGCTGTGTTTGTACTTGG,0.18686
AGAAGGGCTGCTGGCTCAATAGG,0.15655
TCCAGCAGCTACCTGGGGCTGGG,0.25823
CCCAGTGTTGAGTAGTGCCCAGG,0.34033
GCAGGCGGCTCCTCATCTTCTGG,0.1457
GAAGCCCCTGGCGCTGGAACTGG,0.14121
TCCCCTCAGGTGGGGAGGATGGG,0.22823
GCAGCAACAGCAGCAACAGGCGG,0.42093
GCTACCTGGGGCTGGGACTGGGG,0.29833
TTTGTTCTTTAAATGGCTACAGG,0.20947
GAAAACCTCGATTGTGGCCTTGG,0.21049
GGGCTGAGGAGCAGGGGTGGTGG,0.28594
ACAAAGCTGTAGCGGTTAGCAGG,0.23937
CTCTGTGGAGACAGCCAGTCTGG,0.20409
GCAGGTCCGTGCAAAGTTGCGGG,0.26432
GTAAGGCTGGCTGGAGTAGCTGG,0.13766
TCTGCTGAAGCCCCTGGCGCTGG,0.2136
ACCCTGTCTCTGCTGACTGTTGG,0.36647
CAGTGTTCTCTTTGAGGACATGG,0.25854
GCCCCAGCCGCGGCCGCTTCAGG,0.11094
CCACTCTCTTGGGGCTGGTTTGG,0.11593
TGCGCTTTATGCGCTGCCGCTGG,0.18938
GGATGTCCTCCTGCAGTTTCTGG,0.12604
GCTGCGCAGCATCTGCCAACAGG,0.34233
GGACGCCTGCCTGGACGCCCTGG,0.21819
CCGGGTCGGAGCGGCCCTTATGG,0.16919
GGTGCTCTGGTAAGGCTGGCTGG,0.20872
CTGCTGTCTGTTGCTGCTGCTGG,0.098961
TGCTGTCTGTTGCTGCTGCTGGG,0.19517
AACAGACAGCAGCTTTGGTCCGG,0.27329
GCAGCAACAGACAGCAGCTTTGG,0.29588
GCGCTTTATGCGCTGCCGCTGGG,0.18735
TTCCAACAGTCAGCAGAGACAGG,0.34923
CTCACCTCTGTCTTGGTAGCTGG,0.20214
AGGCGCGGGGCCGGGGCCTCAGG,0.13342
AGCTACCTGGGGCTGGGACTGGG,0.17479
AATCCCAGTGCCTTACCCGCAGG,0.48414
TCCCGAGGGGACCTTGCCTTTGG,0.17981
GCTGGGTCTGCTGAAGCCCCTGG,0.24195
GTGACAGTTCCCAGCGGGTCCGG,0.49976
AGGAGGAACTGATGATGGCATGG,0.70415
TCCGAAGTTCAGCTGCATGCTGG,0.62222
TTACATTGGTGATGATTCGATGG,0.73744
TTAGAAAGACTGATTGCCCTAGG,0.65057
TGAACTGGTTCTCATCTACTAGG,0.78028
CAAGCTGGGACTTCCAAAGCTGG,0.59913
AGAAAGTAACAACGTGGAAGAGG,0.75311
AATCCACTTACCTATAGGAAGGG,0.79477
GTAACAACGTGGAAGAGGTAGGG,0.74058
TCATACGGTGAGACAATGGCAGG,0.73288
AAAGCCATATGAAATTGTAGTGG,0.81016
TGTGTGCCACTGTTTATACCAGG,0.7554
TTTAAAGCGATTGCTAGGCCCGG,0.67608
AGCCAAAATGGAAGATGGCCAGG,0.57816
GTACAGCAGAATTAATTACAGGG,0.73929
ACAGTTATAGATATAGACTGCGG,0.90498
ATTCGGCCAAAAGATGTCCCTGG,0.63168
GCAACTTTGATGCAGCACGCAGG,0.66892
CTTGTGTCCAGAAATAATCCAGG,0.77726
AATAGCATTGGATACAGAGCAGG,0.67545
AGCCACCACCTAGAATCGAAAGG,0.64561
TTCACACTCCTGGTGCATGAAGG,0.85558
TGATCGGTTTGAGAGATTGGTGG,0.75043
AGCACATAGTGAAATGTAGAAGG,0.75384
GTGGAACTGGTCACAATGATGGG,0.64058
TGCAGAAAAGCTATTTGACTTGG,0.67915
ATCTCTGGCATGTGTGACTGAGG,0.64552
GTTTGGAATACATGACTCCATGG,0.83935
AAATTAAAACGACTCCTGAAGGG,0.69745
TGAAGGTGAGCGGCGTGCCCTGG,0.65254
TTGTTCTACAAATTGAGTATTGG,0.55353
AGTGCCACTCCAGAGGATTCCGG,0.60175
AGCACTTCAGAAAAGAGTGATGG,0.75979
AGTAACAACGTGGAAGAGGTAGG,0.63075
TCACAAAAGAAGAACATATGCGG,0.57426
ATTAGGCTTAGGTTACCACAAGG,0.74711
AAGTTGAGGGGGGAATTCTGAGG,0.64727
AGAGATTGCTCAGGAAGCAATGG,0.60125
TTGGCCGAATCTTGGTGTGTTGG,0.51592
TTATACGAAAGCAAGAAACAAGG,0.67602
CTACTAAGAAAGTAACAACGTGG,0.74985
TTACCAGCCATATCAGTCTGTGG,0.76035
TAGAGCTTCCACACATGGACTGG,0.73872
GGAAGCAGATATCCGGTGTGGGG,0.81215
CCACCACCTAGAATCGAAAGGGG,0.78748
GCAGTTCTGACCCGAGTTTACGG,0.5436
TGTGTGACTGAGGGACCAGTTGG,0.80821
TTGCAATGGTTAAGGTGAACTGG,0.53453
CAGGTCCTCTTCTAAAGCCAAGG,0.67565
GGACAATGGCTTCACACTCCTGG,0.53182
GGGCTGTGACAGTTCCCAGCGGG,0.79924
CGCGCACAGGCCGGTGGAATGGG,0.53932
ACACACTTCGAAGTTGAGGGGGG,0.92374
ACTTCGGAATTCTGCCTCTGGGG,0.70856
CTGACAAAAATCCTTCAACAAGG,0.76366
TTGAGGGGGGAATTCTGAGGAGG,0.71126
TTCTGACCCGAGTTTACGGTAGG,0.7471
CATAGACTGTCCTGGGAAACTGG,0.37556
TCAATTAGTTGAAGTAATGATGG,0.68506
AATATCGCATTACTTAATTTAGG,0.52222
AGTACACCAAGTATCATGAGCGG,0.85288
TGGCACACACTTCGAAGTTGAGG,0.53933
TGCTTCATACGGTGAGACAATGG,0.75609
ATTGTTACAGTATATCAATGTGG,0.72344
AACCTGTGGCAGATACACACTGG,0.76122
GCGATATTGAGCAGTGTCCCAGG,0.57449
TCTAAAGCCAAGGTGGCAGCAGG,0.63258
TCCTTCAGAACCTTTGGGAGAGG,0.61275
GTTTGAGAGATTGGTGGAACTGG,0.52988
AAAAAACCTACCGTAAACTCGGG,0.72708
TTGTCTCACCGTATGAAGCAGGG,0.73055
TGGCAGGATTGATAAATCTGAGG,0.77013
ATGCTCTCACCTTAAAGTGTTGG,0.68354
ATTGATAAATCTGAGGAACATGG,0.70346
GACAATCAGATGCTATATCAAGG,0.62639
CTGGCCTCAAAGGTAGCAAAAGG,0.59534
TTATTTCTGGACACAAGATAAGG,0.53709
AGATTATAGGCAGCTGACCTAGG,0.66048
TTCTACATTTCACTATGTGCTGG,0.61989
TCCGGATATGAATGATAGACTGG,0.67385
AGTCTACGAAAAGCTCTTGCTGG,0.5874
CGGGCTGTGACAGTTCCCAGCGG,0.78217
TAGTGGACCTTACCCATACCGGG,0.7357
TACTAATAGAGACAATAAAGAGG,0.66406
GCACACACTTCGAAGTTGAGGGG,0.76626
ACTTATAGCTTCTTGTCTCCAGG,0.56265
GCTAACATGTTGCCAATCAGAGG,0.70612
TTAGCAAACGAGTGTCTCATGGG,0.77638
TGCTAGGCCCGGTATGGGTAAGG,0.51713
CAGAGCGAACAAAAGTCCTAGGG,0.62666
GTTGTGCTCAGTACTGACTTTGG,0.66891
TCCTGGTGCATGAAGGTGAGCGG,0.70036
AGTTTGAGGAATTTATGACTAGG,0.77503
CGAAGCGGCTGACCACGGCCTGG,0.6119
GCTTTAAAGTCAGTAAGACATGG,0.88586
ATGTGCTCAGCCAGTTTCCCAGG,0.58657
AGAACACTTTACCTGTCCTTGGG,0.56865
GCCGAATCTTGGTGTGTTGGGGG,0.65383
TTGCTGGCCATGGAGGAAGTAGG,0.69026
TAACTGTAACTCCTGGGTCAGGG,0.69374
GATTGCTCAGGAAGCAATGGAGG,0.76579
GGCTTTAGAAGAGGACCTGAAGG,0.71326
CGTGCAAGTGGCTGGACCAGTGG,0.60619
AGTGGACAGAACTAGCTCAAAGG,0.81247
AGAACCATCAGAGAGCCTTGAGG,0.78994
GGACAGCAGTAGAACCAACCTGG,0.70368
ATATCTATAACTGTAACTCCTGG,0.62429
GGCACACACTTCGAAGTTGAGGG,0.61078
CGAACTAGATTTGACAGCCATGG,0.62082
TCCATGCAGACTCTCTTCCGAGG,0.85052
CTTAGGCCACCAATCCAATGCGG,0.77171
AGCATACCTGGTATAAACAGTGG,0.77445
ATTAATGACCAGTCCATGTGTGG,0.77447
CAGGCCGGTGGAATGGGTCCAGG,0.5127
TATCTATAACTGTAACTCCTGGG,0.72197
CTTGGTGTACTCCCTGACCCAGG,0.67029
GTCCTCTTCTAAAGCCAAGGTGG,0.71918
TTATCTTTAATAGAGTCCAGAGG,0.72643
GAGTCATGTATTCCAAACAAAGG,0.78056
CTGGCCGACAGTTGGATAGGTGG,0.78267
TGCAGAATCCAAGAAAACAGGGG,0.69852
GAAGATGAGCTGCCACATCAAGG,0.66052
ACTGCACCGATGCTGTTCTGAGG,0.72883
GCCCTGGTTTGCAATGGTTAAGG,0.51549
AGAGCCTTGAGGAAAACCAGCGG,0.91102
CTCAATGCCAACGTAGACAGTGG,0.61112
GCGATTGCTAGGCCCGGTATGGG,0.60855
TGAATGGGATATGTATCCATAGG,0.68449
AGCAGATATCCGGTGTGGGGTGG,0.68487
GGCATCACTGAGGCACTGTACGG,0.59283
TAAATTTAAAGCCCTAAAGAAGG,0.55613
ACTGGAAAAATGTCTTGCTGGGG,0.70809
ATGTGGTTCCTTGTTCTCAGTGG,0.6663
ACCTTAACCATTGCAAACCAGGG,0.71011
CCACGTCTTTGGATATATCCTGG,0.48
GAAAAGATGACAAACCTGGTAGG,0.64282
GAGCTAGCTTGAGAGCATTGTGG,0.76215
TCCCTTAGAGCTTCCACACATGG,0.60108
GAAGATGAAAGTGCGCAAACAGG,0.54083
CATTCATATCCGGACCCGCTGGG,0.62804
TACCTATCTACAAAAACTCCTGG,0.61449
CAGTTGGATAGGTGGCTGCAAGG,0.66382
TGGTCCAGCCACTTGCACGTTGG,0.60601
CAATTCGTAATAAAGGATCCAGG,0.57573
ACACATGCCAGAGATTGCTCAGG,0.7054
CTGTCAGCAAATTTATGGATCGG,0.5534
ACTCCCTATAGCGATGGCTCTGG,0.59749
TAGTAATTCTTCATGATCCATGG,0.70699
AGAAAAGCTATTTGACTTGGTGG,0.58002
CAGCCACAGCTACCCAAAAGAGG,0.63841
GAGATTAGATGAAACGATGCTGG,0.71074
CCAAAGACAACAAGAGCTCTTGG,0.5724
GGATGAACTAGCTCGAGTTCTGG,0.57604
TCATTCATATCCGGACCCGCTGG,0.7071
TAAAGAGGGTGTTGTTGGCAGGG,0.57482
ATAAGGAGAATGATTTGTAGTGG,0.71005
GGTCCAGTCAGTGAACGTAAGGG,0.73659
ATTGCTTCCTGAGCAATCTCTGG,0.5908
TCTCCTTCTTCAGGCTGCAGAGG,0.50038
AGTCAGTACTGAGCACAACAAGG,0.72642
GAAACTACCTGCTGCCACCTTGG,0.60099
ACTAATAGAGACAATAAAGAGGG,0.62776
TGACATCATATTGCTGACAGAGG,0.7754
GTTGATTATATTGGATACACTGG,0.59289
AGTTATAAATAGCCTGGAAAAGG,0.57117
ATCATTAGATCCACATCTGCAGG,0.50066
CAGCCATGGTCCTCTCCCAAAGG,0.56091
CTCGTCGAAGCGGCTGACCACGG,0.70707
CTTCCAAAAATTCTAACGTGAGG,0.69835
CACACACTTCGAAGTTGAGGGGG,0.68849
GCCGCTCACCTTCATGCACCAGG,0.55295
CAGCAGCCGCTCATGATACTTGG,0.49386
ACACTTCATAAAGCAGTGCAAGG,0.67095
CGATATTGAGCAGTGTCCCAGGG,0.75522
TCGTTGATCAAACTCATCTGTGG,0.80832
TGTCTCTATTAGTAAGACACTGG,0.5856
TAAAGAAAAACCTACAGACCTGG,0.75776
ATTGCCATAAATACTTCCTCTGG,0.56186
CACATCAAGGGAATTGTTGAAGG,0.66848
ATCCCACAGACTGATATGGCTGG,0.73199
AAGCCCCTTTCGATTCTAGGTGG,0.81594
CGTTCACTGACTGGACCCATGGG,0.61474
GGTGGAACTGGTCACAATGATGG,0.65352
TTCGGCCAAAAGATGTCCCTGGG,0.6693
ATCTTGCTGCAGAAACTCAGAGG,0.63108
AACAAGAGCTCTTGGTTGCAGGG,0.54082
TACTGGCCAAGCTGTTGCCTCGG,0.54331
GCAGAGCGAACAAAAGTCCTAGG,0.67981
TGATGCTGTGTATTGTCACTCGG,0.49713
AAGCTATTTGACTTGGTGGATGG,0.59574
CTGAGAACAAGGAACCACATTGG,0.61182
TAACTGCGCAACCTTCTTTAGGG,0.5228
AAATCCACTTACCTATAGGAAGG,0.59368
GCAACACTTCTTGCATACCTGGG,0.54844
GTTTGTGCTCTGGAGGACCCAGG,0.60415
TTGTGATCACATCCTCTGATTGG,0.48668
TAAAGTGTTGGTTGTTGTGAGGG,0.54099
CCGGTGCCATTCGTATTGCTGGG,0.46906
GATGAAAGTGCGCAAACAGGTGG,0.63238
CTTCTTTACAGGTTATTGGAAGG,0.48472
CAGCTTTGGAAGTCCCAGCTTGG,0.55393
TGCATCTTGGCAGGCTACACTGG,0.5886
TCTAGTCCGCATTGGATTGGTGG,0.59072
GATAATCCGTATTCTTAGCAAGG,0.58082
CTCTGCACAAAGCCCTCTTTTGG,0.26729
AGGTCCACTACAATTTCATATGG,0.49411
GGCTTGTCGGCAAATCGGGGGGG,0.55969
ATTAGCAAACGAGTGTCTCATGG,0.54641
CAATACACAGCATCAATCTTAGG,0.67416
AGCCACAGCTACCCAAAAGAGGG,0.60946
TTACCTTGTCATTGAATATACGG,0.40633
TTTGAGCTAGTTCTGTCCACTGG,0.66081
CCAGGATATATCCAAAGACGTGG,0.70928
CGGCGTGCCCTGGTTTGCAATGG,0.56203
TCTCTGGCATGTGTGACTGAGGG,0.73456
TAACGTGAGGTGTGGCTCATTGG,0.531
AAAGGAGATACTTACACAACAGG,0.49614
ACCAGCATGCAGCTGAACTTCGG,0.55232
TTAAAGTGTTGGTTGTTGTGAGG,0.60264
TCTAAGGGAGAGCGGACCTGTGG,0.58759
AGGTGTTTCAATTCAATACCTGG,0.43168
TTCAAAACTGGTCAAATCAATGG,0.39768
GAGTAAATCCACTTACCTATAGG,0.43313
GGGAGGACATGGCCGCGCACAGG,0.49613
AGGAGAACTCCCTATAGCGATGG,0.62595
GTGTGTTGGGGGATAGAGTCGGG,0.6312
GGCTCATGGATTTCCTGGCTCGG,0.28038
AGCTTTGTTGGAGATCATGGAGG,0.68204
GCCTGAAGAAGGAGATGGTGTGG,0.56897
TTCAATGGAAAATGTTCCTATGG,0.45193
CAAAAGAGGGCTTTGTGCAGAGG,0.423
TCAGCTGCCTACTTCCTCCATGG,0.61619
AGCGATGGCTCTGGCCAATGTGG,0.61791
GAGCATTGTGGAATACCTTCAGG,0.52827
AAATTCCTCAAACTTTGAACTGG,0.53054
AAGCTGGGACTTCCAAAGCTGGG,0.59784
CCAAACGTAAAGCAGCAGTTTGG,0.46698
AAATCCATGAGCCTGGACATGGG,0.63575
GGGTCCAGTCAGTGAACGTAAGG,0.46909
CCCTTCCGGAGAGAGGCTCCAGG,0.47761
CACTGGAAAAATGTCTTGCTGGG,0.43518
ATCATGGTGACCCTTCCTATAGG,0.64113
GGCCGAATCTTGGTGTGTTGGGG,0.53844
TTGCAGAATCCAAGAAAACAGGG,0.47385
TCCTGGAGCCTCTCTCCGGAAGG,0.48543
GAGGTCAACTTGTATTCAGCAGG,0.47475
GTGGAAGCTCTAAGGGAGAGCGG,0.73131
TACATTTAAACTTACCCTTCAGG,0.36759
ATAAAGAGGGTGTTGTTGGCAGG,0.37039
GATACATATCCCATTCATCATGG,0.65494
CCATAAATGTAGCTCTTGTCTGG,0.36311
GTCCCGGTAACTGGAACGGAAGG,0.66534
TACCAGCCATATCAGTCTGTGGG,0.54053
TTTACATACACTACTAACTCTGG,0.487
ACTTACTTTAATAGAAACTTTGG,0.38587
ACTTACTGATCCGAAGATCCAGG,0.5798
CCATTCCACCGGCCTGTGCGCGG,0.62824
GCAGCCACCTATCCAACTGTCGG,0.70027
AGTGTCCCAGGGACATCTTTTGG,0.38716
ACTTTGAACTGGTAAGGTTAAGG,0.42518
GCCTCGGAAGAGAGTCTGCATGG,0.57142
TTGCTTTACATCGTCTACTCTGG,0.45163
GTAGTGGACCTTACCCATACCGG,0.49572
TGCTTTACACAGTTTGACACAGG,0.56737
AGCCCAGACCAAACTAGAAGTGG,0.47602
TCTTTAGTCGCATTTCTACCAGG,0.51917
GGACATGGCCGCGCACAGGCCGG,0.55826
CTCGGAGGCTGGCATCACTGAGG,0.67203
AGCTTCTGTGACTGTTTCCAAGG,0.54907
TTCGCTCTGCTGAAGTTACTTGG,0.45649
CACCTTAACCATTGCAAACCAGG,0.50459
TAGTTGAAGTAATGATGGCAAGG,0.64189
GCAAACTCAATACCTGCCCAAGG,0.56301
GAGAACACTTTACCTGTCCTTGG,0.50544
ACTTGACTGTTGTAAGTGTCAGG,0.45286
TCACTTACCCACTGAGAACAAGG,0.47088
AACCTGATGTCTCTAGTAACTGG,0.48911
CATAAAGCAGTGCAAGGTTGTGG,0.48691
GATTTCAGTGATGTCTTCAGAGG,0.58244
TTCTCTAGTCCGCATTGGATTGG,0.40852
GAACCTTTGGGAGAGGACCATGG,0.76921
TCATCTCTTGGCAAAATGAGAGG,0.62612
CTCTTGTCTGGAGATCCTTGTGG,0.59772
GTTACTTTCTTAGTAGCCACAGG,0.56949
CTTGCAACAATAGCAGGTGAAGG,0.60515
GCTCATGGATTTCCTGGCTCGGG,0.39068
CGTTTCCCTCAGAACAGCATCGG,0.59168
AAACAGGGGCCCGAAACCCAAGG,0.51739
AGTACAGCAGAATTAATTACAGG,0.37757
CGGTTACCTGCTCGTCGAAGCGG,0.57108
TTGCCTTCCGTTCCAGTTACCGG,0.35322
CTTACACAAAGCAAGAGCTTTGG,0.45227
AAAGCTCTTGCTGGCCATGGAGG,0.458
TAGAAGGTGAATTCTGAGCCAGG,0.47277
GGCCAGTTACTAGAGACATCAGG,0.53256
ACGTGGCATGTCTCGGAGGCTGG,0.4105
CAGGTACCTTGCTAAGAATACGG,0.42125
CTCCTTCTTCAGGCTGCAGAGGG,0.47274
TCAAATACGGACCAATGTTAAGG,0.46767
CAGGAGAGAATGACCTGTCCCGG,0.5019
GGCTGTGCTGCAGCTTGATGAGG,0.51486
TGCTGTTCTGAGGGAAACGCTGG,0.51047
TTCTGAGGAGGAACTGATGATGG,0.55398
CGGGACAGGTCATTCTCTCCTGG,0.41026
AAGATGAGCTGCCACATCAAGGG,0.50141
TGCTTGCAGTGCCACTCCAGAGG,0.49362
TCCCCCAACACACCAAGATTCGG,0.42074
ATTTCAGTGATGTCTTCAGAGGG,0.54791
ATTGTCTCACCGTATGAAGCAGG,0.54127
GGAGACTATCTAAAGTATGCAGG,0.671
CATGAGACCACTGTCTACGTTGG,0.64207
GGATCCTCCTCCACTCACATGGG,0.56349
AACTTCGGAATTCTGCCTCTGGG,0.37097
ATAAGATGTTGTTCTAAAGTAGG,0.52122
GTCACAATGATGGGTGATCAAGG,0.51954
TCTGTGAGGAAGCAGATATCCGG,0.54166
GAACTTCGGAATTCTGCCTCTGG,0.4151
GGATATCTGCTTCCTCACAGAGG,0.7297
GGCCAGAATTGCTTCTCTGCTGG,0.32455
CTTTGTGCAGAGGCGAGTCCTGG,0.38165
TCCATGTGTGGAAGCTCTAAGGG,0.48646
CAATCCGGAATCCTCTGGAGTGG,0.7143
GAATGACCTGTCCCGGTAACTGG,0.31481
CTCATGGATTTCCTGGCTCGGGG,0.53436
TCTTTATGAATACTTAGCAGAGG,0.5789
AGGAAGTATTTATGGCAATCCGG,0.33379
TTCTTAGTGTTGGCCTGAGAAGG,0.51493
ATGCTGGTTTCCTTCACGACAGG,0.43558
CACTAAAGGAGACTCAGCCATGG,0.57173
GAAATCCATGAGCCTGGACATGG,0.45516
CTCTAACTTTAACTTTGCATTGG,0.3857
TCACTTGATATCAGACACAAAGG,0.56083
CTTGGGATCAATAAAAGCTGAGG,0.57916
GGCAGTATCTTTCCAGCAACAGG,0.33844
AGAGCTCTTGGTTGCAGGGATGG,0.42671
CCCAGCAATACGAATGGCACCGG,0.5216
CAGAACAGCATCGGTGCAGTAGG,0.53871
TATGGCAATCCGGAATCCTCTGG,0.45556
GCCAGACCAGTCCCCGAGCCAGG,0.39947
CTCCCTCTGCAGCCTGAAGAAGG,0.45318
AGAAGCAGCGCCTGGATCTTCGG,0.39375
GGTGGAATGGGTCCAGGCCGTGG,0.51036
CAGAAACAGTATTGGCTGATCGG,0.32299
TATCATGAGCGGCTGCTGACTGG,0.40758
TCCTCTCCCAAAGGTTCTGAAGG,0.49957
GCCACCACCTAGAATCGAAAGGG,0.48171
CTTTAGAACAACATCTTATGTGG,0.40398
AGCACACCCAGCAATACGAATGG,0.51037
GGAAGGGTCACCATGATGAATGG,0.50394
AGTGTTGCCATCTTATCAAAAGG,0.45074
AGTGGTCTCATGCACTCCATAGG,0.53543
TGCCTTCCGTTCCAGTTACCGGG,0.50389
CAGACACAAAGGCTCCTAAAAGG,0.42312
TTGCCCCATGTCCAGGCTCATGG,0.36598
GCCCAACTATAACACATTCATGG,0.45758
TCTCTTCCGAGGCAACAGCTTGG,0.6097
CCAGATCCCACAGACTGATATGG,0.45705
CATGGCCGCGCACAGGCCGGTGG,0.46556
ATAACTGTAACTCCTGGGTCAGG,0.51053
CCAAGTAAGCCATTCTCAAGGGG,0.69964
GAGAAGGTTGCCCCATGTCCAGG,0.4281
AGCCAGGAAATCCATGAGCCTGG,0.47942
TCCATGAATGTGTTATAGTTGGG,0.3751
TCATCTGAAGGAGGTTCCGCTGG,0.50025
CTGCACCGATGCTGTTCTGAGGG,0.50273
AATATGGGGAAGCCTTGGGCAGG,0.57874
GGCTGACTGCCTCTTGAGAATGG,0.39667
GGTTGGCAGTGATACTAAGCTGG,0.62348
TCTCTCTCAGTTGATTATATTGG,0.24774
CCATATCAGTCTGTGGGATCTGG,0.30461
GAAGAATTACTACGTACTCCTGG,0.46589
AATCCATGAGCCTGGACATGGGG,0.55293
CACACTTGCAGAAACAGTATTGG,0.51804
GAACAGTAAGAAGCAGCGCCTGG,0.41189
ATGTGTTATAGTTGGGCAAGAGG,0.54626
GCCTCTCTCCGGAAGGGAAAAGG,0.30253
TATTCCAACGTGCAAGTGGCTGG,0.36803
CTTCAACAATTCCCTTGATGTGG,0.46956
GACTTTGGGAAACACAACACTGG,0.61172
GTACTCCTGGAGCCTCTCTCCGG,0.46829
ACGGCCTGGACCCATTCCACCGG,0.48207
ACGTTGTCGTAAGCAAAGCCAGG,0.43741
GACAATAAAGAGGGTGTTGTTGG,0.42499
ACCAAGCAACTTCTTAGTGTTGG,0.3976
TGCCACCTTGGCTTTAGAAGAGG,0.51064
ATCTTGGCACAATGATAACAGGG,0.48345
CCACACTCTGCACAATTCCATGG,0.43733
GCCAACACTAAGAAGTTGCTTGG,0.53094
CCCCTTTCGATTCTAGGTGGTGG,0.44907
GGATCGGCTGTTGTCCTTAATGG,0.23339
AGGCAGTCAGCCTGCAGATGTGG,0.42169
AGGAAGCAGATATCCGGTGTGGG,0.55225
GGTCTGGCCGACAGTTGGATAGG,0.40732
CTCTGCACAATTCCATGGATTGG,0.438
ATCAAAACCAGTGCAACAGGTGG,0.55949
CCATGGAATTGTGCAGAGTGTGG,0.70837
GAGGAAGCAGATATCCGGTGTGG,0.54569
TCGTCTACTCTGGAACAATCAGG,0.47642
GATCTTGGCACAATGATAACAGG,0.33201
CCTGGAGCCTCTCTCCGGAAGGG,0.43601
TGAACTGGTAAGGTTAAGGCTGG,0.49859
TTACACAACAGGAAAGACTTTGG,0.44464
CACGACAGGTGTGAAGAAAATGG,0.38205
AATTACAGGGCTCGTCCAACTGG,0.35524
CTAGTTTGGTCTGGGCTTGTCGG,0.30941
TCTCCGTATATTCAATGACAAGG,0.64552
CAGAATTGCTTCTCTGCTGGAGG,0.3663
ACCTGTCCCGGTAACTGGAACGG,0.52033
TACACAACAGGAAAGACTTTGGG,0.36154
TGGCCGAATCTTGGTGTGTTGGG,0.19194
CTGCAGCCTGAAGAAGGAGATGG,0.48262
GCAAAAATATGGGGAAGCCTTGG,0.39226
GAGTCCAGAGGAAGTATTTATGG,0.31682
TAAGATGTTTGGTATTGTGGTGG,0.49046
TGAATTGAAACACCTTTGTTTGG,0.30286
TTCATCTTTCAGGACACTAAAGG,0.37908
TTGGCCAGAGCCATCGCTATAGG,0.3528
TCTTCTTACTGATATTTCAATGG,0.34254
TCTAATCTCATTGTGTCCTTTGG,0.30615
GGTGTGTTGGGGGATAGAGTCGG,0.46752
CGCATTGAGCATCCCACTGCAGG,0.35132
AATGTTTCTACAGGAGCATCAGG,0.31537
CCTCTCTCCGGAAGGGAAAAGGG,0.46877
TGTTTGTCCACATTAGGCTTAGG,0.48462
TACCTCAGTGTTTCCTGCAGTGG,0.40962
TTTAGAACAACATCTTATGTGGG,0.47118
CTGAAACTTTACGTAAATGTGGG,0.41791
CCGCGCACAGGCCGGTGGAATGG,0.37553
ATCAATAAAAGCTGAGGTGATGG,0.51104
GGAGTGGCACTGCAAGCAAATGG,0.4296
ATTGTGGTGGGGATTCTTCATGG,0.37543
GACCAGTGTGTATCTGCCACAGG,0.4862
CTAAGCTGGCTCTGCAGTGCAGG,0.33516
CAAAAATATGGGGAAGCCTTGGG,0.42185
TGGAACAATCAGGAGAAAATTGG,0.29105
AGGTAAGATGTTTGGTATTGTGG,0.4101
AATTTGTTAAATCCAATCCATGG,0.42927
GTAATTACCTTATTAAGAAGTGG,0.38624
GAAGGGTCACCATGATGAATGGG,0.45634
ACAATAAGCTCAGCATAGTCTGG,0.36332
AGCAGTAACTCTTTGTCGTTTGG,0.22845
AAATACCAGTCAAATGTCCATGG,0.50805
ATGTGGGTGCTGTTGTGATGAGG,0.43492
AATTCTGTAGAAGTTATTTCTGG,0.22756
TGTGAAATTGGTTTCAAGCAAGG,0.32781
TGCGGGAAATATTGATCTGCAGG,0.28014
TAAATTAAAGGTACAAGTTAAGG,0.38287
CTCCATGAATGTGTTATAGTTGG,0.45842
TAATTCTGCTGTACTGCCTTGGG,0.35925
TCCGTTCCAGTTACCGGGACAGG,0.37999
TGGTTACTCTGTTTGATTCTCGG,0.24334
AAAGGCAAGAAATGGAATCAGGG,0.5155
TCCACACCATCTCCTTCTTCAGG,0.24356
CCAAGAGCTCTTGTTGTCTTTGG,0.13345
ACAGAAGAAGCTGACCATAGAGG,0.52317
ACTGAAACTTTACGTAAATGTGG,0.36227
TCCACTGTTACAGTGGCCAGTGG,0.53758
ATCTCCCAAAATGTTTCTACAGG,0.27573
AAAAATTCTAACGTGAGGTGTGG,0.38937
CTTAAGAAATAACTGTGATTTGG,0.23453
TGGGCTTGTCGGCAAATCGGGGG,0.3503
ACCAGTGCAACAGGTGGCTTGGG,0.31767
AAAGTGCGCAAACAGGTGGCAGG,0.42894
GCAGAGAAGCAATTCTGGCCTGG,0.28881
TCACAACACCCCCCAAAATGAGG,0.40886
ATTTGATTTGTTGCAGGTTTTGG,0.25746
CTGGTTTCTTCATCAATTCCAGG,0.22953
GGATGTGATATTCCTTCTAGTGG,0.40492
AAGATGTTTGGTATTGTGGTGGG,0.37034
GTTGAACTCTCCCCTACCACTGG,0.4387
AGTCTTTCCTTCATAAGTGACGG,0.4817
GTTGAACTTCGAAATATGTTTGG,0.3589
AACAGTCACAGAAGCTTTGTTGG,0.39593
TGAAGTGAATACACAGAGCGTGG,0.48301
AACCAGTGCAACAGGTGGCTTGG,0.2537
TAAAAAACCTACCGTAAACTCGG,0.29758
TACTTTGCAGGTAAGATGTTTGG,0.33594
AAGGTATCCTTCAGAACCTTTGG,0.39676
GAGATATTCCAACGTGCAAGTGG,0.45341
AGCGATTGCTAGGCCCGGTATGG,0.3504
CCTGCTTCTTTACAGGTTATTGG,0.14642
AAATGACATTTATTATGCTTCGG,0.31547
GCTGTACTGCCTTGGGTTTCGGG,0.1634
GTCTCTCTCTCATAGGAGCCAGG,0.41303
GGATTTCCTGGCTCGGGGACTGG,0.27391
AAGGAGATGTGGGAGTCAGGAGG,0.36082
GGCAGATACTGCTGTAGCTTTGG,0.30634
TCCCAAGCCACCTGTTGCACTGG,0.30197
TACTGTAGCTTTATTCAGTAGGG,0.2885
TTCAAGCCCCTTTCGATTCTAGG,0.16246
GTTAGCAGTTATAAATAGCCTGG,0.35134
CACATCCTACCCCGTAAAAAAGG,0.2543
TTACTGTAGCTTTATTCAGTAGG,0.36751
GTCCATGTGTGGAAGCTCTAAGG,0.32482
ACTGCTGTAGCTTTGGCTTCTGG,0.18952
ACTGTTCTTGCAACAATAGCAGG,0.42313
TAGCTTTATTCAGTAGGGAGTGG,0.44973
GGACTGGTCTGGCCGACAGTTGG,0.43978
GTTGCAGGGATGGATTATATTGG,0.27814
TACACCTGTCAGCAAATTTATGG,0.2135
TGGATCCTCCTCCACTCACATGG,0.39597
CAGAGCGTGGCCTACTTAGCAGG,0.32346
CGGCTGCTGACTGGCCTCAAAGG,0.26648
AGGTATCCTTCAGAACCTTTGGG,0.30778
GATTTAACAAATTTGGATCTTGG,0.25294
CACATTGCCGTCACTTATGAAGG,0.27073
GTCAGCAATATGATGTCAACAGG,0.30295
GTCTGGGCTTGTCGGCAAATCGG,0.14782
AGGCAGGTACGTGTCAATCAAGG,0.4158
CGATCCATAAATTTGCTGACAGG,0.30802
AGATGTTTGGTATTGTGGTGGGG,0.38331
TGATGAAAACAACATGAATAAGG,0.34815
TGCAGGAGGGTAAGGAGATGTGG,0.26854
GTCCAGGCTCATGGATTTCCTGG,0.20091
AACCAAAGAAAACTTGTATTTGG,0.16794
TGGATTGGATTTAACAAATTTGG,0.14878
TTAATTCTGCTGTACTGCCTTGG,0.22122
GTCTGAATCAAATGTTCTCTTGG,0.23357
CAACAAGAGCTCTTGGTTGCAGG,0.20096
TTCTGCTACTCTCCTCATTTTGG,0.16159
CTGGGCTTGTCGGCAAATCGGGG,0.33126
AACTTTAACTTTGCATTGGTTGG,0.27945
ACACTGGAAAAATGTCTTGCTGG,0.18713
AAAAGGCAAGAAATGGAATCAGG,0.28729
AGCTGGCTCTGCAGTGCAGGAGG,0.32002
CAAGAGCTCTTGTTGTCTTTGGG,0.19574
ATGCTCCTGTAGAAACATTTTGG,0.19268
GGCAACACTTCTTGCATACCTGG,0.25661
AGAAGCTTTGTTGGAGATCATGG,0.30636
GCAGAAACTGATTATGAAATGGG,0.36077
CTCTGCAGTGCAGGAGGGTAAGG,0.2277
TTTAAAGAATGTTAACAATATGG,0.21443
TGTTGTTCTAAAGTAGGAGTTGG,0.40445
GCAGGAGGGTAAGGAGATGTGGG,0.42632
GGGCTTGTCGGCAAATCGGGGGG,0.35212
TTACTGACCTGGGGAATGCTGGG,0.33377
GTGATCACAATTCGTAATAAAGG,0.19876
ATGCTGGGAAGTTGCAAGTGAGG,0.47947
TCCTGGCTCGGGGACTGGTCTGG,0.25185
TTCTTTATTTATAGGCATTTTGG,0.15391
CGTGCATTTCTGTAGGTATATGG,0.28186
GCACTTGGCTTGCGGATCCGTGG,0.39787
GCTGGCTCTGCAGTGCAGGAGGG,0.50353
TTTCAGCTTCCAATAAAAACAGG,0.24984
TTGATTGACACGTACCTGCCTGG,0.3085
TGAAGAAAATGGCAGATTTCTGG,0.18244
GGCTGATCGGTTTGAGAGATTGG,0.23626
ATTAAGAAGTGGCTGTAATTTGG,0.22906
TCACAACAACCAACACTTTAAGG,0.19275
TTGCTTCTGCACTTGGCTTGCGG,0.21576
AAAATTAAAACGACTCCTGAAGG,0.3243
TCATGGAATTAGAAAGGTTAAGG,0.30447
GATATATCCTGGATTATTTCTGG,0.1778
GGACATGGGGCAACCTTCTCAGG,0.18833
GAACCCTTACGTTCACTGACTGG,0.4175
GGCTCCTAAAAGGCAAGAAATGG,0.25198
CTAACTGCGCAACCTTCTTTAGG,0.17322
GGTAAGGAGATGTGGGAGTCAGG,0.23823
TTTCTTCATCAATTCCAGGCAGG,0.32748
GCCAAACAGCAAGTAAAATTTGG,0.18124
ACCACTGGCCACTGTAACAGTGG,0.47724
CCTTACCAGTTCAAAGTTTGAGG,0.27449
TCTGGGCTTGTCGGCAAATCGGG,0.16998
ACCGGTGCCATTCGTATTGCTGG,0.17021
AATAATGACATTCTGTTTCAAGG,0.14621
CGAAAAGCTCTTGCTGGCCATGG,0.25357
GGCTTCTGGAAATGTGAAATTGG,0.21992
GCACTTGAGAGTTGCTTAAAAGG,0.21787
GGTCAGCCGCTTCGACGAGCAGG,0.42522
CCTCAAACTTTGAACTGGTAAGG,0.18956
CCAGACAAGAGCTACATTTATGG,0.20353
CTTCACTGCAGTCATTCAAAAGG,0.21252
GTGAGGTCATGGAATTAGAAAGG,0.34023
ATTACAGCCACTTCTTAATAAGG,0.18798
AATGGCTTGTGGCGGTTTGCAGG,0.20492
AACAGTGGACGAACTCGCCACGG,0.44207
GCAACTTCCCAGCATTCCCCAGG,0.39486
AGCAGAAACTGATTATGAAATGG,0.27335
AGTCAGGAGGGATTCTTCACTGG,0.26185
GATACATTTATTTACTTTGCAGG,0.19642
TTTCTTCACACCTGTCGTGAAGG,0.2969
GTGCAGAAGCAAAGAAGCGCTGG,0.31055
CGCTTCTTTGCTTCTGCACTTGG,0.13507
ACGTTCTCCTTGTCGATTCCTGG,0.18262
TTCATCAAAACCAGTGCAACAGG,0.29419
TTTACTGACCTGGGGAATGCTGG,0.20036
AGGAGATGTGGGAGTCAGGAGGG,0.40954
ACGTTCACTGACTGGACCCATGG,0.47479
TGTTACAGTGGCCAGTGGTAGGG,0.28317
GGAATTAGAAAGGTTAAGGTTGG,0.44121
TGCTGTACTGCCTTGGGTTTCGG,0.097523
TTAAAAAATTCAGGCTCTGCTGG,0.18948
TCATATGGCTTTGCATAATATGG,0.17739
CTGTTACAGTGGCCAGTGGTAGG,0.37071
GTTACAGTGGCCAGTGGTAGGGG,0.39712
GGAAGTTGCAAGTGAGGTCATGG,0.32655
GAGTTCGTCCACTGTTACAGTGG,0.5387
GGAAAAGAGCAAGCATCTGCAGG,0.53087
CTGGCTCAAAATGGACAAGAAGG,0.74361
ATCCCCGCTTGTGAACACTGGGG,0.9234
GGAGGAGGCTGAACGCACGAGGG,0.77856
TGTTTCGGATTTCATTCCACGGG,0.83068
CACCGGGTACGTGGGCTTGGTGG,0.66325
GGAGCACAGAAGCCTCAGGAGGG,0.82213
TGAGCCTACCTTGGCCTGGACGG,0.70861
TGGACTGCAGTACACAATCAAGG,0.72086
ACTGGATCATGATGTTTCAAAGG,0.70443
CACAGCGATTCGCACGGAGGAGG,0.66053
TCTTTGAGCCTACCTTGGCCTGG,0.6411
GGAATATCTGAAGATAGCTCAGG,0.66751
GACCCCAGTGTTCACAAGCGGGG,0.73921
AGATTCTCCAGCTATGTATCGGG,0.59425
AAGGGCACAGAGCTGCTGCTTGG,0.66688
CCTGCAGGAAGCACGCGAGGCGG,0.74516
AGCAGATGAAAGCCCAGGCCAGG,0.54467
GATTTGGTGTGCCGGACTCTGGG,0.50919
GGTCATAAATGTGAAGCCCCAGG,0.69381
TCAGATGACTCCGGAAATGTGGG,0.74207
CCCCCAAGATCTCCTTCCCGTGG,0.63376
TCCACGGGAAGGAGATCTTGGGG,0.70793
CTGCTTGGAGTGGATGCCCTGGG,0.44471
CACCGTGAGGATCGTCACCATGG,0.73626
TGCCGGCAGAGTGGAATACATGG,0.67226
GTTTGTTATTGCAGATGAAGTGG,0.49856
AAAGATCTACTGCCCTCCTGAGG,0.81414
ATGATCTATTTATGAGGAGAAGG,0.56165
CCCAGGCTCACCGGGTACGTGGG,0.60739
TCACCAATGAGGTTGAAGCTTGG,0.71073
CCACGGGAAGGAGATCTTGGGGG,0.89008
AGTTCACACCGTACATCTCCAGG,0.63554
ATGTTTCGGATTTCATTCCACGG,0.64603
GGACCTGCAGGAAGCACGCGAGG,0.60109
ATCCTCACGGTGAACGTCTTGGG,0.55564
ACCTCTTTGATTTGGTGTGCCGG,0.50091
TATCTTTGAAGTCGAAAGACAGG,0.56217
GATCCTCACGGTGAACGTCTTGG,0.59063
AACCCAAGACGTTCACCGTGAGG,0.77903
CTCTGGGGCTCCGAGAAACCTGG,0.54352
CATCTCGTACAGTGACAAGGAGG,0.81966
CAGATTCTCCAGCTATGTATCGG,0.51952
ATTTGGTGTGCCGGACTCTGGGG,0.80679
GCTCAGGACCTGGAGATGTACGG,0.42086
GTCCATGGTGACGATCCTCACGG,0.83157
ATCAGATGACTCCGGAAATGTGG,0.6422
GCCAGGAGCACAGAAGCCTCAGG,0.595
AACAATGGCCAACGAAGCACTGG,0.67518
GTACACAATCAAGGACACAGTGG,0.87963
TCCGGCACACCAAATCAAAGAGG,0.79783
CCTGATGGAGCAGAAGGTGCTGG,0.51367
GAAGCGCCTGATGGAGCAGAAGG,0.66578
TTTCTCGGAGCCCCAGAGTCCGG,0.57253
CTTTCCTTGCAGGGCCAAAGAGG,0.63975
TGGGGGTCAGTCTGTTCTCAGGG,0.67416
GCCAAGAAGTGAAAGGTGACTGG,0.62348
TCTGAAGATAGCTCAGGACCTGG,0.55039
TCTGGCCCAGAAGGCCGCAGAGG,0.52609
TACGCCGTCCAGGCCAAGGTAGG,0.75485
CGTCACCATGGACGCCGAGATGG,0.55092
GCTTGGTACGCAGAGCACCGAGG,0.83944
TGCCTCCTCCTCGGTGATCTGGG,0.4259
TGAATGGGCCTCACCTGGCTCGG,0.46635
TGAGAGAGCTGAAGCTCATGCGG,0.46974
TGTCACTGTACGAGATGTTTCGG,0.41936
CTCGCAATTGAACTCCATCTCGG,0.60413
TTCTCCTCATAAATAGATCATGG,0.60963
AAAGGCCCAGATCACCGAGGAGG,0.61122
AAATCCCCGCTTGTGAACACTGG,0.49624
TCGAGAGAAGCAGATGAGGGAGG,0.57446
ATTCCACGGGAAGGAGATCTTGG,0.36026
TGTGAACTACTTTGCAATCCGGG,0.54681
TTATCCTGAGAATGCTGAAGAGG,0.68478
GGAACCATGATCTATTTATGAGG,0.74609
TGAGGAGACAGCTGACCTGTTGG,0.50217
TGAAAAGGCCCAGATCACCGAGG,0.78547
TCGTACAGTGACAAGGAGGTAGG,0.63145
CCCCAGGCTCACCGGGTACGTGG,0.59023
CATGGTTCCCGATACATAGCTGG,0.57723
TGCTGAAGAGGAGCTGGTTCAGG,0.38885
AGTTCAGCAGATGAAAGCCCAGG,0.58677
TTATTGCAGATGAAGTGGAAAGG,0.52543
CGACCCCAGTGTTCACAAGCGGG,0.63534
AAATTTGGCCAAGAAGTGAAAGG,0.55848
ACGACCCCAGTGTTCACAAGCGG,0.78837
CCTGGCTTCTTACGCCGTCCAGG,0.47874
CCTGGACGGCGTAAGAAGCCAGG,0.613
CACAGAGCTGCTGCTTGGAGTGG,0.51391
AGCCTTCTCCTCCCTGGCCTGGG,0.47725
AAGACAGGCTGTCACCAATGAGG,0.68599
TTCTTACGCCGTCCAGGCCAAGG,0.58214
AGAAATCACCAGTGCTTCGTTGG,0.4588
CATTTCCTGCTCAGCCTCTGCGG,0.50728
AGCTCCTCTTCAGCATTCTCAGG,0.36696
TCGGATTTCATTCCACGGGAAGG,0.57572
GCAGGAAATGCAGCGCATCAAGG,0.63579
GTCATAAATGTGAAGCCCCAGGG,0.65029
GGAGGAGAAGGCTAGAAAGCAGG,0.48407
GAGAGAGCTGAAGCTCATGCGGG,0.59585
TGAACGCACGAGGGATGAGTTGG,0.63314
TGCTTGGAGTGGATGCCCTGGGG,0.63142
TATTGCAGATGAAGTGGAAAGGG,0.44933
TTGAAGCTTGGTATGTCAGGAGG,0.60567
TCATCTGCTTCTCTCGAGCGAGG,0.63071
CTGTCTCCTCAGACCGCATCTGG,0.33142
TTGGGGGTCAGTCTGTTCTCAGG,0.32697
CGAGGAGGAGGCAAAACTTCTGG,0.31022
GATGAAAGCCCAGGCCAGGGAGG,0.63081
AGATGGCTGAGGAGTCAGAGAGG,0.5831
GGGAGGAGGCTGAACGCACGAGG,0.52515
CTGCTGAACTTCCAAAGAATCGG,0.30554
AATCCCCGCTTGTGAACACTGGG,0.46547
GCAGATGAAAGCCCAGGCCAGGG,0.57271
TCAGCTGAAGCAGGACCTGCAGG,0.40953
TTGGATCCACAGAATAAAAAGGG,0.39201
CAAGGCCACAGCGATTCGCACGG,0.50402
GATGACTCCGGAAATGTGGGAGG,0.7186
TGAGCTTCAGCTCTCTCAAGAGG,0.58826
GCACGAGGGATGAGTTGGAGAGG,0.46587
GGAGGAGGAGAAGCGCCTGATGG,0.49138
AAACATCTCGTACAGTGACAAGG,0.62224
GAAGCTCATGCGGGAAGCGATGG,0.43645
AATCTCCAGGAGCTTCTGCTTGG,0.57236
GGGAGGAGAGAATTACTGCTTGG,0.61516
AAATCTGTATCAGATGACTCCGG,0.53439
CGAGGGATGAGTTGGAGAGGAGG,0.45856
GCAGATGAAGTGGAAAGGGAAGG,0.53463
TGACATGAAGCGGCTTTCCATGG,0.58551
CCGCCTCGCGTGCTTCCTGCAGG,0.42865
TGCCCTCCAGATGCGGTCTGAGG,0.40784
GATGAAAGAAGAAGCAACAATGG,0.51717
CAATCAAGGACACAGTGGCCTGG,0.49514
TGATTTGGTGTGCCGGACTCTGG,0.29247
TTCCACGGGAAGGAGATCTTGGG,0.48762
CTTTCTAGCCTTCTCCTCCCTGG,0.45514
GGAGGCAACGGTGCTGGAATTGG,0.21128
TGGGGTCGTAGTCACCATACTGG,0.45249
GTACTGCAGTCCAAAGAACCAGG,0.58139
GGCCCAGATCACCGAGGAGGAGG,0.38883
CGCTCGAGAGAAGCAGATGAGGG,0.50633
AAGAGCCAAGCAGAAGCTCCTGG,0.40232
AGAGGCAGATCAGCTGAAGCAGG,0.47167
GCTGGCACTGAAGATGGCTGAGG,0.52152
CCAGTTTACTATTAAACCACTGG,0.45998
TGAGAATGCTGAAGAGGAGCTGG,0.55311
TGAACTCAAGACAGAAATCGAGG,0.54339
ATGTCAGGAGGCAACGGTGCTGG,0.37865
CGAGGTGCTGGCACTGAAGATGG,0.38026
AGGTTGAAGCTTGGTATGTCAGG,0.40046
CTCCTCCGTGCGAATCGCTGTGG,0.53382
AAAGCTTCGTGTTAATAAGCTGG,0.48547
CTTGGTATGTCAGGAGGCAACGG,0.4534
GCTGCTTGGAGTGGATGCCCTGG,0.44303
AGGAGCACAGAAGCCTCAGGAGG,0.51833
ATACCAAGCTTCAACCTCATTGG,0.37814
GTGTGAACTACTTTGCAATCCGG,0.38259
GGCCACAGCGATTCGCACGGAGG,0.69893
ATTGGATCCACAGAATAAAAAGG,0.3203
AGCCCAGGCCAGGGAGGAGAAGG,0.3769
CTTATTAACACGAAGCTTTGAGG,0.29662
GAAAGAGAGGGAGACAGCTCTGG,0.35216
GCAGAAGGTGCTGGAAGCCGAGG,0.39063
CATCTTCAGTGCCAGCACCTCGG,0.52418
TCGCTCGAGAGAAGCAGATGAGG,0.3956
AGAGGAATTGCTTCCAAAAAGGG,0.31231
GGAAGCGATGGCCCCGGCCATGG,0.25032
CTCTGCAATTCTGCAGGTACTGG,0.19406
GGTGCTGGAAGCCGAGGTGCTGG,0.34337
TTCACCCCTCGCAGATGGAGCGG,0.44629
CTCAAAATGGACAAGAAGGTTGG,0.38272
CCAGCACCTTCTGCTCCATCAGG,0.28425
AGGGAAGGACCTCTTTGATTTGG,0.2613
GCAGAGCGCCAAGTCCCGAGTGG,0.48559
CTGAGCCCCGCGCCATGGCCGGG,0.19182
CACAGTGGCCTGGCTCAAAATGG,0.29569
CCTGAGCCCCGCGCCATGGCCGG,0.22937
CCAGTGGTTTAATAGTAAACTGG,0.28917
GGCAAAACTTCTGGCCCAGAAGG,0.35148
TCAAAGATACTGACATGAAGCGG,0.41105
CAGAGCACCGAGGCCGAGCCAGG,0.37987
AAGAGGAATTGCTTCCAAAAAGG,0.23843
AAAGAAGGCCACTCGGGACTTGG,0.27836
TTGCCTCCTCCTCGGTGATCTGG,0.18428
CATGCGGGAAGCGATGGCCCCGG,0.41616
GCTCTTCAAAGAAGGCCACTCGG,0.46733
TAGCCTTCTCCTCCCTGGCCTGG,0.25218
TGAGCCCCGCGCCATGGCCGGGG,0.25371
TCGGGACTTGGCGCTCTGCAAGG,0.33334
TGGCTGAGGAGTCAGAGAGGAGG,0.5707
GCACAATGAGAACTCCGACAGGG,0.54416
GAGAAGGAAAGCCGATTCTTTGG,0.22471
AATGAGAACTCCGACAGGGGTGG,0.45755
CTCCCTCTCTTTCAGTTTCAAGG,0.16507
ATTCTCTCCTCCCACATTTCCGG,0.20384
CTCTTCAAAGAAGGCCACTCGGG,0.35658
GGCCTCACCTGGCTCGGCCTCGG,0.23906
CTTGCTGCTGCCACCCCTGTCGG,0.2785
CTCCGAGAAACCTGGTTCTTTGG,0.15796
CAAGCACAATACCATTAAAAAGG,0.29093
AGCTGACCTGTTGGCTGAAAAGG,0.19455
GCTCACCGGGTACGTGGGCTTGG,0.23314
AGAGAAGCAGATGAGGGAGGAGG,0.48268
CTGCTAGAGCTCTTCAAAGAAGG,0.36206
TCCTGAGGCTTCTGTGCTCCTGG,0.22789
GAAGGCCGCAGAGGCTGAGCAGG,0.30767
ACCAGTCACCTTTCACTTCTTGG,0.1847
CTTCTTTGAAGAGCTCTAGCAGG,0.36566
CTTCAGCTGATCTGCCTCTTTGG,0.12979
GCTCAGCCTCTGCGGCCTTCTGG,0.10641
AGCATTCTCAGGATAAAATTTGG,0.21272
CTCAGCCTCTGCGGCCTTCTGGG,0.12432
TGCACAATGAGAACTCCGACAGG,0.31448
CACAATGAGAACTCCGACAGGGG,0.46728
GGCCAAGAAGAACTTAAGCGAGG,0.75754
TAGTGACTGCTTATGAGCATGGG,0.8681
AACGCGTGAGAATGGCCAGGAGG,0.85185
AGCTGTTGTCTATGCTGTGGAGG,0.75415
GAACTTAAGCGAGGCCCTGGGGG,0.8771
AAGAACTTAAGCGAGGCCCTGGG,0.77745
AGAACTTAAGCGAGGCCCTGGGG,0.83434
AATCTGACAACGCGTGAGAATGG,0.63704
ACTGGGCTAACCTAAAGCTGTGG,0.81477
TTCAGCTGTTGTCTATGCTGTGG,0.82654
GGCGACCTTTGTGAGCGAGCTGG,0.53073
GATGACTTCCCTGTGCACCTGGG,0.74332
TTCTCACAATGATTTCCTCCTGG,0.60288
ATAGTGACTGCTTATGAGCATGG,0.69902
GAGTGGGAAGCATCATTGTGTGG,0.62811
CAAGCAGAAGATCAGCAAAGAGG,0.77026
CTGTTTCACGTTGTCCCCCAGGG,0.68218
AACAGCTGAAACAGCCTCCTCGG,0.605
GAAGAACTTAAGCGAGGCCCTGG,0.5791
AGAGCATAGACAGTATGTGTAGG,0.7528
ACTGTTTCACGTTGTCCCCCAGG,0.62593
GTTGTCTATGCTGTGGAGGTTGG,0.72113
GACAACGCGTGAGAATGGCCAGG,0.64829
TCTGCTTGAACCACAGCTTTAGG,0.46674
AGCTCATAGACTTCTCACACAGG,0.7054
ATTCTTCAGGTATGGCTGCGGGG,0.76078
CAGGGAGCAGTAAAAGCTGGAGG,0.57644
CGCCTCCAGCTCGCTCACAAAGG,0.66198
AGATCGTACATGTTCACCGGAGG,0.79095
AAAAGATCGTACATGTTCACCGG,0.63125
AGACTTCTCACACAGGATAATGG,0.59141
GCTGGATTCTGACCAGCACAGGG,0.70683
GAGCATAGACAGTATGTGTAGGG,0.64649
GACCTTTGTGAGCGAGCTGGAGG,0.63801
GCACTCCTGCTGGCATGCTCCGG,0.50724
AGGGAGCAGTAAAAGCTGGAGGG,0.69701
ACTACACTATTCTTCAGGTATGG,0.58247
AGCAAAACCTGGAAAACCCAAGG,0.5228
GGATCTTTGCCTTGGCCAGGGGG,0.63159
TGTCTCCGGAGCATGCCAGCAGG,0.55158
CTATTCTTCAGGTATGGCTGCGG,0.59316
CAGCCTCAAAATCCTCTCTCAGG,0.51411
CTATCATTCTCCCTTCAAGCTGG,0.57197
TTCACCGGAGGCAAAGATGCAGG,0.63661
CTTTGTGAGCGAGCTGGAGGCGG,0.51448
GCAGCAGGCTGCACTCCTGCTGG,0.44942
AATTGCTGGGCTCCTGAGAGAGG,0.48349
AGTGGGAAGCATCATTGTGTGGG,0.61118
CTTACAACAACTTAATAGAAAGG,0.41491
ACAATGATGCTTCCCACTCGAGG,0.605
GCAAAACCTGGAAAACCCAAGGG,0.64034
GCTCAGCATCATCAGGGGGTGGG,0.47711
CCTTCAAGCTGGCCTCGAGTGGG,0.59615
CTGCTGCTCAGCATCATCAGGGG,0.5122
TCTACCTGCATCTTTGCCTCCGG,0.54619
TATTCTTCAGGTATGGCTGCGGG,0.45515
GGGGGTTCCGCAGCAAAACCTGG,0.38455
TGGATCTTTGCCTTGGCCAGGGG,0.46486
CCCTTCAAGCTGGCCTCGAGTGG,0.43919
GCAAAGATCCAGCACCATCTAGG,0.47344
TGCTCAGCATCATCAGGGGGTGG,0.40806
CCTGCTGCTCAGCATCATCAGGG,0.47709
TCTATGCTCTTAACATTGAAAGG,0.33901
CAGCGCTTGGCAGCCAAGGAGGG,0.40917
GTTCGTCAGAAATTTGATGTAGG,0.49588
GCTGCGGAACCCCCTGGCCAAGG,0.35634
TGCTGCTCAGCATCATCAGGGGG,0.48174
GTTTCTGCCTCTGCAGATACTGG,0.23477
ATGGTGCTGGATCTTTGCCTTGG,0.43896
GGCCTCGCTTAAGTTCTTCTTGG,0.29606
CTCAGGAGCCCAGCAATTTGTGG,0.35407
AGCTGGATTCTGACCAGCACAGG,0.38263
TGAGAAGTCTATGAGCTTCAAGG,0.39242
GGATGACTTCCCTGTGCACCTGG,0.31401
TTCTGTCTCCTAGATGGTGCTGG,0.33021
CCCTGATGATGCTGAGCAGCAGG,0.33424
AGCCCAGCAATTTGTGGCAAAGG,0.32073
AAAGGATCATCACGAAACTCTGG,0.47676
GCTGGATCTTTGCCTTGGCCAGG,0.2168
GGAGGAAATCATTGTGAGAATGG,0.31433
TTTCAAGTCGTCATCATCTTGGG,0.25178
AGATGCAGGTAGAGTGTCTCCGG,0.34472
TCTCACGCGTTGTCAGATTTTGG,0.25821
AAGCTACTACACTATTCTTCAGG,0.29077
CCTTGGCTGCCAAGCGCTGGCGG,0.38096
TCAGGGGGTGGGTGAGAAGCTGG,0.35275
TGCTGCAGCTCTTCATGATTTGG,0.20797
TGACGTCAGTTGTGTCAAGAAGG,0.41826
GTTTCAAGTCGTCATCATCTTGG,0.24301
CCACTCGAGGCCAGCTTGAAGGG,0.2662
GCCTGCTGCTCAGCATCATCAGG,0.17311
AGCGCTTGGCAGCCAAGGAGGGG,0.35075
TTTCTGCCTCTGCAGATACTGGG,0.38623
ATCCTTTGCCACAAATTGCTGGG,0.23432
CGGGGTCACGTTACTGCCAAAGG,0.30237
CAAAGTTCACCGCCAGCGCTTGG,0.33686
TTCAAGTCGTCATCATCTTGGGG,0.31205
CCCACTCGAGGCCAGCTTGAAGG,0.27454
CTGACGTCAGTATATCTTTAAGG,0.17011
CCTCCTTGGCTGCCAAGCGCTGG,0.23288
GATCCTTTGCCACAAATTGCTGG,0.15053
CCGCCAGCGCTTGGCAGCCAAGG,0.25642
CCAGCGCTTGGCAGCCAAGGAGG,0.33665
TCCGAAGCCGAACTGCTCGATGG,0.81212
GCCACAGAGATGTCCAGCGGGGG,0.7395
GCAGTTCGGCTTCGGAAACTGGG,0.68446
TGCTTCCCGGACTCCCCAAGAGG,0.75585
GGCAGCGGGGTGGTGAGGCTGGG,0.59182
CCCACGTGGACATGTACGTGCGG,0.78803
ACAGACCACACCTGTCCCAGCGG,0.86098
TCGGTGCAGCGGAAGCGCAGCGG,0.74752
AGCCACAGAGATGTCCAGCGGGG,0.85198
ACGTGAGCATGTACATCCACGGG,0.82352
CTGGACGCCATCGAGCAGTTCGG,0.6772
GAGCCCGCTGATGAGCGTCTCGG,0.73791
GCAGCGGGCTCACCTCGGCCAGG,0.65837
AGATCCAGCCGCTTTCTGTGAGG,0.80262
CTTCACGCTCTGGGGGCCCGAGG,0.6345
GCAGTTCTCGGATCTTGGCCCGG,0.63281
CATGACATGAACTGGTACAGCGG,0.82801
TGTCCTGGCACTCGGTGCAGCGG,0.73511
GCGGCGGTGGTGGCCGATCTCGG,0.50976
TGGCACCAGATTGTAGTCACGGG,0.7326
TAATGCTCCATCACCTCTTGGGG,0.65163
TTCACAGTCACGTAGCGGGCTGG,0.67292
GTGGCTGAGCAGCAGCAGCTGGG,0.69346
CCGCACGTACATGTCCACGTGGG,0.89882
TGTACATCCACGGGAACCTGGGG,0.78849
GACAGGTGTGGTCTGTCACGCGG,0.80747
TTTGTCATCGTAGGAAGATATGG,0.67413
CCAAGATCCGAGAACTGCAGCGG,0.78496
TACGTGAGCATGTACATCCACGG,0.75199
AGCTGAAAGAGAGACAGCGGCGG,0.7009
CAGCCACAGAGATGTCCAGCGGG,0.66247
AGTCCGGGAAGCACCAACGTGGG,0.77186
CTGCGTGTACTGCCTGGCCGAGG,0.69645
TCCGCACGTACATGTCCACGTGG,0.82694
GGAAGCTGAAAGAGAGACAGCGG,0.75809
GCTACCAGCTGGTGGACGGCGGG,0.75251
AGTCTTCACAGTCACGTAGCGGG,0.72359
GAAGCGCAGCGGGCTCACCTCGG,0.66188
GGCGGGCGCTTCACGCTCTGGGG,0.51911
GGGCGGCTGGACCAGTCGCGAGG,0.69276
GGATTCCTTGCCGCTTCTGGAGG,0.63197
TCGCGAGGAGCAGCTGCTGCTGG,0.42641
GAGTCCGGGAAGCACCAACGTGG,0.72314
GAAGATATGGCTGCCCACGTTGG,0.62147
CCGCTACCACGGCTACCAGCTGG,0.64024
GGTGTGGTCTGTCACGCGGTTGG,0.61816
ATCTCGTAATCATCCCGCAGCGG,0.67365
CAGCAGCTGCTCCTCGCGACTGG,0.54753
TCAGCCACAGAGATGTCCAGCGG,0.75966
CACGGCTACCAGCTGGTGGACGG,0.6596
GCTGAAGCGCAAGATCACCAAGG,0.73874
CGGCAGAGTACGAGGCAGCGCGG,0.64228
GCGGGCGCTTCACGCTCTGGGGG,0.66427
GCGACTGGTCCAGCCGCCCTCGG,0.63586
GGTGCCAGCCTTCCTGGGGAAGG,0.54088
GTCCAGCCGCCCTCGGCCTCGGG,0.43537
GATGTCCAGCGGGGGCAGCGGGG,0.64711
GGCCTCCGCTGGGACAGGTGTGG,0.56271
CATCGCCCGTGACTACAATCTGG,0.541
CGGTGCAGCGGAAGCGCAGCGGG,0.47208
GCCCCCGCTGGACATCTCTGTGG,0.72366
ATCTGGTGCCAGCCTTCCTGGGG,0.5979
CGGGGGAAGATGGCGGAGCTGGG,0.40979
TAGTCTTCACAGTCACGTAGCGG,0.63041
CGAGCTGAAGCGCGCCCACGTGG,0.58562
GTGGTGGCCGATCTCGGCGCCGG,0.54043
GGTAGCCGTGGTAGCGGCGGTGG,0.54138
GGCTACCAGCTGGTGGACGGCGG,0.63298
CATCCACGGGAACCTGGGGAAGG,0.57377
CAGCTCGATGTCCTGGCACTCGG,0.4999
ACGGCGGGCGCTTCACGCTCTGG,0.44676
GACCACACCTGTCCCAGCGGAGG,0.64164
GATGCCGAGACGCTCATCAGCGG,0.7502
TCTTGGTGATCCCGTTTCGCCGG,0.64284
CATGTACATCCACGGGAACCTGG,0.50592
CTGGCACCAGATTGTAGTCACGG,0.53771
GCGAAACGGGATCACCAAGATGG,0.57531
AGGCCTTCCCCAGGTTCCCGTGG,0.60746
GGCCCGAGGCCGAGGGCGGCTGG,0.34441
TCCAAACGGGGAAAGGAGGACGG,0.55247
CCATCACCTCTTGGGGAGTCCGG,0.27189
CGGGGCACAGCTCGATGTCCTGG,0.49984
TGGGGGCCCGAGGCCGAGGGCGG,0.47802
CCGGACTCCCCAAGAGGTGATGG,0.44492
ACAGGAGCTCGAAGCCTGGAAGG,0.55671
GCTCCTGTCAGATCGCGAGAAGG,0.60755
TTAAAGACCACCTCCAGAAGCGG,0.49407
AACCTAGCCGGCTCCAAACGGGG,0.52748
GAAGCCTGGAAGGTTCTCAATGG,0.67376
GCATAAACGGGAGAAGAGGAAGG,0.59992
CTTCTTGTCCTTCCCCAGGAAGG,0.52545
GGGGGAAGATGGCGGAGCTGGGG,0.43368
GAAGTACTGCGTGTACTGCCTGG,0.52418
GCGGGGGAAGATGGCGGAGCTGG,0.35093
ATGTACATCCACGGGAACCTGGG,0.5213
GGTGAGAGGGGGCCTCCGCTGGG,0.45987
CTCTGGGGGCCCGAGGCCGAGGG,0.48098
TCTCCTTCTTGTCCTTCCCCAGG,0.52171
CGGCTCCAAACGGGGAAAGGAGG,0.53462
GCTGGTAGCCGTGGTAGCGGCGG,0.60969
CGCCGGCCGAGAAGCACTCGGGG,0.51112
TGCCCCGAGTGCTTCTCGGCCGG,0.44792
CGTCCACCAGCTGGTAGCCGTGG,0.52031
GCCTGGAAGGTTCTCAATGGCGG,0.61836
CTACCACGGCTACCAGCTGGTGG,0.62619
GACCACCTCCAGAAGCGGCAAGG,0.5122
GGCGCCGGCCGAGAAGCACTCGG,0.47942
CGCGGCATAAACGGGAGAAGAGG,0.4548
TGTCCAGGTAGCTAGGAAGGCGG,0.6818
AGCGCCCGCCGTCCACCAGCTGG,0.50833
GCGCCGGCCGAGAAGCACTCGGG,0.55025
TGTGGTCTGTCACGCGGTTGGGG,0.38325
CATCACCTCTTGGGGAGTCCGGG,0.39823
TTCCCCGTTTGGAGCCGGCTAGG,0.41386
AGCTGGGCTACATGCCGCTGCGG,0.42669
GATCACCAAGATGGAAGAGTCGG,0.55422
AGGAGCTGCGCCTGAAGCTGAGG,0.41298
GGAAGAGTCGGCAGAGTACGAGG,0.52077
GTGGTGAGGCTGGGTGAGAGGGG,0.51213
TTGTCCTTCCCCAGGAAGGCTGG,0.40316
CGGCGAGCGGGGGAAGATGGCGG,0.41857
CTTTGTCCAGGTAGCTAGGAAGG,0.46528
TGTGGCTGAGCAGCAGCAGCTGG,0.34088
GAAGCGCAAGATCACCAAGGAGG,0.62132
CCAGCTGGTAGCCGTGGTAGCGG,0.49095
GGCCACCACCGCCGCTACCACGG,0.43209
GTACCAGTTCATGTCATGCAAGG,0.59112
TTACGAGATCGAGTATGACCAGG,0.57062
GGGTGGTGAGGCTGGGTGAGAGG,0.36441
AGCCGTGGTAGCGGCGGTGGTGG,0.41507
GCCGGTACCGCTGCAGTTCTCGG,0.25054
CTTCCTGGGGAAGGACAAGAAGG,0.45226
AGATGTCCAGCGGGGGCAGCGGG,0.28789
TCCGAGAACTGCAGCGGTACCGG,0.34268
CTTCCGCTGCACCGAGTGCCAGG,0.31667
ATTTCCTCACAGAAAGCGGCTGG,0.40692
CACCACCCCGCTGCCCCCGCTGG,0.33181
GCCATCGAGCAGTTCGGCTTCGG,0.35712
AAGGAGAACAAAAACCTAGCCGG,0.41944
CGCGGTTGGGGATGGTGTCGGGG,0.33026
TTCCTTGCCGCTTCTGGAGGTGG,0.36603
AGCAGTTCGGCTTCGGAAACTGG,0.25981
GCTGGGCTACATGCCGCTGCGGG,0.38286
GTCTGTCACGCGGTTGGGGATGG,0.35275
CAACTATGATGACGACGACGTGG,0.53105
GTGTGGTCTGTCACGCGGTTGGG,0.27586
CACGCGGTTGGGGATGGTGTCGG,0.34981
AAGCCGCCTTCCTAGCTACCTGG,0.3651
GGTACAGCGGCCTCAGCTTCAGG,0.23103
AGAAAGCGGCTGGATCTCCAGGG,0.53993
ACGCGGTTGGGGATGGTGTCGGG,0.26812
GGTGGTGAGGCTGGGTGAGAGGG,0.30676
GTCCAGCGGGGGCAGCGGGGTGG,0.45098
GCCGCCATTGAGAACCTTCCAGG,0.2766
TGCAGCGGTACCGGCGAAACGGG,0.32991
CAGAAAGCGGCTGGATCTCCAGG,0.23891
TGGTGAGGCTGGGTGAGAGGGGG,0.42251
GCGCAGCTCCTTCTCCTCCTTGG,0.27525
GTAGCTAGGAAGGCGGCTTTTGG,0.27809
GCGGGGGCAGCGGGGTGGTGAGG,0.29211
GGGTGAGAGGGGGCCTCCGCTGG,0.1948
CAAGATCACCAAGGAGGAGAAGG,0.36655
CTCTGCCGACTCTTCCATCTTGG,0.28349
TCTGACAGGAGCTCGAAGCCTGG,0.37399
GCACCTTCTCGCGATCTGACAGG,0.4114
GGTCCAGCCGCCCTCGGCCTCGG,0.24289
GAGATGTCCAGCGGGGGCAGCGG,0.3743
CTCCTTTCCCCGTTTGGAGCCGG,0.315
ATGCCGAGACGCTCATCAGCGGG,0.56431
GCTCTGGGGGCCCGAGGCCGAGG,0.18217
TGATGAGCGTCTCGGCATCCTGG,0.57134
AATCTGGTGCCAGCCTTCCTGGG,0.27269
GAGGGGGCCTCCGCTGGGACAGG,0.2696
AAACCTAGCCGGCTCCAAACGGG,0.33337
TGGACAAAGTCCTAAAGAAAAGG,0.31445
GGGGAAGGACAAGAAGGAGAAGG,0.4338
AGCCGGCTCCAAACGGGGAAAGG,0.30907
AGGGGATTCCTTGCCGCTTCTGG,0.20477
CGGGGATGCAGGCCTTCCCCAGG,0.36061
TTGAATTTCCTCACAGAAAGCGG,0.27984
TCAGCTTCAAGACGCGTCCCTGG,0.45937
CGAGGCAGCGCGGCATAAACGGG,0.26637
AAAACCTAGCCGGCTCCAAACGG,0.30788
CGTAATGCTCCATCACCTCTTGG,0.25536
GCCGTCCTCCTTTCCCCGTTTGG,0.18103
GTAATGCTCCATCACCTCTTGGG,0.31558
GCTGTGCCCCGAGTGCTTCTCGG,0.33149
CCGCTGCAGTTCTCGGATCTTGG,0.22324
ACGAGGCAGCGCGGCATAAACGG,0.23485
CTGCCCACGTTGGTGCTTCCCGG,0.19004
GGGGATGGTGTCGGGGATGCAGG,0.24039
TTCTCGGCCGGCGCCGAGATCGG,0.24608
GGGCAGCGGGGTGGTGAGGCTGG,0.15062
CGGCGGGCGCTTCACGCTCTGGG,0.18783
CTGCAGCGGTACCGGCGAAACGG,0.24399
AGGACTTTGTCCAGGTAGCTAGG,0.32647
ACTCCTTGCATGACATGAACTGG,0.35647
CAATCTGGTGCCAGCCTTCCTGG,0.12853
