GTTGCTATCTACCACAAGCAGGG,0.81669
TTCTTCTCAGTTCAAGTAACAGG,0.46602
TTCCGGGCATCCCTGTACAAGGG,0.72528
TCGGCATTCGAGCGAAACTGGGG,0.69854
ACCAGTGCCCAAAACAGCTTAGG,0.58007
ACATGAACATGACTCCCCGGAGG,0.85915
GACACTCAGGCTGCTGTTCTTGG,0.41274
GCTGTTCACGCCCTTGTACAGGG,0.69885
CTCCTCTCGTTGTCTAGGTAAGG,0.60908
CGCCTTACCTAGACAACGAGAGG,0.68907
TCGTTGTCTAGGTAAGGCGGAGG,0.75696
TCATCAGAACAATGACACTCAGG,0.78387
TTATGGCTTGCTAGTGACAGTGG,0.70866
ATAGGGGTCCCTGTCAGGGGCGG,0.67391
CAAGGGCGTGAACAGCGACGTGG,0.74333
ACTACATGAACATGACTCCCCGG,0.79519
CGAGTGAGCCCAGGCCTCCGGGG,0.63209
TTCCTTTGCGAGAAGGTTGTAGG,0.44492
ATTCCGGGCATCCCTGTACAAGG,0.59471
CCCTTCAGAAAACAAGATTTTGG,0.34946
AAGTCTCTGGCAGGGGCGTAGGG,0.50946
ACGCTGCAAAGTCTCTGGCAGGG,0.62603
CTAGACAACGAGAGGAGCAATGG,0.70708
TGCCGAGTTCAACTGCGACGGGG,0.59557
TCGAGTGAGCCCAGGCCTCCGGG,0.43432
AATGCCGAGTTCAACTGCGACGG,0.49613
ACGAGGTCAGCCTCAGCTGCAGG,0.44573
CTCTGGCAGGGGCGTAGGGCTGG,0.38133
AGCGACGTGGAAGTCTGTGTCGG,0.51855
CATTGCTCCTCTCGTTGTCTAGG,0.43699
GCAGCGTACCGCCCCTGACAGGG,0.58245
AAAGTCTCTGGCAGGGGCGTAGG,0.41116
CTAGCAAGCCATAACAAAACAGG,0.41481
CGTTGTCTAGGTAAGGCGGAGGG,0.7949
TGGGCACTGGTCGTGGTTGCTGG,0.30021
TAAGGCTTTCGAGTGAGCCCAGG,0.4963
GCGACGTGGAAGTCTGTGTCGGG,0.43498
GTTCCTTCTACTATTTGTCTAGG,0.41679
GCAGGGGCGTAGGGCTGGTAAGG,0.35616
AAAGCAGTCGCCCCTGCTTGTGG,0.47013
CGCTGCAAAGTCTCTGGCAGGGG,0.40208
ATCCCCGTCGCAGTTGAACTCGG,0.4822
CGTTGCTATCTACCACAAGCAGG,0.48364
CGAGCGAAACTGGGGCTGATAGG,0.4142
TGTAGGAATACCTGCAGCTGAGG,0.70658
TGCAGCGTACCGCCCCTGACAGG,0.35715
AGTGGCTCTTTGTGTTATCTGGG,0.40371
GGAACTATTATTCACATAAAAGG,0.27271
TTCGAGTGAGCCCAGGCCTCCGG,0.31643
TGGATAGGGGTCCCTGTCAGGGG,0.41432
TTCCTACAACCTTCTCGCAAAGG,0.34545
GCGGTACGCTGCAAAGTCTCTGG,0.35126
CCCCCTAGACAAATAGTAGAAGG,0.43092
CCTTCTCGCAAAGGAATTCCGGG,0.30312
TACGCTGCAAAGTCTCTGGCAGG,0.34169
TTGCTATCTACCACAAGCAGGGG,0.76275
TGTTCATGTAGTCACTTTGAAGG,0.35513
CCCGGAATTCCTTTGCGAGAAGG,0.3264
ACCTTCTCGCAAAGGAATTCCGG,0.21506
CGCTGTTCACGCCCTTGTACAGG,0.25195
TGGAAGTCTGTGTCGGGAATGGG,0.25137
ACTCGGCATTCGAGCGAAACTGG,0.21174
AGTCATCTCCTAAGCTGTTTTGG,0.15817
ACATGACTCCCCGGAGGCCTGGG,0.35508
CGCCCTTGTACAGGGATGCCCGG,0.29455
GTGGAAGTCTGTGTCGGGAATGG,0.25022
GCTTGTGGTAGATAGCAACGAGG,0.96779
ATGCCGAGTTCAACTGCGACGGG,0.24563
AACATGACTCCCCGGAGGCCTGG,0.27916
CAGTGGCTCTTTGTGTTATCTGG,0.14096
CTCGGCATTCGAGCGAAACTGGG,0.26586
AAACAGTGACGTTCCGTCTCTGG,0.25164
TGACGTGCAGATTCCAGAGACGG,0.78196
CTCTCGTTGTCTAGGTAAGGCGG,0.69787
TTCTTGGCTTGGTGACCTGGTGG,0.7841
GCTTGTTGTCACAGTGGTGGGGG,0.37294
CTGGCTACATTTGATGGTTCTGG,0.25798
AGAATCAAGTGGCATGTTACTGG,0.33883
CCAAGGGGGTCAAAGAAACTGGG,0.35674
TGTGGTGACAGGGGGACCACTGG,0.37659
CCCCTGTCACCACAGCTACTGGG,0.37944
CATCAGTTTCTGTGGGGTCAGGG,0.35395
ATGCCACTTGATTCTTGGCTTGG,0.3323
CAGAGGCAAAAGCGGAGGACTGG,0.3241
TCCTGAGAGGCAGTAGGCTCAGG,0.34955
GATTGGCTGCAGTGACAGGAGGG,0.86903
GCCCATGCTTATTGCCTTGGTGG,0.32848
CCCCCTGTCACCACAGCTACTGG,0.25184
CACAGTGGTGGGGGGTGCACTGG,0.26258
ACCTGGTGGTTATGGGATCTTGG,0.19036
GAGGCAGTAGGCTCAGGTACAGG,0.31593
TTCTGTGGGGTCAGGGACAGTGG,0.31606
CACCACAGCTACTGGGTCTCTGG,0.21515
CTTTGGGGCATGCTGGGTCCAGG,0.25822
CCCAGTTTCTTTGACCCCCTTGG,0.22057
CCATCAGTTTCTGTGGGGTCAGG,0.20194
GACAATTCAGTAGTTTCCAAGGG,0.7062
TTGCACCTTCTCCTCCTCTTTGG,0.15511
GGGATTGTGGTCTGCCCCCAGGG,0.27763
GTAACATGCCACTTGATTCTTGG,0.22046
TGCACCTTCTCCTCCTCTTTGGG,0.13135
CTTGGTGACCTGGTGGTTATGGG,0.20013
CCCCACAGAAACTGATGGGCTGG,0.32703
TGCTGGAAACTGAGGTGCCACGG,0.27793
GCTTGGTGACCTGGTGGTTATGG,0.19152
GTCGTCCTCTGCAGACTGTCTGG,0.2053
GAGCTTGTTGTCACAGTGGTGGG,0.33041
GCTGCAGTTCCGTCTGTCACAGG,0.62741
AACTACTGAATTGTCTTCTTTGG,0.16639
AACTGATGGGCTGGCATTCTGGG,0.16568
TATTGCCTTGGTGGTGGTTTTGG,0.11387
CCTCCTCTTTGGGGCATGCTGGG,0.20893
GCCAGCCCATCAGTTTCTGTGGG,0.36783
GAACTGGTTGCTGTGGTAGCAGG,0.22867
TCCAAGGGGGTCAAAGAAACTGG,0.17066
GACAGGGGGACCACTGGTCTTGG,0.21238
AAACTGATGGGCTGGCATTCTGG,0.11249
AGTTCCGTCTGTCACAGGATTGG,0.78852
CTTACTGTTGTAGCCACAGAGGG,0.81408
GGACCCAGCATGCCCCAAAGAGG,0.68548
GAAACTTCCTGAGAGGCAGTAGG,0.80438
CCCAAGATCCCATAACCACCAGG,0.77993
CTGACCCCACAGAAACTGATGGG,0.71051
TGGGGCATGCTGGGTCCAGGTGG,0.76007
AACTGGTTGCTGTGGTAGCAGGG,0.61922
CCCAGCATGCCCCAAAGAGGAGG,0.64974
GCTGGCATTCTGGGCTTCAGAGG,0.62907
GCTGTGATATGTGGGGTAGATGG,0.69164
GCACCTTCTCCTCCTCTTTGGGG,0.55708
AGACAATTCAGTAGTTTCCAAGG,0.67918
CCACAGCTACTGGGTCTCTGGGG,0.71056
CCAGCCCATCAGTTTCTGTGGGG,0.79294
CAATTCAGTAGTTTCCAAGGGGG,0.8308
TCACCAAGCCAAGAATCAAGTGG,0.667
GGTCTGCCCCCAGGGGCTGATGG,0.55137
AGGTCCGTCTGTCACAGGATTGG,0.68347
ACTTGGAGCTGTGATATGTGGGG,0.84401
CCCAGTAGCTGTGGTGACAGGGG,0.60824
CACCACCAAGGCAATAAGCATGG,0.64826
TCTTCTTTGGAGACTTCTGCTGG,0.54968
TGGGATTGTGGTCTGCCCCCAGG,0.41102
AGAGGCAAAAGCGGAGGACTGGG,0.51505
TTCTGTGGAGAGTTCCAGTGTGG,0.60172
GGTCAAAGAAACTGGGATTGTGG,0.56437
GGGTCACTGGCTACATTTGATGG,0.53481
GTACTTGGAGCTGTGATATGTGG,0.67663
ACAAGCTCTAACGAGACCAGTGG,0.71694
ACCACCAAGGCAATAAGCATGGG,0.67207
CGAGCCCAGACAGTCTGCAGAGG,0.63172
GCTTACTGTTGTAGCCACAGAGG,0.70696
GTCAGGGACAGTGGACTCGAAGG,0.6119
TGTGGCGCCAGAGGCAAAAGCGG,0.60027
TACTTGGAGCTGTGATATGTGGG,0.55309
AGGAGACCATCAGCCCCTGGGGG,0.71231
GAGAGTTCCAGTGTGGCCCGTGG,0.70707
CGAGACCAGTGGACCCTCTGTGG,0.62052
CTTGCTGGAAACTTCCTGAGAGG,0.89207
AAAGAGGAGGAGAAGGTGCAAGG,0.54852
GCATCTACATCTATCTCTAAAGG,0.46112
ATGCCCCAAAGAGGAGGAGAAGG,0.5828
GTTAGAGCTTGTTGTCACAGTGG,0.66
ACAGTAAGCTCCAAGACCAGTGG,0.75106
ACCCAGTAGCTGTGGTGACAGGG,0.49566
CAACAGCAGTAGCGCCACGAGGG,0.63844
TCGTCCTCTGCAGACTGTCTGGG,0.5105
CCCCAGAGACCCAGTAGCTGTGG,0.54591
ACCTGAGCCTACTGCCTCTCAGG,0.39787
ACAACAGCAGTAGCGCCACGAGG,0.89569
GGATTGGCTGCAGTGACAGGAGG,0.58437
CCAGTAGCTGTGGTGACAGGGGG,0.61503
AAGGAGACCATCAGCCCCTGGGG,0.6606
GGCAGTAGGCTCAGGTACAGGGG,0.55632
CCTGACCCCACAGAAACTGATGG,0.56902
TACCACAGCAACCAGTTCTGTGG,0.69295
TCGTGGCGCTACTGCTGTTGTGG,0.47181
TTCTGGGCTTCAGAGGTACTTGG,0.36548
CTCCACAGAACTGGTTGCTGTGG,0.5339
GAGGGCCAAAACCACCACCAAGG,0.57286
GGGCCCTCGAGTGAGATGCATGG,0.72957
AGTCCATGCATCTCACTCGAGGG,0.60915
ACCACAGCTACTGGGTCTCTGGG,0.35071
GGGATCTTGGGTAGACGTCGTGG,0.55536
CATGCTTATTGCCTTGGTGGTGG,0.49658
GAGTCCATGCATCTCACTCGAGG,0.6137
CTTGTTGTCACAGTGGTGGGGGG,0.56121
TGTAGCCACAGAGGGTCCACTGG,0.53597
TGCCAGCCCATCAGTTTCTGTGG,0.41955
ACTGGAACTCTCCACAGAACTGG,0.49115
GACTGTCTGGGCTCGCCACCTGG,0.28608
ACAATTCAGTAGTTTCCAAGGGG,0.7424
GAAGGAGACCATCAGCCCCTGGG,0.50195
TCCTCCTCTTTGGGGCATGCTGG,0.25372
AGGTACAGGGGTGCTCATGCTGG,0.46326
GCTGGAAACTGAGGTGCCACGGG,0.53593
TACTGCTGTTGTGGCGCCAGAGG,0.44597
CCTGGTGGTTATGGGATCTTGGG,0.40548
AAGCAGTGCTGATGTCTTGCTGG,0.31454
GGATTGTGGTCTGCCCCCAGGGG,0.52807
AGGCAGTAGGCTCAGGTACAGGG,0.41203
GGCGCCAGAGGCAAAAGCGGAGG,0.49884
GCTGCAGGTCCGTCTGTCACAGG,0.64967
ACAGGATTGGCTGCAGTGACAGG,0.37615
AGAGCTTGTTGTCACAGTGGTGG,0.49263
TGAGGTGCCACGGGCCACACTGG,0.43362
CGAAGGAGACCATCAGCCCCTGG,0.46125
TGATTCTTGGCTTGGTGACCTGG,0.43502
GACCCAGTAGCTGTGGTGACAGG,0.31433
TGCAGTGACAGGAGGGTCACTGG,0.39571
GGTGCCCATGCTTATTGCCTTGG,0.33576
TCTGTCACAGGATTGGCTGCAGG,0.58205
AGCTTGTTGTCACAGTGGTGGGG,0.3952
TATAGCATAAAACATATCCATGG,0.75727
GGGCCACTAAAAGAAACGATCGG,0.80945
CTGGTATTCAGCCTCCAGAGGGG,0.71119
TGTGCTCAGTACTGGGGCGAAGG,0.44798
GAGCTGAGACATTCCAAGGTAGG,0.63796
AGTTGGAGGACACAGCACATTGG,0.67148
CCTCAAACAGAAGCTTCCCAAGG,0.65834
TGACTGCACACCAAAAGAAAAGG,0.53324
ACCAGTACCAGTGTACCACATGG,0.67092
CAAGCATGGAGGAAGGCACTCGG,0.54246
CCCATTGACATAGGCAAGTAGGG,0.48028
TACTGGCCAAGCATGGAGGAAGG,0.68799
GAGTCTGCATCTAAACCCCATGG,0.86077
AGTTCGGAGAGTGTAGGCTGAGG,0.56993
CATTGGAATTGATGCCATGCTGG,0.48952
CATCCATCCTCGTCCACTGCAGG,0.5065
AGGAAATACATTGCTGCACAAGG,0.51927
AGAAATTGACATTCACCTGGTGG,0.66775
TTAGTGGAATACAATCAGTTTGG,0.42798
ACCAGTGTACCACATGGAAAGGG,0.51112
AAAAGGAAGATTGCTGATGAGGG,0.62235
TGAAAAGCAGCTGATGGATGTGG,0.64636
ATGACTTCTGGAGGATGATCTGG,0.43262
ATAGATTTATATGTACCACCAGG,0.80006
GACTTCCTTCATACAGGAGTTGG,0.55618
AAGCATGGAGGAAGGCACTCGGG,0.62001
TGTTCCCTTAGTGCTGGTGTTGG,0.45724
ACAGAACAACCCTGTCTGCTGGG,0.60997
TATTCAGCCTCCAGAGGGGAGGG,0.45496
GTATTCAGCCTCCAGAGGGGAGG,0.48853
ACTATTGTCTGTCGGCCGGGAGG,0.66385
ACGCAAAGCACGGCCTGGGGTGG,0.62229
TGTGCAGCAATGTATTTCCTGGG,0.54306
TTCCCAAGGCTTCCCCAGAAGGG,0.49517
TAACCTGCAGTGGACGAGGATGG,0.72585
TCTGAAATAAATGGAGATGCAGG,0.42247
CAAAAGGAAGATTGCTGATGAGG,0.45029
CGATGATGTCATAGAGGAACTGG,0.46049
GTCCCATTGTGGTGCACTGCAGG,0.47408
CAAAGACTTCTGTGTCCAGAAGG,0.47225
CTCATATCCAATTCACCAGCTGG,0.44297
CTGGAAGGCCTGGAAGCAGAGGG,0.65155
TTCCTAACCTGCAGTGGACGAGG,0.52485
ATGGTTATGTTGTCAAGCTAAGG,0.60036
AGTCATCAACTGTCTCATCCCGG,0.46015
GGGCCATTAGTTTCATAAGGAGG,0.70736
CAGTGACCCCTCCCCTCTGGAGG,0.48481
CGAGTGCCTTCCTCCATGCTTGG,0.37088
TGTAATCAGGACATCGTTTGTGG,0.49298
ATCTCCAGTTCATGCTTAAGTGG,0.43852
ACCCAGTGACCCCTCCCCTCTGG,0.48286
GAGGGCAAAGTGGATGTCTATGG,0.51621
CTTCCCAAGGCTTCCCCAGAAGG,0.38675
CAAGCTTTCCACCTCAAAACTGG,0.39199
TCAGGTTTAGATACAGGCTCAGG,0.53057
AGGAAGTCTGTGCTCAGTACTGG,0.39633
CATTAATGCATCCTTTGTGATGG,0.76866
ATCAGCTTCCTAACCTGCAGTGG,0.52194
AACAACAGGAACTCGTTGAAAGG,0.35378
ATACTTCAATTTGTTTGGAGTGG,0.41206
TCTTCAGGAACCCCATGGTCTGG,0.45027
TCCGTCGAAGTTTGAGGAGCAGG,0.4999
TCTCTACGCAAAGCACGGCCTGG,0.42306
GTGATACTTCATCCCTTCTGGGG,0.56311
ACCAGGTCTTTGGGTTCTGCAGG,0.3436
TTCCTTCATACAGGAGTTGGAGG,0.53338
CTTCTTCAGTGGTCCCATTGTGG,0.39825
GCAGCTGGATCCCCACAACTAGG,0.88354
AGATGATGAAAAGCAGCTGATGG,0.5211
AGAACAAGTGCGCAGAATACTGG,0.48037
AGTGCCACTTAAGCATGAACTGG,0.51656
CGAAGTTTGAGGAGCAGGTGAGG,0.5005
GACACAGAAGTCTTTGTCACAGG,0.44666
ATGGTCACACGATGTGAAGAAGG,0.56777
AGGGAAGAATGTCAACATAACGG,0.40317
CCCTACTTGCCTATGTCAATGGG,0.36224
GGTCTGGCCAGCTGGTGAATTGG,0.33478
GCAGACTCAGGTTTAGATACAGG,0.52671
ATAGGTCCGGACAAGGTCAATGG,0.73762
TTGTCACCTATGGTTGTGCTTGG,0.39511
AAATGCTAAGTGTGGAAATGAGG,0.47164
ATGGGAAGATTCAAAGAAATGGG,0.29564
TGGGGTTTAGATGCAGACTCAGG,0.47829
CACAGAACAACCCTGTCTGCTGG,0.33668
TAAAGTCTCTACGCAAAGCACGG,0.51975
GATGTCCAAAATGCTAAGTGTGG,0.50455
TTAGGGCCATTAGTTTCATAAGG,0.39924
AGTGCTTGCAAGGCCCAGAGTGG,0.64836
GGAAGTCTGTGCTCAGTACTGGG,0.37832
AATGTAGCTGGCATTTATGTAGG,0.6567
CTGTCTCATCCCGGGGCCCTAGG,0.33926
TTATGCTATAAGAACAATTCAGG,0.30147
TGATGAGGGCAGACTGTTCCTGG,0.34165
CCCCTTTCCATGTGGTACACTGG,0.39773
TCACAATAATCAGAAACACCAGG,0.53302
ATTCAGCCTCCAGAGGGGAGGGG,0.50176
AGTCTGATTACTAGATTCATAGG,0.4196
CCCTCTGGAGGCTGAATACCAGG,0.37739
CTTAGAGACTTCCTTCATACAGG,0.31331
GAAATGATGATTGCTGCTCAGGG,0.43945
TGTGACCATGACAATAACTGTGG,0.8742
TGGTACTGGTACACAGTTCTGGG,0.36611
AGAAATGATGATTGCTGCTCAGG,0.2989
AAGAAACGATCGGTGACTTTTGG,0.31831
CACGATGTGAAGAAGGAAACAGG,0.37103
TCCCTACTTGCCTATGTCAATGG,0.34403
AGAGGGGAGGGGTCACTGGGTGG,0.43765
CACAGTAATGTTCCCAAACATGG,0.4322
AACAAAATGTCAGAATGGATTGG,0.34899
TCCAGAGGGGAGGGGTCACTGGG,0.34156
AAAGACTTCTGTGTCCAGAAGGG,0.73858
AAATGATGATTGCTGCTCAGGGG,0.813
TTTATACAAAACAACAAGCAAGG,0.39986
TAACTCTCCGTCGAAGTTTGAGG,0.35273
CACCTATGGTTGTGCTTGGAGGG,0.65811
ATGAGACAGTTGATGACTTCTGG,0.32727
CTTGCAAGGCCCAGAGTGGATGG,0.57255
TCACCTATGGTTGTGCTTGGAGG,0.47121
AAGAAAATAAGAAGAAGAACAGG,0.34222
ACAACAGGAACTCGTTGAAAGGG,0.4252
TAAAGCACTGATTATATTCCTGG,0.31459
TTGGAGGGTCAGTGCTTGCAAGG,0.38429
AATGTCTCAGCTCAAAAGTTCGG,0.64127
TGGATGGTGTAAGAGTTGTGAGG,0.70855
GACCCTCCAAGCACAACCATAGG,0.5813
AGCTTCTGAATGATGTAATCAGG,0.31834
ACAGTATATCCTGATTCATCAGG,0.35054
ACCACAACGAAGCAAACATGTGG,0.55976
CAGCAATTTAGATGAACAACAGG,0.30295
AATGGGAAGATTCAAAGAAATGG,0.31417
TTATACTATTGTCTGTCGGCCGG,0.37324
GGATGCATTAATGTATTTGCTGG,0.23961
CTGGTACTGGTACACAGTTCTGG,0.2792
ACTTTCCAAGAGATTGAACAAGG,0.8012
ACCACATGTTTGCTTCGTTGTGG,0.42717
ATAAATGTGCAGACAGATTTGGG,0.2849
TACACATGTGTAATTTGTTTGGG,0.29531
CTACACATGTGTAATTTGTTTGG,0.22601
ACTCTTACACCATCCACTCTGGG,0.51134
AGACCTGGTGTCTATGATTCAGG,0.24731
GGGTTTGTGGCTCAAACTTCTGG,0.20992
ATTACTTACATCAATGTAGCTGG,0.34012
ACTGTTCCTGGCTGAATTTCAGG,0.15155
TACCAGTGTACCACATGGAAAGG,0.39031
GGAAACTTGCTGAATACCCGTGG,0.78363
CCACTAAAGCCTGATGAATCAGG,0.29461
ACCTGCTCCTCAAACTTCGACGG,0.44211
CGCAGAATACTGGCCAAGCATGG,0.37587
GGTCCTCCTTATGAAACTAATGG,0.40278
GACACTTCATAGTATTTATAAGG,0.26284
TATACTATTGTCTGTCGGCCGGG,0.3951
TATGTACTCCACTGTGAGCCAGG,0.41717
GGCCTTTGGATTTGCCCTTCTGG,0.091914
CCTTGGGAAGCTTCTGTTTGAGG,0.2371
TTTCCAACAAAATGTCAGAATGG,0.32309
GGATCCCCACAACTAGGCTTAGG,0.68853
TTGAATCTTCCCATTGACATAGG,0.29517
ATCATAGACACCAGGTCTTTGGG,0.22603
TGTAATTTGTTTGGGCACGAAGG,0.41563
TGTGATACTTCATCCCTTCTGGG,0.2061
GGCTAATACTTCAATTTGTTTGG,0.12714
CAACTAGGCTTAGGCGTTTCTGG,0.10498
AATCATAGACACCAGGTCTTTGG,0.24038
TGGTGTAAGAGTTGTGAGGCTGG,0.46357
AACCCCATGGTCTGGCCAGCTGG,0.29972
CTCCAGAGGGGAGGGGTCACTGG,0.19057
GTATCTTTCAGAGCATTCCACGG,0.75822
TTGTGATACTTCATCCCTTCTGG,0.18938
CTCTACGCAAAGCACGGCCTGGG,0.29707
TTGTCCAACTGACATCTTTCAGG,0.19232
TATTCTGATTGTGGGGCTTTCGG,0.093432
TCTGAAGACTCATCTGATTCAGG,0.22284
TATAAATGTGCAGACAGATTTGG,0.23631
CTGTGCCTTGTTCAATCTCTTGG,0.10967
AACTCTTACACCATCCACTCTGG,0.45906
TTGTGCAGCAATGTATTTCCTGG,0.18003
GGCTTTCGGGCATCTTTGATGGG,0.19483
CCTGGTATTCAGCCTCCAGAGGG,0.72979
CCTGATTCATCAGGCTTTAGTGG,0.232
CAAGAAAAACGTTAGTCTCTTGG,0.21497
GGGCTTTCGGGCATCTTTGATGG,0.16392
TGAGCAGCAATCATCATTTCTGG,0.15525
TTCATTCCATTGACCTTGTCCGG,0.18635
ATTCTGATTGTGGGGCTTTCGGG,0.13756
TGATGCCATGCTGGAAGGCCTGG,0.21408
CATTTCCACACTTAGCATTTTGG,0.15967
GTGGAACTCTCTGAAATAAATGG,0.21465
CCACTTTGCCCTCTGCTTCCAGG,0.14684
AGAATACTGGCCAAGCATGGAGG,0.8188
AGGAGCAGGTGAGGGTCTTCAGG,0.1656
TTCAACTGACTATGAGTTTCTGG,0.14273
TCAAAACTGGTCACATTATTAGG,0.14433
ATGTTCCCAAACATGGCAGCTGG,0.33426
TCTGACTACCAAAATGTAAAAGG,0.2462
ATCCCTTCTGGGGAAGCCTTGGG,0.25865
TGGCTCAAACTTCTGGCCTTTGG,0.18278
CATCCCTTCTGGGGAAGCCTTGG,0.1736
CAGCTCTTCCCCTTTCCATGTGG,0.73613
ATCAGATGATTATAACCGTGTGG,0.72079
TAGCATAAAACATATCCATGGGG,0.92015
AAGGCGACAGAGGTGTCTGATGG,0.82139
CTGAAATAAATGGAGATGCAGGG,0.69263
AGTGCTGGTGTTGGGCGTACAGG,0.50434
ACGATGTGAAGAAGGAAACAGGG,0.89373
GTGTCTGATGGTGCAAGTGGAGG,0.77199
TACTTAACTCCTAGGGCCCCGGG,0.74153
TAAATGTGCAGACAGATTTGGGG,0.70083
ACATAGCTGCACACCACCCCAGG,0.74391
TCCATGTGGTACACTGGTACTGG,0.60767
TTGTCAAGCTAAGGCGACAGAGG,0.74621
AGACAGTTGATGACTTCTGGAGG,0.87907
ATCAGGGCTTCAAGGAACCCAGG,0.64239
GAGGGTCTTCAGGAACCCCATGG,0.73003
TTCACCAGCTGGCCAGACCATGG,0.60749
TATCTTTCAGAGCATTCCACGGG,0.72981
TTACCTGCAGTGCACCACAATGG,0.70909
AAGTTTGAGCCACAAACCCATGG,0.8106
CCAGTGTACCACATGGAAAGGGG,0.78063
GCATCGTACCTGGCTCACAGTGG,0.84215
AACGCCTAAGCCTAGTTGTGGGG,0.76615
TGCGTAGAGACTTTACCACTTGG,0.58483
TTATTTCAGAGAGTTCCACACGG,0.85161
AATGCATCCTTTGTGATGGTAGG,0.71679
AATAGTATAAATGTTACATGTGG,0.71114
GAGGTGTCTGATGGTGCAAGTGG,0.63825
GTACTTAACTCCTAGGGCCCCGG,0.65802
CCTGGAAGCAGAGGGCAAAGTGG,0.72098
TCATCAACTGTCTCATCCCGGGG,0.74625
CATGGCATCAATTCCAATGTAGG,0.65483
GGGCGTACAGGTACCTACATTGG,0.6041
GTGGGTACCTACCATCACAAAGG,0.75873
CACCAGCTGGCCAGACCATGGGG,0.65056
ATAGCATAAAACATATCCATGGG,0.78187
CAACAGGAACTCGTTGAAAGGGG,0.68083
TCCCATTGACATAGGCAAGTAGG,0.59927
ACCTGGTATTCAGCCTCCAGAGG,0.66355
GAGGATGATCTGGGAGCAAAAGG,0.52372
ATGTTGACAGAGTTAGTGAATGG,0.6891
GCCTGCAGAACCCAAAGACCTGG,0.66019
TCACCTCGGATTGCAGAGGAAGG,0.66909
GAAGTCTGTGCTCAGTACTGGGG,0.73782
GGAATTGATGCCATGCTGGAAGG,0.62962
TGACTTCTGGAGGATGATCTGGG,0.68218
GTAGCAGAAATCTTATATCGCGG,0.88127
AAGTGCAGAAACAGAAGATGTGG,0.69102
TCAATGGAATGAAAACCTCCCGG,0.76541
ATCTGCGCAAGAAAAGATCCAGG,0.69445
GAAACGCCTAAGCCTAGTTGTGG,0.59759
AGAGATGGATCCCAGCAGACAGG,0.62034
GCTGGAAGGCCTGGAAGCAGAGG,0.59077
TACCTGCAGTGCACCACAATGGG,0.55952
AAAGCAGACTTATGGAGACATGG,0.67075
TGCTGGCGATGATGTCATAGAGG,0.68539
GTAGCTGGCATTTATGTAGGTGG,0.68459
GAGATGGATCCCAGCAGACAGGG,0.77243
GTTCCCTTAGTGCTGGTGTTGGG,0.58086
CTCAAAAGTTCGGAGAGTGTAGG,0.65381
AGAGGAACTGGTATTGCTCCTGG,0.54127
CATACCTGAAAGATGTCAGTTGG,0.64114
TTTCACAATGGAGTGTACGAGGG,0.74056
TCTACGCAAAGCACGGCCTGGGG,0.6491
TCACCAGCTGGCCAGACCATGGG,0.56765
AGAGTTAGTGAATGGAGACCAGG,0.71889
GGTCCTGAATCATAGACACCAGG,0.65024
GTCCTCCAACTCCTGTATGAAGG,0.59617
ACATTTATACTATTGTCTGTCGG,0.6862
GTCCAGAAGGGCAAATCCAAAGG,0.5522
TGCTTCCAGGCCTTCCAGCATGG,0.5304
CAGATATGACCATGGGTTTGTGG,0.46889
GGCGAAGGAAAGCAGACTTATGG,0.54375
GACTTATGGAGACATGGAAGTGG,0.6581
GTCATCAACTGTCTCATCCCGGG,0.574
AAACGCCTAAGCCTAGTTGTGGG,0.56437
AAAGGCCACAGTTATTGTCATGG,0.70693
CTCTCTTCTTCATGTTGTGTAGG,0.52646
GAAGTTTGAGGAGCAGGTGAGGG,0.6634
TTGCAGTTGGATATAGACCACGG,0.90209
CCTAGGCAGATCAGGCTCAGCGG,0.86677
CCACCAGGAGTACAAGGGTCAGG,0.55591
CTGCAGAGCTGAGGGACCCCAGG,0.46011
ATCACCCACCTAGGCAGATCAGG,0.45739
GAATTCTACAATGGCAGCTGGGG,0.5707
CACATACCTGCTGGGAACGCTGG,0.43428
CCTGGGCACAGAGGAACCCGGGG,0.60521
CCTCATCTCCTTCCACACGGTGG,0.72898
ACACACTGCTGCCCCCGACCAGG,0.54545
CCCCGGGTTCCTCTGTGCCCAGG,0.4153
GGGGGCAGCAGTGTGTGTGAGGG,0.56255
TCTGGGGTCTGTTCAATGAAGGG,0.65684
GCTGGCCATGTGTGGTCCTCTGG,0.36116
CTCCTGGGCACAGAGGAACCCGG,0.43349
GGCCAAGACCCAAACCCAGCGGG,0.48253
GGCTCCGGCACGGTGGTGGGTGG,0.43165
ACCAGGCGGCTCTGAACCTTGGG,0.40767
TGTGGTGACCCCTTGGCCCTTGG,0.40673
CTTTCTTGACACATCTGTCCGGG,0.55199
CTGCAGCCAGGGGCCGGGGACGG,0.40708
TTCTGGGGTCTGTTCAATGAAGG,0.42427
GGCTCCAATTCCAAGTGTCAGGG,0.72996
CTCCACTTGACCCTGACACTTGG,0.47253
GACGGTGGGAAGAGCTATGTCGG,0.45192
GATGAGGTTCCCCAGGCCCAGGG,0.54069
TTGGCAGAAGACCTGGTTCTGGG,0.35722
GGTTCAGAGCCGCCTGGTCGGGG,0.43506
AGCTGCAATCTGGGAGGAGCTGG,0.3351
CCACCACACCTGTGCACCTCAGG,0.39491
TTCTGCAGATTTCCAGCCCAAGG,0.45961
AACACTGAGACAGCTTCTCCTGG,0.39992
CACCATCCTCTACAAGGCCAAGG,0.55212
TCTTCTGCCAAGGATCTCCGTGG,0.83886
GACCAGGCGGCTCTGAACCTTGG,0.42275
CTTCCAGAAAACAACGGCCCAGG,0.46658
GACACATCTGTCCGGGACAGAGG,0.58184
GTGGGCTCCGGCACGGTGGTGGG,0.45026
CAGGCCCTTGCCAATTCGATGGG,0.35497
GGGACCGCACAGTTGCTGTGTGG,0.65452
GATGCTGACAAAACCTCCCCCGG,0.44126
TCCTGGGCACAGAGGAACCCGGG,0.49061
TTGACCCTGACACTTGGAATTGG,0.40724
GGTGGAGGTGTCGTTCTCTGGGG,0.59362
GCCCAAGGTTCAGAGCCGCCTGG,0.65199
TGAGACACAGCTCCCGTTCGGGG,0.52079
GCGCTCACCGTCATCTGCTCTGG,0.46859
CTTGGCAGAAGACCTGGTTCTGG,0.31646
TTCGATGGGAGGCCCCGAACGGG,0.41632
TGTACTCCTGGTGGTGCTGCTGG,0.30571
ATAGCTCTTCCCACCGTCCCCGG,0.51954
CAAGGCCAAGGACAGGCCCCTGG,0.4302
TCTTTCTTGACACATCTGTCCGG,0.41614
GCCTCCCATCGAATTGGCAAGGG,0.41916
ACAGTTCTGCAGCCAGGGGCCGG,0.42831
CAGCGTTCCCAGCAGGTATGTGG,0.61517
ACCTGTGGGCTCCGGCACGGTGG,0.51026
AGATGAGGTTCCCCAGGCCCAGG,0.39551
AGGTTCAGAGCCGCCTGGTCGGG,0.32254
TTCGGGGCCTCCCATCGAATTGG,0.36347
TTCCCACCGTCCCCGGCCCCTGG,0.32555
CACCTCAGGCCTTCGTGTCCTGG,0.30501
TCCTCTACAAGGCCAAGGACAGG,0.49103
CCATTCGAAAAATGCCCAGCAGG,0.40526
TGTTCTGGTTCACTCCTGTGGGG,0.58351
TGGCTCCAATTCCAAGTGTCAGG,0.29092
GTGTGCAAACAGCTGAGATGTGG,0.79749
CTTACCTGTGGGCTCCGGCACGG,0.44219
GCTCCGGCACGGTGGTGGGTGGG,0.3719
GTGAGACACAGCTCCCGTTCGGG,0.3839
CCTGGCACCAGCTGCAATCTGGG,0.36934
GCGCCAGAGATCACAGTGGGAGG,0.4731
CAGAACCAGGTCTTCTGCCAAGG,0.38488
GGCACAGAGGAACCCGGGGGAGG,0.388
CCAGGCCCTTGCCAATTCGATGG,0.38897
ACCCTCTTACCTGTGGGCTCCGG,0.40152
CGTCAGTGGATTGGCCCCACAGG,0.32402
ATATAGACCACGGAGATCCTTGG,0.78722
TGGAGCCACTTAGCATCACCTGG,0.41758
GGCGGCTCTGAACCTTGGGCTGG,0.34768
TGCCTGGGGCCAGGCCCGCTGGG,0.28324
GTGTGACAGTTCTGCAGCCAGGG,0.3651
CATCCTGACCCTTGTACTCCTGG,0.31757
GGGCCTCCCACTGTGATCTCTGG,0.32867
CTGCCTCGGACAGTCTGGAAGGG,0.3664
CCGAGCACCCTCTTACCTGTGGG,0.50485
AGCAGATGACGGTGAGCGCCTGG,0.41077
ATCGAATTGGCAAGGGCCTGGGG,0.40852
GGTGTGGTGGAATTCTACAATGG,0.80562
CAGCACTTCGTGGGAGTCCATGG,0.41045
TGTGTGACAGTTCTGCAGCCAGG,0.33957
AGGGAAAGGACCAAGGGCCAAGG,0.34152
CACCCCACCCACCACCGTGCCGG,0.39744
CTGTTCTGGTTCACTCCTGTGGG,0.3317
GTCAGAAAAAGCAGCGTCAGTGG,0.3641
GTGGGTGGGGTGGTTGTGGGTGG,0.27399
GCCCTTGCCAATTCGATGGGAGG,0.38229
ACTGTTCTGGTTCACTCCTGTGG,0.37051
AACGGCCCAGGAGGGCGGCCAGG,0.27533
TGGCAGCCAGCAGCACTTCGTGG,0.64909
TCCCTCAGCTCTGCAGGAGCTGG,0.29189
CACCAGCTCCTGCAGAGCTGAGG,0.3464
GTCAGCATCCACCGTGTGGAAGG,0.43483
GTGGTGGGTGGGGTGGTTGTGGG,0.31527
TCCTGGCACCAGCTGCAATCTGG,0.23995
AAAACAACGGCCCAGGAGGGCGG,0.41487
AAAAAGCAGCGTCAGTGGATTGG,0.27615
CAGTTGCTGTGTGGCTTCGATGG,0.31589
AGCTCCTCCCAGATTGCAGCTGG,0.32462
TGAACTTGTGTTGTTGCAGTTGG,0.27133
GGAAAGGACCAAGGGCCAAGGGG,0.83499
CACTGCTGCCCCCGACCAGGCGG,0.73715
CTCCGGCACGGTGGTGGGTGGGG,0.2942
GGGCCAGGCCCGCTGGGTTTGGG,0.22134
CAGTTCTGCAGCCAGGGGCCGGG,0.29003
TGTGGGCTCCGGCACGGTGGTGG,0.30618
CGGCACGGTGGTGGGTGGGGTGG,0.31283
CCTGGGAACACTTACTGTTCTGG,0.21926
TGAGCGCCTGGCCGCCCTCCTGG,0.18424
GGGTGGAGGTGTCGTTCTCTGGG,0.22258
CAGCCAGGGGCCGGGGACGGTGG,0.23662
GAGCGCCTGGCCGCCCTCCTGGG,0.20425
GCAGTGCTTCCAGAAAACAACGG,0.86403
ATGATGCTTGCCACAGTGCCTGG,0.18548
AGTTCTGCAGCCAGGGGCCGGGG,0.33904
ACCAGCTCCTGCAGAGCTGAGGG,0.42291
GGCCTCCCATCGAATTGGCAAGG,0.26099
AGGACAGGCCCCTGGGCCTGGGG,0.31761
GGGGCCAGGCCCGCTGGGTTTGG,0.11462
TGCACACTGCAGAGGCCTGCTGG,0.2335
CCATCGAATTGGCAAGGGCCTGG,0.19461
TGATGCTTGCCACAGTGCCTGGG,0.29281
CTGGGGTCCCTCAGCTCTGCAGG,0.20902
ATTCGATGGGAGGCCCCGAACGG,0.58882
AAAAAAAACACTGCAACAAGAGG,0.31558
GCTGGGTTTGGGTCTTGGCCTGG,0.22526
GTGCCTGGGGCCAGGCCCGCTGG,0.18972
CAAGGACAGGCCCCTGGGCCTGG,0.17142
CTGTCCGGGACAGAGGCAGCAGG,0.29933
AGACCCAAACCCAGCGGGCCTGG,0.18904
GCTTTCTGCCTCGGACAGTCTGG,0.34932
AACCCAGCGGGCCTGGCCCCAGG,0.19683
GGTGGTGGGTGGGGTGGTTGTGG,0.1564
CAGGCCCAGGGGCCTGTCCTTGG,0.18732
CTGGCTGCCACATACCTGCTGGG,0.57426
CATCGAATTGGCAAGGGCCTGGG,0.14778
GGCCCGCTGGGTTTGGGTCTTGG,0.12409
CAGTCTGGAAGGGGTGGCCTAGG,0.30032
CCCAGATTGCAGCTGGTGCCAGG,0.2136
AAGGACAGGCCCCTGGGCCTGGG,0.17215
TGGAATTCTACAATGGCAGCTGG,0.20433
TTGCCACAGTGCCTGGGGCCAGG,0.16947
TTCCAGTTGGAGGCTGAGCCAGG,0.23579
TGGGTGGAGGTGTCGTTCTCTGG,0.15231
TCCACAGCGGCTTTCTGCCTCGG,0.22354
CTGGGCACAGAGGAACCCGGGGG,0.80499
AGTGAGACACAGCTCCCGTTCGG,0.67726
GGCACCAGCTGCAATCTGGGAGG,0.76461
TGAGCCTGATCTGCCTAGGTGGG,0.76072
CCTGACCCTTGTACTCCTGGTGG,0.77641
GCTGGCTGCCACATACCTGCTGG,0.46903
CAATGAAGGGAAAGGACCAAGGG,0.86299
ACTTACAGATGAGGTTCCCCAGG,0.79709
CCGCTGAGCCTGATCTGCCTAGG,0.57115
CAGTGTGCAGTTCCAGTTGGAGG,0.67572
TCAGGCTCAGCGGAAGGCACTGG,0.62368
CTGAGCCTGATCTGCCTAGGTGG,0.62342
GGGCCTGGCCCCAGGCACTGTGG,0.65901
ATGAGGTTCCCCAGGCCCAGGGG,0.67405
GTAGACCAGAGGACCACACATGG,0.81964
GCTGAGATGTGGTGACCCCTTGG,0.69388
GCACACTGCAGAGGCCTGCTGGG,0.57146
GGCAGATCAGGCTCAGCGGAAGG,0.66233
CAGCACCACCAGGAGTACAAGGG,0.70697
GAGATCCTTGGCAGAAGACCTGG,0.75674
CGACCTCATCTCCTTCCACACGG,0.7788
CACCCCTTCCAGACTGTCCGAGG,0.70452
ACTGCAGAGACTTACAGATGAGG,0.70024
GTCCTTGGCCTTGTAGAGGATGG,0.65393
AGATCCAGATGGAAAACAAGTGG,0.66114
CAGCTGGTGCCAGGACACGAAGG,0.68317
AGCCAGGGGCCGGGGACGGTGGG,0.68411
GGGAAAGGACCAAGGGCCAAGGG,0.69278
CTATGTCGGGAGCAGCAGTGTGG,0.70104
ACGGTGGGAAGAGCTATGTCGGG,0.66542
CGGGGGCAGCAGTGTGTGTGAGG,0.65138
CAGCTTACCAGAGCAGATGACGG,0.82365
TGTCCGGGACAGAGGCAGCAGGG,0.78587
CAGAAAACAACGGCCCAGGAGGG,0.65798
ACAGCTTCTCCTGGGCACAGAGG,0.70554
AGAAGCTGGTGAAGAAATGTAGG,0.7554
GATGCTTGCCACAGTGCCTGGGG,0.61191
CCTGAGGTGCACAGGTGTGGTGG,0.66024
GGGTCAAGTGGAGATCCAGATGG,0.72252
ATCTGTAAGTCTCTGCAGTGTGG,0.67696
GAAGCCACACAGCAACTGTGCGG,0.86273
TGGCTGCAGAACTGTCACACAGG,0.58987
GCAGCACCACCAGGAGTACAAGG,0.65187
TGTGACAGTTCTGCAGCCAGGGG,0.66242
TCAATGAAGGGAAAGGACCAAGG,0.76707
ACATACCTGCTGGGAACGCTGGG,0.63337
TCTGCCTCGGACAGTCTGGAAGG,0.62209
GGCTGCAGAACTGTCACACAGGG,0.62514
AAACAGTGTGCAGTTCCAGTTGG,0.66005
GGTCTGTTCAATGAAGGGAAAGG,0.72578
CCAGAAAACAACGGCCCAGGAGG,0.65072
GGCAGCCAGCAGCACTTCGTGGG,0.64448
CACGAAGGCCTGAGGTGCACAGG,0.57239
TGGCAGAAGACCTGGTTCTGGGG,0.59875
ATGCTGACAAAACCTCCCCCGGG,0.67998
GGAATTCTACAATGGCAGCTGGG,0.518
AAGGCCAAGGACAGGCCCCTGGG,0.52847
ATTGAACAGACCCCAGAACCAGG,0.61254
GTCCTGGCTCAGCCTCCAACTGG,0.4867
CAGCTGTTTGCACACTGCAGAGG,0.54963
AGGCCAAGACCCAAACCCAGCGG,0.80422
AAGTGCGCCAGAGATCACAGTGG,0.74195
TGCCAGGACACGAAGGCCTGAGG,0.64087
ACATGGCCAGCAGCACCACCAGG,0.61207
GTTCAGAGCCGCCTGGTCGGGGG,0.6045
GGGTGGCACCATCCTCTACAAGG,0.54965
GTGGTGCTGCTGGCCATGTGTGG,0.60965
AAGGTTCAGAGCCGCCTGGTCGG,0.55061
AGTGCGCCAGAGATCACAGTGGG,0.77244
TGCCTCGGACAGTCTGGAAGGGG,0.63651
TTCCAAGTGTCAGGGTCAAGTGG,0.47995
GATATCCAGGTGATGCTAAGTGG,0.79961
ACCACCGTGCCGGAGCCCACAGG,0.65808
ACACTGAGACAGCTTCTCCTGGG,0.68132
CCACCGTGTGGAAGGAGATGAGG,0.5586
ACTCACCCAGCGTTCCCAGCAGG,0.55843
CTCGGACAGTCTGGAAGGGGTGG,0.52659
GGACTCCCACGAAGTGCTGCTGG,0.47441
AGGCCTGAGGTGCACAGGTGTGG,0.54687
TGTCCCTGCTGCCTCTGTCCCGG,0.50829
TTCTACAATGGCAGCTGGGGTGG,0.4656
GCCTGTCCTTGGCCTTGTAGAGG,0.50169
GATATGAGCCGCGGGCGCGGTGG,0.79613
CGTACTGCTGGTACCCGCGGAGG,0.87485
CCTGACCTGGCAGTTGAATGGGG,0.50023
CTTGGAGCTGCAATAGTCACTGG,0.41078
TGATCTCTGGCTGTGAAGTGGGG,0.56311
TCCGCAGATACCTGAAGAACGGG,0.52119
GTACCGGGGCTCCCCGAGGCCGG,0.38558
CCTGCTGTTGGCGGCCGCCCTGG,0.27944
AGTAGCCGAGCAGGGTCCTCAGG,0.43525
GCCATGTTGGAGACAGTGGATGG,0.48624
AGGTCAGGGTGATGTCAGCAGGG,0.61184
CCTGAAAACGTGGACGGCGGCGG,0.43522
TAGCCGACTTCCATGTACCGGGG,0.94144
AGACCTGAAAACGTGGACGGCGG,0.53974
ACGAAATACCTCAGCGAGTGTGG,0.41833
GGCTGTGAAGTGGGGTCCGACGG,0.37844
CCCATTCAACTGCCAGGTCAGGG,0.3754
TATCTTCAGGTCTGCTGTGATGG,0.31954
CGTGCGCTTCGACAGCGACGCGG,0.56227
CGCGCCCGCGGCTCATATCTCGG,0.23368
TGTGGTGGTGCCTCTTGGGAAGG,0.42905
GATCCAGGACATGGAGCTTGTGG,0.40013
TCCATCCACTGTCTCCAACATGG,0.53043
GTACATGGAAGTCGGCTACGTGG,0.85811
GGTCGCCATGTTGGAGACAGTGG,0.5007
CACATGCCATGTGTACCATCAGG,0.36524
ACCCTGACCTGGCAGTTGAATGG,0.34801
CAGTGGATGGAGGAGGCTCTGGG,0.3557
CTTCCAGAAGTGGGCATCTGTGG,0.35021
GAGCCCCTCACCCTGAGATGGGG,0.47911
TTACCCCATCTCAGGGTGAGGGG,0.47976
CCCTGACCTGGCAGTTGAATGGG,0.24702
TTGTGGAGACCAGGCCTGCAGGG,0.42056
GCAGGAGGGGCCCGAGTATTGGG,0.24545
GAAACTCTGCTCATTGCCCTTGG,0.60602
TTGGAGACAGTGGATGGAGGAGG,0.46302
CTCAGGGTGACTTTATCTTCAGG,0.17333
CTCCTCCCCATTCAACTGCCAGG,0.32302
AGCCCAGGGCCCAGCACCTCAGG,0.25691
GGCTACTACAACCAGAGCAAGGG,0.49054
CTTGTGGAGACCAGGCCTGCAGG,0.26914
TCTCCACAAGCTCCATGTCCTGG,0.39349
CCCCATTCAACTGCCAGGTCAGG,0.17105
CGCGGGTCTGAGTCGGAGCCAGG,0.26238
GAGACCAGGCCTGCAGGGGATGG,0.39945
TGGTGAAGCAGAGAGACTCAGGG,0.82492
GATGGGTCACATGGGCCTTTGGG,0.24371
CCTTACCCCATCTCAGGGTGAGG,0.34945
AAGATGAGAAGGAGAAACACAGG,0.55557
ACCCTGAGGTGCTGGGCCCTGGG,0.25427
GCGTCGCGTTCCCGTTCTTCAGG,0.24932
TGAGCCCCTCACCCTGAGATGGG,0.33567
CTTACCCCATCTCAGGGTGAGGG,0.34969
CTGAGCCCCTCACCCTGAGATGG,0.25818
CAGGTCAGGGTGATGTCAGCAGG,0.27651
CACTCTCCTTACCCCATCTCAGG,0.25658
GGTCTGAGTCGGAGCCAGGGCGG,0.87096
CATCTCAGGGTGAGGGGCTCAGG,0.2008
CCACCACAGATGCCCACTTCTGG,0.23269
GTCAGCAGGGTAGAAGCCCAGGG,0.42015
TACCGGGGCTCCCCGAGGCCGGG,0.28529
TGGAAGGTTCCATCCCCTGCAGG,0.31136
CGCAGGCTCTCACACTATTCAGG,0.18704
TACCTCAGCGAGTGTGGGCCTGG,0.16847
CATCTGTGGTGGTGCCTCTTGGG,0.17657
CCGTGTCCCGGCCCGGCCTCGGG,0.20501
CACCCTGAGGTGCTGGGCCCTGG,0.16439
CACAGATGCCCACTTCTGGAAGG,0.74624
ACCTCAGCGAGTGTGGGCCTGGG,0.23984
GGGCTCCCCGAGGCCGGGCCGGG,0.18345
ACATGGAGCTTGTGGAGACCAGG,0.34006
GGTTCCATCCCCTGCAGGCCTGG,0.29591
CATGGCGACCGTTGCTGTTCTGG,0.16763
ACAGTGGATGGAGGAGGCTCTGG,0.20554
GCATCTGTGGTGGTGCCTCTTGG,0.20783
TGATGGGTCACATGGGCCTTTGG,0.16214
GGGGCTCAGGCAGCCCCTGATGG,0.32881
GCCGTGTCCCGGCCCGGCCTCGG,0.17334
CGAAGACCTGAAAACGTGGACGG,0.70736
AGCCTGCTCCCACTTGTGTTTGG,0.51711
GTAGCCGACTTCCATGTACCGGG,0.71508
CGCTGATCACCAAACACAAGTGG,0.70514
CTGGTTGTAGTAGCCGAGCAGGG,0.7989
AGGGGCCCGAGTATTGGGAGCGG,0.63544
AGAATCCGAGATATGAGCCGCGG,0.81288
GCTGTGAAGTGGGGTCCGACGGG,0.74894
GCTGATCACCAAACACAAGTGGG,0.80193
CACCAAACACAAGTGGGAGCAGG,0.57551
CCATGTACCGGGGCTCCCCGAGG,0.7573
TACCAGCAGTACGCCTACGACGG,0.71264
GCAGGGTCCTCAGGTCCACTCGG,0.70011
CGAAATACCTCAGCGAGTGTGGG,0.6834
CTGAAGATAAAGTCACCCTGAGG,0.9241
AGAGAGACTCAGGGCCTACCTGG,0.65763
AGGCGTACTGCTGGTACCCGCGG,0.66931
CGTAGCCGACTTCCATGTACCGG,0.63142
TGTCTCCCGCTCCCAATACTCGG,0.5502
TCTGCTGTGATGGGTCACATGGG,0.79207
AGCAGGAGGGGCCCGAGTATTGG,0.47772
GCTCCGACTCAGACCCGCGCGGG,0.76252
GAGCCCCGGTACATGGAAGTCGG,0.64734
TCCCGTTCTTCAGGTATCTGCGG,0.71611
GGCTCCGACTCAGACCCGCGCGG,0.81998
AACAGCAGGAGCAGCGTGCACGG,0.57177
GTGGACCTGAGGACCCTGCTCGG,0.65746
CGGCTACTACAACCAGAGCAAGG,0.65994
CCGACGGGCGACTCCTCCGCGGG,0.73692
TGAGCCGCGGGCGCGGTGGATGG,0.57185
TGCTCCATCCACCGCGCCCGCGG,0.60323
AGTCGGCTACGTGGACGACACGG,0.63999
GGCCCGGTACTCACCCGCGCGGG,0.66822
GTGATCTCTGGCTGTGAAGTGGG,0.50567
GCAGCCCCTGATGGTACACATGG,0.65494
CAATGAGCAGAGTTTCCGAGTGG,0.89892
AGAGTTTCCGAGTGGACCTGAGG,0.67857
AGACTCAGGGCCTACCTGGAGGG,0.62662
GGTGATCTCTGGCTGTGAAGTGG,0.58461
AAACACAAGTGGGAGCAGGCTGG,0.7279
CAGTGACTATTGCAGCTCCAAGG,0.61471
GTGCACGCTGCTCCTGCTGTTGG,0.53746
CCCGCGGAGGAGTCGCCCGTCGG,0.64446
GTGGACGGCGGCGGACATGGCGG,0.60722
GATGTAATCGCAGCCGTCGTAGG,0.61518
GCCCAGGGCCCAGCACCTCAGGG,0.62391
GCGCGGTGGATGGAGCAGGAGGG,0.74707
GAATCCGAGATATGAGCCGCGGG,0.65802
CTGGTGAAGCAGAGAGACTCAGG,0.51354
ACATGCCATGTGTACCATCAGGG,0.53659
TCCGACGGGCGACTCCTCCGCGG,0.64316
CCAGGGCGGCCGCCAACAGCAGG,0.48997
TAAAGTCACCCTGAGGTGCTGGG,0.54143
GTTGCTGTTCTGGTTGTCCTTGG,0.48829
ATCTTCAGGTCTGCTGTGATGGG,0.4528
CTCCGCAGATACCTGAAGAACGG,0.49686
TGGAGGGCACGTGCGTGGAGTGG,0.55653
GAGACTCAGGGCCTACCTGGAGG,0.80117
AAGGACAACCAGAACAGCAACGG,0.63583
CATGCCATGTGTACCATCAGGGG,0.6929
CACGCTGCTCCTGCTGTTGGCGG,0.48166
CCTCGGGGAGCCCCGGTACATGG,0.49243
AATAGTCACTGGAGCTGTGGTGG,0.59203
ATAAAGTCACCCTGAGGTGCTGG,0.44232
TCTGGTTGTAGTAGCCGAGCAGG,0.51037
GAATGGGGAGGAGCTGATCCAGG,0.52119
TGAACGAAGACCTGAAAACGTGG,0.59778
CGGGAGACACAGAAAGCCAAGGG,0.64693
CTTCCACACAGATTCCCCAAAGG,0.73126
CGAGATATGAGCCGCGGGCGCGG,0.52086
AACGCGACGCTGCTGCGCACAGG,0.46195
CGTGTCCCGGCCCGGCCTCGGGG,0.52007
ACTCCACGCACGTGCCCTCCAGG,0.49887
AGCCGTCGTAGGCGTACTGCTGG,0.548
GTCACCGCCGTGTCCCGGCCCGG,0.43378
CCCCAGGCCCACACTCGCTGAGG,0.57988
TCACCCGCGCGGGTCTGAGTCGG,0.57069
CGCGGTGGATGGAGCAGGAGGGG,0.54037
CGGCCCGGTACTCACCCGCGCGG,0.86637
AACGTGGACGGCGGCGGACATGG,0.40275
GTCTGCTGTGATGGGTCACATGG,0.36355
TGCAATAGTCACTGGAGCTGTGG,0.46241
ATGTTGGAGACAGTGGATGGAGG,0.53845
CACACTATTCAGGTGATCTCTGG,0.3975
ATTTCGTCACCGCCGTGTCCCGG,0.45078
AACAGCAACGGTCGCCATGTTGG,0.4649
CCCGAGGCCGGGCCGGGACACGG,0.31012
GATATAGGGCTGGTTGGAGAGGG,0.79689
CTGGTTGGAGAGGGTGACGCGGG,0.64428
CCAGTCTTGCAGGTGTCCCGAGG,0.71664
GGGTCAGGCTGAACTCATGCTGG,0.63403
CAGTCTTGCAGGTGTCCCGAGGG,0.75599
GACCAGCCTGACAGCCTGCCTGG,0.48021
CAACTTCACCACCAAGGATGAGG,0.70426
AGGATGTGTTCTGAACCAGCAGG,0.65866
CCGCCATGAGAATAACACCAAGG,0.80716
TCAGCCTGACCCGAGAGAAGAGG,0.61264
AGGGTAAGGACCTTGATATAGGG,0.58961
CTTGGTGGTGAAGTTGGCTAGGG,0.701
GCAGGTGTCCCGAGGGCAGAAGG,0.61579
AAAAGTATCAGTGTGTATAGAGG,0.60886
CCTTGGTGGTGAAGTTGGCTAGG,0.48085
TGATATAGGGCTGGTTGGAGAGG,0.52113
ACAGACAAGCTGGTCAAGTGTGG,0.67497
AAAGTAGTCGCCCTCATCCTTGG,0.52733
CTTGCCCAGTACCTGAGAGCAGG,0.52141
GCTTCCTCTTCTCTCGGGTCAGG,0.49196
TAGGGTAAGGACCTTGATATAGG,0.51322
GTAGTCGCCCTCATCCTTGGTGG,0.66146
CGTGTGCTCGGGTATCCCAAGGG,0.80154
GGAGAGCGACGCTGATGGCTGGG,0.55683
GCTGGTCACCTTCTGCCCTCGGG,0.46331
TAAGGACCTTGATATAGGGCTGG,0.57136
GTGTGGCGGCATAAGCCTGCTGG,0.41323
TTCTCTATCCACAGACAAGCTGG,0.54086
CGGGAGCGGTACGTGTGCTCGGG,0.45794
TATCCTTGGTGTTATTCTCATGG,0.45982
ACGTGTGCTCGGGTATCCCAAGG,0.48232
TATTCTCATGGCGGCAGTCCAGG,0.36574
ACGTGCTCTCAGGCACCCTTGGG,0.46549
CATGGCGGCAGTCCAGGCGAAGG,0.71503
CCTCGGGACACCTGCAAGACTGG,0.38024
GAGCAGGAGAGCGACGCTGATGG,0.51342
CAGGCTGAACTCATGCTGGATGG,0.52045
CTCATCCTTGGTGGTGAAGTTGG,0.33322
CACGTGCTTCCTCTTCTCTCGGG,0.3575
CACCAGGCAGGCTGTCAGGCTGG,0.39252
CTCCAACCAGCCCTATATCAAGG,0.3998
GACCTTGATATAGGGCTGGTTGG,0.42118
ATGCTGGATGGAGTTATCCTTGG,0.44466
CACGTGCTCTCAGGCACCCTTGG,0.31693
TGGTGAAGTTGGCTAGGGTAAGG,0.67941
AAGAGGAAGCACGTGCTCTCAGG,0.30664
TGGAGAGGGTGACGCGGGAGCGG,0.3996
GGCAGTCCAGGCGAAGGTTTTGG,0.26955
GGTGAACCAAAACCTTCGCCTGG,0.35205
GCTGGTTGGAGAGGGTGACGCGG,0.37394
AGCGTCGCTCTCCTGCTCTCAGG,0.32944
GACGCTGATGGCTGGGTTCATGG,0.28047
GGTTCACCAGGCAGGCTGTCAGG,0.28025
GCGGGAGCGGTACGTGTGCTCGG,0.28391
GGCTGGTCACCTTCTGCCCTCGG,0.22948
CCTAGCCAACTTCACCACCAAGG,0.75947
AGGAGAGCGACGCTGATGGCTGG,0.29603
GCACGTGCTTCCTCTTCTCTCGG,0.2141
CACTGCTGTGCCAGTCTTGCAGG,0.13749
GACAAGCTGGTCAAGTGTGGCGG,0.71969
CCTTGGTGTTATTCTCATGGCGG,0.83036
AACTTCACCACCAAGGATGAGGG,0.77399
