GTAATGGCTTCCTCGTGAGTTGG,0.65791
GCTCGTGCGAGTGATAGACCAGG,0.69411
CACGGACGGTATATGGCAGGAGG,0.67711
TACTTCTGCGAGACACGGACAGG,0.76239
CGGCCCACGCTACTACAGTTCGG,0.50088
GAGGACGGACGTTCGCAGCATGG,0.85601
TTGTCGTAGACCGAGAACAACGG,0.71587
ATCAAACTCTACAAGCTTCACGG,0.37322
CCGCGTGCAGCAAGTCCCACTGG,0.5496
ATCTTAAGCAAACGCTTACCAGG,0.34371
CGTGGATCCACGAAGCGAGATGG,0.61137
AAGCCTGCCATCTCGCTTCGTGG,0.47339
CCATTCGAAGGTCGCCCGCATGG,0.52091
AGCTACGATGGCAGCGTCAGTGG,0.54331
GAGATATGAAGTCTACCAGCTGG,0.70791
CCTGTCGAAGCAATTTCCATTGG,0.47137
TGATTTATTGCTCACTGCTTTGG,0.23865
GATTCCTGTAGGTTGAATGCCGG,0.63849
CTGAACACACACAATTAAGTTGG,0.33577
TCAATATTCTCCGCTGCCCCAGG,0.50716
GTTGGCCTCGCGCCGTCCTACGG,0.2967
CATCTTTGCTAAGAAGTACCAGG,0.45154
CGGTTCGCTCCCAGCCCCACAGG,0.47936
TCTGGAATAATGTGACTCGCTGG,0.56682
CCAGAATTCCGAGCCGTGCTAGG,0.38612
GCTTCGGCTGCACACCTACTTGG,0.47243
ATACAGCCCCCGATATGTTGAGG,0.71216
TATGAAATCCCTACGAAACCCGG,0.54639
TCCACTGCCACACCTCCCTAAGG,0.53048
GTACCCGTGGTGGGTACGAGAGG,0.51076
CAGGCCTTAATGGATTCTGCAGG,0.53999
CTGTGGTGGAGAAACAACTGTGG,0.73951
CCATCAGCGACACCATAGCACGG,0.88705
CCGTGCTATGGTGTCGCTGATGG,0.53882
ATGGAAAGCACGTAAAATTTTGG,0.23418
CACATCAGCTTCTGAAATTTTGG,0.09493
TGGGGGGACTGACCCGACTGCGG,0.59961
CCCCAAAGTCAGCTAGTCGCAGG,0.40492
ATCTCCAGAGTTGAGGTCCCAGG,0.40948
CTACACCGGGCCGAAGCCTCTGG,0.38157
CTCAGCTTCCCGTATATGAGTGG,0.6263
CCGTAAGTCGCCCCCTCCATTGG,0.4243
CTATCATATAAAACTCTGCCAGG,0.40446
TCGTTCTGTCCGATCCCAGAAGG,0.6069
TGATAAAAAGTCCATCCAAAAGG,0.41843
TGTCACAAATTCATAGCACCTGG,0.59608
GGTTATAGAGGAACTGTTCAAGG,0.48483
ATGACCCATCATTTACATGCAGG,0.45483
CTTGAATATCTGGTCTTGAATGG,0.37192
TACCTTCTCTGCTAGTCTCTTGG,0.35234
ACGCAACTCTCCACATGTGTTGG,0.60905
GAGTTGCGTTCGTCTCACTTAGG,0.58195
TACAGCTGACTTAACCAAGAAGG,0.57425
GGTGGTCCTTCTGATGGGTCTGG,0.32327
ACCACCTGTTCGAGCAGTATCGG,0.36612
TCTCCCGATACTGCTCGAACAGG,0.49887
GACTTCCTCTCCCGTGAGTCTGG,0.31073
TGCGCATGATCATATACAGTTGG,0.76284
GGACGCACGTGCCTACATGAAGG,0.67589
CCTACAGCTGTGAGAGCAAATGG,0.40156
CGTCCATTCATATATGGATATGG,0.31601
CAGACTATCCCAGAACAAGCAGG,0.6597
AGTCCGCACCTTCTCACCTTTGG,0.4298
ACCTACCTCATCGTTACTGATGG,0.47925
CAGCTAAAGCGTCTGCAGTAAGG,0.46031
TCCGCTCCGCGTCACACTTCAGG,0.37051
CCAGTTGTACTTGTAATTAGAGG,0.39059
AACCGGACGATTCAGTGGAAAGG,0.70169
CCACAACGTGATCGCGCTGGTGG,0.52064
GTGCCACGGTCGAAGAGCTCTGG,0.46888
GGCATTACCCGTTTATACACTGG,0.62662
TGATCTGCTCTTCCAAGCCCTGG,0.40574
ACTCACTGTAGGTGCGGCCCAGG,0.44455
AGATCTGTCGGAACTGGGAGCGG,0.55212
AACGCACCACTCGGAACACCCGG,0.48499
CGCTGTCGGGGAGGACACCGTGG,0.56696
CTGAGTGGCCTCTTATACCCCGG,0.61304
TGTGTACAGACTCTCCTCCGTGG,0.93798
AGAAACTGCACCTTATCACCCGG,0.6318
CACACAGCACGATTCCAAGAAGG,0.77
CAGGCCTGACCTGCAGGTTCCGG,0.21116
ATAAGGTGCAGTTTCTCTTCAGG,0.17222
GAACTCCTCACCCAAGAGTTTGG,0.46196
TGGGGGCAAACATAATGACCTGG,0.53822
TCACACCTTCTTCGAGATGCTGG,0.32916
AGCTGGCTTAGAAGCAGATCTGG,0.32146
AACCGAATAGAGAGAGCCACCGG,0.55219
CGTGTCGGTGAGGAAGATGGAGG,0.77547
GGGGTCGCTGGCACTCATTTTGG,0.27009
GTGGTGTGGTCTTTGGCCGGTGG,0.60651
CCACAGCCCACGCATATAGCTGG,0.47905
CCCCAAGTTGGAGGCTGATCTGG,0.19366
ATTTGTGCTCAAAACCCCCAAGG,0.54617
CACAAGCACCTGTGTCTCCGTGG,0.69338
GGCGAAACTCCTGAAACTGAAGG,0.5315
GTTCATACAAGCAGAGCTAAAGG,0.53995
TCAGCAGCAGTTTAATGTCCAGG,0.53519
TGTTATTACAGATCGAGTTTTGG,0.34866
TAACCATCTGCTTGCTTGCATGG,0.24039
AAAAAGCTGATGAAGTTGTTTGG,0.2633
TTGCCCGTGTGTCTAACATGAGG,0.77991
TGCTGGTGAAGAGAAGCAAAAGG,0.58266
TGGAGATGGAGGTCGAGCTGAGG,0.54859
GCCCTTTGATAGATCTCTGCCGG,0.37188
CCCCGGCAGAGATCTATCAAAGG,0.50721
ATATAGAGGCCAAAGAGTAAAGG,0.50214
TACCTTGCCTGCGCAGCCTGTGG,0.44744
AACCTGCTGCAGCAGCCGCGCGG,0.68842
TCGACTGAATATTCTTCGAAAGG,0.40826
CTCCGCGCGGCTGCTGCAGCAGG,0.2236
AGTAGACGTAGACAAAGCAGTGG,0.69522
TATTGTAGACCGAGCAAAAATGG,0.39137
AGATTGACATATGCACAAGCAGG,0.65138
CCGAAAAACTATTCCCATAAAGG,0.22269
ACCAGAGGATCTTCCCTTCCTGG,0.28689
TGCAGACTATCACGATCTCATGG,0.41719
AAGGTATCGCCAGAGATACTTGG,0.55893
ATCGACCGGGTTTATGAAATTGG,0.2928
AAGAAGTTTCTTAGATGAGCTGG,0.362
CCTATAGAACTCCTCTTGAATGG,0.42143
GAGTTTACCCTTACCTGTGTCGG,0.45796
TAAAGAGATCCCTCTTGCCAAGG,0.46341
GTTGCTGGTTAAATTGTTCCAGG,0.35263
CCTCTATACATGCAACGACTTGG,0.37064
TAGGCCAAAAACTTGTGATCTGG,0.32175
GTCGGACATGATGTCACACCTGG,0.65998
GACTCACGTGTTGCACTTCCTGG,0.28235
ATGTCGGGATTCGACGATCCTGG,0.55861
AGTCCTCATAGTTCACCACCAGG,0.77225
GTAGGCCAGCACGTGCTCCCTGG,0.3828
TTGGTGATGCGGTCGTACTTGGG,0.40675
CGGCCCCTTTGAGGTCAACATGG,0.59618
GGCCGACTGGCACTCAGGACAGG,0.45522
GCGGCTGTATCTGCAGACACGGG,0.57358
TCTTCCCGAGTTCATCATCCTGG,0.58628
TTCTTGCCAATCCTGCGCACTGG,0.37707
TTGAGGTTCGGCTGGCTCATCGG,0.26312
TGCCAAACCAACCGCTCAGGAGG,0.48804
GGAGACCACGTCAGCGTCACTGG,0.43954
CATCCTCGGCTACGTCGTCCAGG,0.48127
ATGTCTGCAGATGTACCCCTTGG,0.69975
CGAAGATAACGCGGATACCTTGG,0.41592
GATAAGATGGATTTGCGGTTTGG,0.34804
CCGTCCACTGACTCCGTTCCAGG,0.31374
TCTTACGTGGTGCCTCATAGGGG,0.69718
GCTCCGCTTCCTCCTCGTCGCGG,0.54563
CCACCCTGGCAGGGATCACACGG,0.55364
CTGGTGTCGGGCCAAGCAGATGG,0.36569
TTTGACCTGGCCTGGCAGTACGG,0.28501
TGGTAGGTCGAGGACTTCACAGG,0.61634
AGGCACGCCAGGATGATGACTGG,0.62271
GCAAAAGATTATCGAAAGCCAGG,0.34746
CTCTTACACCACACCTTCAAAGG,0.36703
CTCTCACTACTGCAACCTTGTGG,0.50325
AGTAGTGAGAGAAGATAAATTGG,0.33437
ACTAGGGGTTCATGTTAACCAGG,0.56142
AGAAGTAGGGAGCGAAGCCGTGG,0.61727
CCATCAGCCGGGACAGTCGCGGG,0.41894
CCAAGTTCAGCTCCCGTTGCAGG,0.35278
TCGCAAATATGGCGCCGGAGCGG,0.43749
ATTAGAGCTTGAAGATAAACTGG,0.27541
CAGCAAGCCCCGCAACTTGAAGG,0.43138
ACCACACAGCACTTCTCCTCAGG,0.43453
GCAGCGCCGCCCACGTCTCCCGG,0.29423
TGTGGTGGGCACTCTGTTCAAGG,0.35493
CTCCCGCAGGTTTGTGCTACTGG,0.20851
TACCCCATTGAAAGAAGCTCTGG,0.47613
GGCGTACAGCACGAAGACGCTGG,0.60654
TCGTGCTGTACGCCACATCCTGG,0.63246
GTCTACTCACCGCTGCCGCAAGG,0.70957
CTTCCCCAGGACCGCTTCATTGG,0.27215
CAGGACTCGAAGTGTCGTTTCGG,0.33781
GGGATTCCGAAGCGTCGCACAGG,0.58342
GGACCTACCTGGCCTTTAGCAGG,0.35358
TTCTCACCTGTGCGACGCTTCGG,0.30237
CTTCACCGGAGAGTCACTCTCGG,0.53788
GGACCGTAGAGAAGCAAGTGTGG,0.73641
ATTCTGGGCGTCCTGAGTCATGG,0.54766
TTTATATAGCTGTTTCGCACAGG,0.51368
GCCGATACTTGTCCACCCAGAGG,0.84106
TGTATTCTACGTGAACTTTATGG,0.28024
CAAGTATCGGCCCTGCTCCTTGG,0.29377
CTCATGAGCAGTCGATAACGCGG,0.69028
CGGACTATTCCCCGTAGTAATGG,0.34463
AAGCCGCCACAGCTCAAGTCAGG,0.49691
AGCCCGCCGCTCACTGCGTTTGG,0.29844
AGACACCGTGAGCAGGCTAGAGG,0.89523
TGAATGTTATCGAGAAGGAGAGG,0.56631
ACTCACCTCTAGCCTGCTCACGG,0.6531
CTCGATAACATTCATCAGCCTGG,0.43577
TCAGGGCATGAAAATCAACATGG,0.71668
AAAGCACATGAAGCCGAGCGTGG,0.62166
GGCTTCATGTGCTTTGCATACGG,0.33744
CAGGAATGAGTGCAGAGCACAGG,0.62909
TGACTACCTTCTGAAACTTCCGG,0.27404
CGCAAGTCGCCCAAAATGTGTGG,0.51932
TACTAAACCCCCGCTGACCAAGG,0.56083
GCAACTTCATCCACACATTTTGG,0.194
CTCTCCGCTACTTCCCGCACTGG,0.47962
TTACATCTGTGTCAACCCACTGG,0.62344
TCTAACCTAGGTCACTATTGTGG,0.43664
TGACATGACAGCTGCACCCATGG,0.63928
CCTGGGTGACGTTCACGCCCTGG,0.58427
CCCTCACCGCCCAAGCATGCTGG,0.48492
AGGACACGGACTTTGTCGGCTGG,0.41141
TACGGGTTCCATCAACTCGATGG,0.72493
ATAAGATGTACACAAGATGGTGG,0.80606
TAGCTTGATGAAGAAATCTCTGG,0.38056
GGATAGTGAAGTTTACCAACTGG,0.48625
GTCCGAAACAACTACCAGTTTGG,0.43426
ACTTGACAGGTCGGAATTCGAGG,0.60507
CGATGGCGTCTCGATATGACAGG,0.38121
TACCAATATAGTTGTTCTTGGGG,0.5322
CGAAAAGCTGACTAATTATTCGG,0.18061
TGCAGGTCATTCAGATGTAGCGG,0.57549
CTATACCTTGATAGCCTCAATGG,0.43497
ATTGCAGGTTGTGCCATGAGTGG,0.57771
GACCCAAGCTGTGTCCAATCTGG,0.35928
ATCAGCAATTAGCCCACTCATGG,0.54985
ATAGTTTCTTACCTGCATCATGG,0.61762
ACTGTTGGGTCAATCTTAGGAGG,0.75259
AGGGTCAGAGCACTTACTCTAGG,0.65634
TACGCGAGCCACTAACGATTCGG,0.52539
TCCCTCACGCACGCAAGACCGGG,0.60028
GTCCCGGTCTTGCGTGCGTGAGG,0.53779
CGCCACGACCGAATCGTTAGTGG,0.51721
TATCAGCTATAAATATCGAGAGG,0.57107
GTCTCTGCAGACCACCATCATGG,0.71415
TCTGATTCCCGAGTGTCTGCAGG,0.38574
GGACCAACGTGAAGGAGGTCAGG,0.45698
ATATCATGTGAACCTCCTCCTGG,0.63797
TAGTCCATGTAATACAGCGCTGG,0.58637
AAGATATTACTCCTGTGTGTTGG,0.59275
CATGCTCATCATAGCCAGCCAGG,0.52663
TTATTGTTGTTCCACCCAGCTGG,0.4941
AGTACCTGTGGAAGTCACCCAGG,0.76718
TTATATCGATGCAGAACACCTGG,0.51411
ACCCATCCTTATACTCATACCGG,0.44688
ACCCATTCCTACAGCTCAGCTGG,0.43099
CTCTGTACCAGCTGAGCTGTAGG,0.45817
CCTACTACAAAGATGCTCTGCGG,0.77392
CCGCAGAGCATCTTTGTAGTAGG,0.3786
ATGACTTCTCTAATCAGTTACGG,0.44191
AAGATGAAGATGCACATGTCTGG,0.42978
CATGTCTTACCTTGGTACAGAGG,0.67377
TCGTGAAGACCTCTGTACCAAGG,0.72594
CCCCAAGAAGATTTCTGAGCTGG,0.34606
ATCCAGCTCAGAAATCTTCTTGG,0.27703
TAGCTCAGATCCAAGTCCTCTGG,0.58545
ACCCTGAATGTTTCTCAGTGTGG,0.56693
TTGTAGAATGCCAGAGGACTTGG,0.38129
AACCTTAATGTAGTCCTCAGAGG,0.73317
CAAGTACCTGTACTCCTCTGAGG,0.75136
AGTACAGGTACTTGTCAATCTGG,0.34629
CACGCTCACCTGTCGTGTAGAGG,0.55658
TGTCCAGCAGCCGTGTGCGCTGG,0.5064
TTACACCATCCAGTCCATCATGG,0.70932
CAACCTTCGCTTCTTATAAGTGG,0.41879
AGGTCATGGATGTTTAAGATTGG,0.4321
ATGACAAAGACGATTCTGTATGG,0.46931
GTGTGTCGCGATGCCGGAGCTGG,0.36981
CATGCCGAAGCGTAGCTGTCCGG,0.56812
ACGCTTCGGCATGACGCAGACGG,0.52341
CTATCACCTTCTTCACCGTCTGG,0.35767
TGATCTTAACAGTTCCGCCATGG,0.56135
CTTTCCAGGCCTCTACTACGTGG,0.83492
CAGTCAACCTCTACCACGTGCGG,0.58184
TGCTTGAAACCTAAGTCATTTGG,0.18045
CGCAGCGGATTGCAGCTTCTGGG,0.28561
GTGTCTTCAGATGGAGCTGGAGG,0.54774
AGGAACGAACTAAATGCTAAAGG,0.47425
CACCTGGAGTTCTTCAATCTTGG,0.25835
ATCGGCATCGATCCCCCCCGAGG,0.64252
GTACCTTGTAGCGGCTGTACAGG,0.55247
TCCCAGCACTGTCCGTGTCCCGG,0.37867
CCAATGGAGCATCCTACGCAAGG,0.60878
TCCCCATCAGCTAGTTCTTCTGG,0.18997
CTGTGCTAGGTGGAAACCTACGG,0.5458
TCCCCAGAATATTAGAATAATGG,0.30366
ACTTGAAAAACTCTTCCGTCAGG,0.38278
TCAGGCAGTAGCAGGTTTGTTGG,0.43261
GCCAAAGTTAGATCTGAAGTTGG,0.43338
GGATCTCTCCTGGCAAAGACTGG,0.38668
TACCAGGAAGCATTGCATTTGGG,0.3505
TACCCAAATGCAATGCTTCCTGG,0.29465
ATCAAACCCATAACTTCCATTGG,0.34137
ATACTAACCTGGCCCAGTCCAGG,0.56981
ATGGACAGACTTCTTAGACTTGG,0.58848
GTTGATGACTATCCTTGCATCGG,0.6862
CTACATCGCCAGTCTGAAGCAGG,0.54072
AGTGCGGAAGATCTGTGCTTTGG,0.48615
TAATTAAAGGTTGGTGTTCGAGG,0.41012
CAGTGCGGCCAAACTCTTGCTGG,0.33752
CTCTTCCTCAGAGTTTGGCCAGG,0.44021
CTGGCTCACCTGCTCCCTGCAGG,0.29451
CCACGTCTATCTGCCAGTCGAGG,0.51733
CCTTGTGCAAATCCCTCGACTGG,0.41474
TCTAAATTAGGGAACTGTCCAGG,0.49738
CGAAATTCGCGATGCAATGATGG,0.4523
CATCCCCCGTAATTTCCACTAGG,0.43775
AGTCTCGAAGATATGACTCCAGG,0.66803
TAAAGCAAGTGCTGACTTCAAGG,0.4518
CCAACCTCTTGTATGAGAAACGG,0.42089
CTCACCGTTTCTCATACAAGAGG,0.54167
TGACCGGCTGTACATCGGTCTGG,0.48895
CGGCCAGACCGATGTACAGCCGG,0.65529
GATTATTGAAGCAAGACTAAAGG,0.45167
AGAACAGACAAAACAGTCATTGG,0.46932
AAAACTGGCACGACCATCGCTGG,0.42134
TAATAGGATGGCATAGTTCTTGG,0.27078
AAGGGTTCATCTTCGAGCGCCGG,0.52508
TGCAGCGTTCTACTAAGTCGCGG,0.70731
CCCTCACCCGGTTGTAAGAACGG,0.33993
TGAGAGACGGCTTCTCATCATGG,0.575
CGGACGGCCATGGCCATTCCCGG,0.30191
TGTAGAAACGCCGCCCCTAGTGG,0.62965
CTCACCAGTCCTTGTAGAATCGG,0.32645
ACTACTTACCAGGGACACCTCGG,0.82568
TATGAGCAGCTGTCCTCTGAAGG,0.56372
GGCACTTACCTATGCGGCCGTGG,0.55494
ACTATTTGTCGAAGTTGATCCGG,0.48301
TGCCATACCGAATCCGTGTGCGG,0.68851
ACTTTAGCACCTTATTCCTTTGG,0.32567
ACAGTATAAGAAAGCTCATTTGG,0.28945
AAAGTTCAAGCAACCGTCATTGG,0.36385
ACATCCATAAAGTAAGAATTTGG,0.31386
TGATATACCTTCTGTGAGTCTGG,0.327
CGCAATTCCTTCCGCTACAACGG,0.30589
GCCCATATTGCAACCAGTAGTGG,0.39055
CCAGCTCACCATGCGCAGGTCGG,0.55762
GGCCCCACTTACAGTGCTGTAGG,0.53476
TCCCACTACTGGTTGCAATATGG,0.24831
GTTACTTGTCTAAATCCACCTGG,0.58778
TTACTCAGTGCATGGTACACAGG,0.61602
GCCTTACCTTGCAATCGTTGCGG,0.50735
GTTCGTCCGCAACGATTGCAAGG,0.55056
ACCTTGGTAGGCATTCGAACTGG,0.46493
ACCAGTTCGAATGCCTACCAAGG,0.65083
TGTGGCCCTTTCCAAGGCCACGG,0.40499
GTGTAGGTTACGTTATATATAGG,0.35876
CACAAGTTCCACCACACTATTGG,0.3302
TCTCCACCAGACGTAAGGCCCGG,0.68629
GGGCTCACCTGCGGATCTTACGG,0.2079
GCCACCACTTACCTGCAGCAGGG,0.66949
CAGGTTATCAGTGAGCTGAATGG,0.62323
CATTGAAGACGTCATTGCCCAGG,0.52335
AATCCGGAATTTCGCACCAGAGG,0.64229
TGCGAAATTCCGGATTTCCTTGG,0.25717
CCACGGCCATAGGGTAGCGTAGG,0.46914
CCCGTACGAGCGGCGCGCCATGG,0.45109
GTTGCAGCCTCGGAAAATTGAGG,0.61347
TACATTTGGCATCCTTTCGTCGG,0.38986
CTTTCCAGAGGGCAGTGTAGAGG,0.64982
CTCACCTCTACACTGCCCTCTGG,0.48796
TTGGATTAGTTTGTCGCTGATGG,0.39396
CCCACTACAGGTAAAGTCCATGG,0.64922
GTAGGCTCATGTAGCCTCACTGG,0.51665
CTGACTACCCTGGAAGTAGCAGG,0.53681
GTTACCTGTGCGGAAACTTGAGG,0.60164
CTAAGTTATTACCCTTTCTCTGG,0.30213
GTGTTCTAGGCTTTGGTCGATGG,0.48911
CTCACTCACCGTCTTCTTTGCGG,0.4065
TCTTCGATTACCTCAAAGCTGGG,0.66536
CATTGGACACAGAATCCGAGTGG,0.80394
GTGTCTTAGGCTGTGGTCCAAGG,0.43108
ATCAGCAACACAGTCACTCCTGG,0.57514
TGGTCTTCCGGGATCCGTATCGG,0.44636
TACAATCGTGTGCTGCCTGGAGG,0.65723
CCACAGGTCCTGGTGCTTGATGG,0.35335
CCTCCCTCTAGGCCGGAAGGTGG,0.70486
AAATCTGAGCGTTCTCAACTTGG,0.48583
AGAAGTTGCTGCTGACGCTCTGG,0.28366
AACACTCACCATCCTACGAATGG,0.42072
TCACCTCGGCCACGTTCATCTGG,0.38137
GCCAAACGTACCAAGAAAGTCGG,0.51283
CTAGACTCACTTGTACGTCCAGG,0.60997
ACAGAACCTCACCTGTTTGGCGG,0.67334
ACAGTCGTGTCTGTTCAAACCGG,0.55497
GCATGTCGTCTTTATCGCTCAGG,0.41288
TCTGAAGCGAGCGTCTTCGATGG,0.57581
GCTCGCACCCACCTTGGTGTTGG,0.48553
CCTGTCCCAGGATGACCGAGTGG,0.71503
TGAATCCAGGTCCTAGCCAATGG,0.73632
TTACCAATGCCAAAATTCTTAGG,0.32797
ACTAGGACATGTCCAGCAGCTGG,0.82819
TTTAGATAACTGGAGTGCCAAGG,0.65776
TTAGCCTTCTTCCGGAAAATTGG,0.29453
CGACGCGTACCTTAATAGGCAGG,0.51941
GTAGGTGCGCGTGGAATTCATGG,0.44013
AGGTGGACCCCAAGTTCCTGAGG,0.62452
TTCTAGTCTCCAAAAAAAGTTGG,0.36861
GAGATGGGTGTCACCTCCATAGG,0.45955
GTACCTTGAACCTGGTGCGCTGG,0.46025
ACGTACCCAGGCCCCTACAAAGG,0.47692
CATTGATGAGCTCATCTGCCAGG,0.38704
CAGGCTCCTCGTCCATCCACCGG,0.75145
GATACTCACAAACTGGAATTCGG,0.39185
AGTGCCAAGGAAGACAGCTCAGG,0.53465
CGCCAGCTCACCTTCAGTTTGGG,0.22629
TACTCACCGCAGGTCTAAATCGG,0.26191
TGCAGGCATGGATTCCGTGAAGG,0.51771
TCCACATGCAGGCATCTCTCGGG,0.49059
GGCTCACCCTTCCTCGGCCATGG,0.3542
CTTACCCCTCGAAGTCTGCCTGG,0.4004
TTTGTAGAAATTGCATCTGATGG,0.36687
CCTATTCAGCAATTCCCTACTGG,0.36452
TGAGCTCATCAATGCTGCCAAGG,0.5788
CACGTACTTGTCTAAGGCTTTGG,0.36332
TTTCCTGCCTTATTTAAACCTGG,0.3154
ATCATTACCTTGTTGTTGCATGG,0.29655
AAACACTCACCGATCTGTGAAGG,0.61566
CTTACCTTTGCAAACAAGCCAGG,0.43595
CTCACTTGCGGCGCTTGCGCTGG,0.33016
CTTTCTAGGTCCCGAACCCCTGG,0.62901
CTCATTTAGAACATTGATGATGG,0.48685
ACCCACTCACCTTCTTCATTTGG,0.17093
TTCTTAGGCTCTTCTGGAGCTGG,0.31818
AGTGGGGACGCTGCGTCGATAGG,0.32621
GATCATAGCGCCTCCTTCCCTGG,0.32791
CCTCCAGGTCACCAAGGTCCTGG,0.35843
CTTCAACCAGGTGGAGATCAAGG,0.46091
CTCTTACAGAGAGGCGGATTTGG,0.29246
ATGCTCACCTTGTGGGCATTAGG,0.27244
TTCCAGCAGGGCAAGCTTCTTGG,0.21258
CACCCGCTTCAGATGCTTCTTGG,0.19303
TAAGCTACTTACTGGTTCCTTGG,0.36081
CACCAAGAAGCTTGCCCTGCTGG,0.23418
CCCTCCACTGCTGCTGCTCCAGG,0.18621
CCTCCAGTTATACAGGTTTCTGG,0.20121
CAAGATCGGCCCCCTGGGTCTGG,0.27719
GTGAGTGCCCGATCCCGCCGTGG,0.74217
ATTCTAACAAGTCGAATAATAGG,0.32068
TCAGCGCCTAGCAGACCCAGAGG,0.92765
AAAAACCTCGTCTTTGTTGTAGG,0.26929
GTCTCGCAGTCCTGATGCGAAGG,0.53219
TCTCTAGCAGCACAATCATGAGG,0.71886
GGTACCTGCAGAAATCGTCCAGG,0.7107
GGTACCTAGCAAAATCAGGCTGG,0.49417
GCCGGGAATCTCCACCCGTTTGG,0.35152
AGTGCCATTATTGATTGTGTTGG,0.54917
GTGAAACCCACTGGTGGCCCTGG,0.30955
CTTGTATATTGTCCTTCTTCAGG,0.2293
GATTGATCGCTGCCTCAAGAAGG,0.70106
GAACCAGAAAGAAAAGTATGAGG,0.69854
TTCAAACTGCTCCACGCCCTCGG,0.48749
GCTTCTTAATCTCCTTCTTTAGG,0.27345
GTATCCCTGTCTCAGCGAAGTGG,0.79421
TGTTTCGCATTATTAAACCCAGG,0.62628
TAATGCGAAACAACACCTCCAGG,0.58823
TAAAACGCCTCCCACGCTGCTGG,0.43883
CGTAGCTTACCCGCAGAACTCGG,0.4641
TGTAACATAATCCAAGACCTTGG,0.6548
GAAGCTTAAGCGCATCTTTGTGG,0.41193
CCAGTTGGCCTTGTCCTATCTGG,0.19409
ATAGCTAATAACCGAACACCTGG,0.64276
CTCAATGTCTTTGTCACTGATGG,0.31911
TATTTCACGTACTCGTGGTAAGG,0.37634
GCAACTGGGCACGTGTGCGGAGG,0.58458
GATCTCGCTCTTCTCCGAACTGG,0.42531
GCTGCTTGGCCCCAAAGGTCTGG,0.26982
GGACTACCGATGTGTCGAAGTGG,0.60544
TGTTAGCGATCTCGGTGCCAAGG,0.61116
AGTACTCACCAGCTTGACCCTGG,0.73773
AGAAGTGGTACCCGTTCCCGGGG,0.72278
GCTCAAAGAGCTATGTCGACAGG,0.53302
TACAGGAGTTGTGCCGACGACGG,0.71969
TCTTGGTTAAATTGTCCACCAGG,0.54195
CTTGTCTCAAATCAGCTACCTGG,0.54389
TTAGACTTACAAGTGAAAGCTGG,0.52506
TTATGAAGATAACTTGCAGCTGG,0.45888
AGCAAGACGATCTATGAGTTCGG,0.37287
GTCATCTTATAGATGATGATTGG,0.50802
GTCTTTGGAGGATTGTCCTCTGG,0.42988
CAATTCAATGATGATACATTTGG,0.22439
AACTTACTTACTTGTAAAACTGG,0.24146
CCTTGACAGAATGTCCAGCAAGG,0.56121
CTTACCTCTCATAAAGATCCAGG,0.44466
AGCAGTCTTCACTTCCTTGCTGG,0.22307
GACACCTCGAGCTGCGCGCGCGG,0.60461
TGCCGTGTCGGGCCCGCGACAGG,0.31506
TATCCAGTTTAAAAAACATGAGG,0.65177
TTACAGGACACCGAGTTTCCAGG,0.3336
CAGGGAGGACATGTATGCCCAGG,0.48564
TGCAAAATCAAAGATACATCAGG,0.41584
AGTCTCTGAAAGCATGTAAAAGG,0.3791
GAACTACGAAATTCACCAATTGG,0.43939
ACTGTAGTCCTGAGTTAGCAAGG,0.54342
TGCACCGCAGAAGCTGATATTGG,0.47518
TTCTGTCAGCGACATAGACCTGG,0.58009
GCGTCCTCCTTTACAGCTGCTGG,0.33922
TTCTTTCAGGTACAGATATTTGG,0.24195
CACTCACCGTAGCCTTGTCAAGG,0.54663
CAGGTCTTTATCTTCCAACTAGG,0.51193
TAGCATCACATCCAGAAACCAGG,0.68336
CATTGCAAACTCTGTTAGACTGG,0.31731
CCCTTTATGTTTGCGAATTATGG,0.19732
CTTTAGGGAAAACTTGTTATTGG,0.17099
GAAGAAGTCGGCCTCCTCTATGG,0.42613
GCCGACTTCTTCGCCATCGATGG,0.38506
AGGTCACTTACCGCAGGCAGAGG,0.53291
AGCTTCTGATACCTCTCTTCTGG,0.28087
CGTAGTGGGACGAATCACAGAGG,0.78856
CAGGGGCCATGGAACGTATATGG,0.29619
TCATACTCATCGCCAAACTGTGG,0.70336
TAATGTTGCTGCGACACCCATGG,0.6282
TCTGGGGGCCTACCACAGTTTGG,0.52963
TCGAAGTAAAGTGACTGAGCTGG,0.60548
CGGCGTTCGCAGTTTGAGAGTGG,0.54835
CCATACCTTCTTCTCTTCGATGG,0.46023
TTATAGGCAGTCAGATCTCTTGG,0.36933
TGTGATCCCTGTGTTGTAACTGG,0.33292
AAGTACGCAGTCAGTCTCCTTGG,0.41337
TGGGTTACGTACTTGTCTTCAGG,0.25494
AAGGGGAGGAGGACCTCGCCAGG,0.33301
ATGGTCTGTATTGACAGCTGTGG,0.71226
CCCGTAATTACCTGCACATTTGG,0.18523
TTTCAATGACTCGCAGAGACAGG,0.4309
TTACAGATCAGAAGCAATCAAGG,0.49527
AGCAGTTGTTGGTATTGATTTGG,0.20691
GCTGACAACCTGCAGCACCACGG,0.74049
CCCCCGCACCTCCATCACCGTGG,0.79223
CCGGCCCGTACACACCCGCCAGG,0.5635
TACTTAGGCCTTATTTGCCACGG,0.54366
TCGTGCTGGAAGGAGAGGAATGG,0.58877
GGTGAATACATTCAGATGTCTGG,0.39492
TAGAGGAATTGTAATTCTTATGG,0.33628
AGGCATCCATCTTAATCCTGGGG,0.60855
TTTCCCAATTGTCCCCACCAAGG,0.54899
CGTCTTCTCCAGGATCACAACGG,0.7507
ATCCCTACGCGACCTTACTCCGG,0.53104
GACGCCATTTCAGGTGGAACAGG,0.45255
GGTTCAATTAGTACCGCAGATGG,0.64133
CTTACCGATGTTGACAGTTGTGG,0.48089
CCAGATTGATATCTATGTGCAGG,0.55477
CGGCTCGGCCTACATTGAGCAGG,0.46625
TCTTGTCGGACCAGGGCTACCGG,0.34056
AGCGGCACCTACACCCGCCACGG,0.51354
AGGCGAACGTCTGTGTAACTTGG,0.42175
GTTACAATAGCTCCCACATCTGG,0.55363
ATTCTCTTCAAACAAGAGCAAGG,0.7186
GCTCAGCGTGCCAGCCAAATTGG,0.24243
CGGCTTGCAAAACTTTCAGATGG,0.50277
TTTGTAGGTGTTTGGAGAAGAGG,0.40749
ACATGTCTACGACCTTTGCAAGG,0.61576
TGACTCACACGGGGCAAGCCAGG,0.51666
TTCAGCCGAATACATCCCGAAGG,0.6844
GTTAACTCACATGTGCGCCCTGG,0.51301
CGGCTGCAGGGCATTTCCTTCGG,0.21974
GCTCAACGACTCCATTGCCGAGG,0.67798
CATGCAGGTCGTGTACAACGTGG,0.67667
CGGTGTCCACCATTTCCACCAGG,0.54095
GATGGCGCATCACACACCAAAGG,0.71371
GGACAGAGACCGACAACGAGAGG,0.58595
ATCTTCCGACTGATGATATTTGG,0.22026
CCAGGTCGATATACCCATAGTGG,0.66932
ACCTGAGGAGATGCGCCAGCAGG,0.49298
GTCGAGCACCCCATATAGCAAGG,0.53842
CCACTATGGGTATATCGACCTGG,0.64146
CAAGATCGTCGGCAACAAGTGGG,0.67345
TGAAGCGCTACTGCTGCCGCCGG,0.48195
CCACAAGTGAAGCAGCGTACAGG,0.41709
AGCAGTAGCGCTTCAGGCCCAGG,0.36529
AGACCATTGCCAGTGTTCGTAGG,0.70018
TAGCACTCACCTACGAACACTGG,0.65872
TAACCTTGGGATTAGAGCCTTGG,0.5154
AAAGCTTCATAAGTTTGAGTTGG,0.49532
TGGACTCTGTAGCTTCCCGTTGG,0.69009
ACAAAGATTCCACCAACCCCAGG,0.63068
AGTCCCTCTGTAACACTGTCAGG,0.44501
TTGACCTGACAGTGTTACAGAGG,0.71697
CATCAATAGGTTGTTGTCTATGG,0.39668
CGCTGCTGGGCTTCTATATGAGG,0.33463
CAGAATTCGTCGAAAAGCATTGG,0.35134
TCGACGAATTCTGCTAGCTGAGG,0.55012
ATTCCGGTTATGATGATGCCTGG,0.52504
TACCGGGAAAGTCAGTAGTATGG,0.57109
GTTCATAATTACCTCATGAGGGG,0.82824
TTGGCTCACAGGAAAAATGGAGG,0.85617
TAGACCAGTGTCCCCTCATGAGG,0.71792
TAACTATTTCATTAATGTAGAGG,0.47805
CAAGTGACGCTGACCCTATGTGG,0.64587
ACAATTACCTTTAAAAATGCTGG,0.29655
AATCTATATGCTGTTTCACAAGG,0.44568
TCTAACTTCTGCAGAACGCGTGG,0.54326
TGCTCAATGAGGGCTTGTGGGGG,0.7188
AGCTACCTCAACCTCAACACCGG,0.67461
GGCCGAAGGAGTACCTACCGTGG,0.66774
TCATTTAGGCTGATATCAACTGG,0.33998
CGATTGACAATGCCATCGATTGG,0.36375
CGGCCAGCTGTCCCCAAGAGAGG,0.6517
GTAGCTCTTGCTTCAGTGCCAGG,0.37866
CCTACCAGGGTTCCAATCGATGG,0.60259
ACGGTCACCTGTATTCGCTGTGG,0.80464
TTCGGTTGTGTTCCACCAACTGG,0.26039
CAAAGAACTTACCAACCCATGGG,0.67978
AATTTACGCATTCAGACTCGAGG,0.64012
CTGCATAAAGGACTAGAATGTGG,0.6946
GAAAACTAGAGCTGAAACAATGG,0.58608
CCCAGCGATGGAAGAGGATCAGG,0.33745
CTTTGTACAACGCTGCCCTTCGG,0.44064
GTTCCTAAACTCAGCTTGATAGG,0.38139
TACTCTTAGTGGCTGGCTGCCGG,0.42804
TTCTCAGTGGTAGGTACCGAAGG,0.55393
GAGAATGTTGACTCTACTGCAGG,0.48651
GCGGGTGATGTTGTGCACGTAGG,0.49657
CTGCGGGAACGGGCTGATCGTGG,0.552
GCTAGTACCTTGTATGAAGATGG,0.61765
CAATACTTACCCAAGTCTACAGG,0.37066
CCTGGAAGGCCTATCATCAGTGG,0.58948
TCAAATTTACCCTGTAGACTTGG,0.2736
TCAGGGTGGCCAATTCGATTCGG,0.37147
CCACAATGTCATCACTAATGAGG,0.44921
ATCGCTGAGGTTCCCATAATAGG,0.33193
CCTCATTAGTGATGACATTGTGG,0.61078
GACTTACTTGAGTTCCTTCATGG,0.38627
TGGCGACGACTTTGATGATGTGG,0.6894
CCTGGGTCACCAGATAGCCACGG,0.7932
AATCCGCAAGACCATCATGCAGG,0.68853
GGACGAGCTTGACCAGACCCTGG,0.61713
ATCTTTCCAAGCCTACCCATTGG,0.48919
TGAGTTAAATGAATGCCCTTTGG,0.45494
TGCCCAATGAAGCTAGATTAAGG,0.40113
TAAGTTGACCGCAACATAATTGG,0.2278
ATTCCTTAATCTAGCTTCATTGG,0.24067
AATGCAACGAGCTCCTTTCGTGG,0.42941
AATCGCCATAGGCATCGACCTGG,0.48537
GTTGCCGTTATTACATCAGATGG,0.5182
AAGAGCTGAATACTCGTTCATGG,0.49955
GCTTGTGCCACTCGTGCACGTGG,0.59072
TGACAGCTACGCCCAGTTCGAGG,0.57203
ACCCACACCACGTGCACGAGTGG,0.57585
GCCCATTGCGAGCCACGAACTGG,0.30805
CGACAAGCTCGCCCAGTTCGTGG,0.40872
GCCCTGTCGCCGCATGTGTGGGG,0.49808
GCCCCCACACATGCGGCGACAGG,0.2771
CCCGGGACAGGCGACGACGCAGG,0.58135
GTGCTCCTCTTTAGCGCCTCTGG,0.32922
ACCTGCGTCGTCGCCTGTCCCGG,0.36441
CAAACTGGTACTCGAGAACGCGG,0.65392
CCGGCCTGAGATGTGTACAGAGG,0.73921
TCTTACCTCAGGAGCAAACATGG,0.53499
TTGGACCAGAAAATCCCTTTAGG,0.33029
TGAGACCATGTTTGCTCCTGAGG,0.55908
TGATTACACAGATGATCCCGAGG,0.87706
ATTCAGTGTACCCAATGCCAAGG,0.54493
GACTCATGTACCCATGTTACAGG,0.38559
TGAACACTTCGATGACACAGTGG,0.75123
TTGAAGAGAACAAGTATAGCAGG,0.46495
AAAAGACCACGAGAAGATCATGG,0.79599
AGGTCACGCACGTTGAACCATGG,0.69216
TCTCCATATATTAGAGCGCTTGG,0.34634
CCAGTCATTGACCTGAAGCGAGG,0.73417
GACAGACCGAGATCTCCAACCGG,0.49593
CCTCGCTTCAGGTCAATGACTGG,0.35545
GACGCTTGAAGAGAATAAAGAGG,0.48155
CCGAAGGCCTAGATGTCTTGCGG,0.54183
GCCTCCCAAAGCAGAGACCCAGG,0.52746
TCCCTCAGGTCTACTATCCATGG,0.51633
CACCTCCTGGGTCTCTGCTTTGG,0.17135
CAATTTGCCGCAAGACATCTAGG,0.41509
GCAGTTATCTGTACCTCAGCCGG,0.56234
ATCTCTAATGACGGCAACAGTGG,0.64456
AACGTTCCAGAAGGACACTTTGG,0.51464
CATCAATGCTTATGCCTGTCTGG,0.25036
CTGACCTGTTAATGGTGTCCAGG,0.54485
AAGCTAACCTACACCATGAGAGG,0.60852
AGGTTAGCTTGTTCTGGCGCAGG,0.43673
GGCCTGAGTTTAAGTTCTGAAGG,0.49641
AGAACCTTCTGAGATGTTCTTGG,0.41319
TTCACTGTCTTCTCTATCCATGG,0.43361
ATTCCAAGTCTAGCAGTGACAGG,0.51165
GAAAAATGGCACTGTCAAAGAGG,0.53626
GAAGACAGTGAAGAGGGTCCTGG,0.47203
ATCATCGAGACGGTGTACCGCGG,0.62099
GGCGCCTCAGTAGCGGTACTTGG,0.37995
GCTCCCACTGACTGACAGCCAGG,0.49949
AAAAGCAGCAGGAGCTACTTAGG,0.4716
AAGGAGTTGTTGGGGCGCACAGG,0.39869
AAGGAGAAAGACGATCATCTAGG,0.47305
CCTTGGTGGAAGAGGCCTTCTGG,0.20171
TATGAATCCGTTGCATTCTGAGG,0.55697
TCTTCAACGACCTGAACACAAGG,0.62545
CTGTACACACCCTTGTGTTCAGG,0.28718
ATCAAGCTTCGTAATGAGTATGG,0.34806
AAACAGTACCCTGCCAATCAAGG,0.41476
TCAGGCCCAGCCATTATCCCTGG,0.6001
ACAAGGACCGTAAACGATCCAGG,0.61543
TGAGGAAGAAGCTGAGGCTAAGG,0.48759
GTACTTCATGAAGAACCACCTGG,0.57943
GTTTGCATTCATAGGAGCCCAGG,0.50268
TCTTCCCCTGCGTATGTGCCAGG,0.40353
GAGGTACTCACAGGTTGGTCTGG,0.46568
GATGATGTCTCATATGTCTCAGG,0.45483
GCCGCAGATGATGCCCCCTATGG,0.38482
ATTGGGGCATAATGCATGCCAGG,0.36266
ATTACTGACGACATCATTCCAGG,0.48043
GCAGATCTATCCCATTAGCCAGG,0.54549
CTAGGTGGTCTGACCTCTACCGG,0.3639
GCTCATCGTGTCCTGTGACATGG,0.51257
CCAATGCCAACCAGCGGTCAGGG,0.3969
GCCAGTTCAAGTTCTAACACTGG,0.52183
AATTACCTATGACGCTTTCTAGG,0.26037
ATTGTTAAGTACCTTCAGCCAGG,0.63335
TGCCTTACCTGCCAGGTACCTGG,0.33146
TTTAGTGAAATCACACCAGAAGG,0.44462
CCAAATTTCAGATATGGTACTGG,0.4146
TTAGTAATCCTTCTTCCTTCTGG,0.27691
CATCGTGATGAAGAGTGATAAGG,0.37715
CTACTGACAGGTACCACGAAAGG,0.59755
TTCGACAGCGGGACAAGGATCGG,0.41352
CTGTCGAACCCGCTCAGCAAAGG,0.51968
CTTTCCAACCATAGACACAGTGG,0.78741
GCCATAATGCTCATTGGTACAGG,0.4389
ACCCTACGAGAAAGATGATGAGG,0.82201
TGAGGTCTGAGAACTGCTGTTGG,0.46752
TCTCAGTTTAATGGCTATGCTGG,0.30178
TGCGTCTCATACAAACCATGCGG,0.76467
GCCTTAATCGGGTCGGAGCCAGG,0.24819
GCCTGGCTCCGACCCGATTAAGG,0.31259
CGTGCAGCTGCCAGCAGATGAGG,0.43135
CGACCACATCCTTGCCCACAAGG,0.47347
ACTTTAGTGTATCATGTAGTTGG,0.43316
CGGTGTTATCCGGTCACTCATGG,0.46015
GGATGCCGTCGCATCGTTCCTGG,0.29831
GTTCTCCTCCCCGTCAGATTCGG,0.37598
TGGCTCCGAATCTGACGGGGAGG,0.61832
TCGCCGCCGAGTGTCCGAAGTGG,0.61358
TCGTCCGACGGCAGGGGCTGAGG,0.44346
AAAAAGAGATTGTCAAATCAAGG,0.45662
TGCAGTTAGCATGTAAATACTGG,0.31978
GTATTAAGTCCACCTTTCAATGG,0.39518
GTCTGTACAACTTGTCGCTGTGG,0.53607
GACGTGCAATTTCACTCGCTTGG,0.33824
CTGATTTCAGGTAACTATGGTGG,0.5909
CTCTCAGGGCCATGATCCAAAGG,0.42728
ACTCACCAGTCAGGCTTCCGAGG,0.61991
ACCTGGCCAACCTCGCTCCTCGG,0.42249
TCTTTGCAGGACAAGGAAGATGG,0.47613
CTTCTCCGTCCCCTCTACTCAGG,0.42767
AAGTTCCGGACCTGAGTAGAGGG,0.58115
ACTCACCCCTCCGTGGAGAGCGG,0.69433
GCAGTCGCAGCCGCTCTCCACGG,0.69331
GCCCTTACCGGGAGCGTCTTCGG,0.26011
CCCCGCACCGAAGACGCTCCCGG,0.42718
CATTAGAACGTAGGCGTTCCCGG,0.32471
TATGAACTCTTCAGCAAAAGTGG,0.47439
AAAAGCTGTACGTTATATGTTGG,0.42099
CAATACGGCCGTGGGCGATCTGG,0.28143
CTCGATCAAGATCAAAATCCAGG,0.41938
CTCCTTCGCCGCCGGTATTCTGG,0.18025
TCATCGCTGTCAGAATCTACTGG,0.49662
GAATGGAATTGCTGGCGAGTTGG,0.44983
CCGCAGACTGAATGTGAAATGGG,0.34827
TCTGCACAACAGTGATCGTCCGG,0.5083
AACACGGCCAGTTGGCATGCTGG,0.42244
GGCGTTCCAGATCAAAGTCCAGG,0.55929
CCCATCAAGCTCCATTCCATTGG,0.44456
AGACCACATACGCCAACACCAGG,0.60165
GGTCTCCCCATGTAAATTCCTGG,0.33607
CTCTTGAACGCCTAGACTGCTGG,0.45645
TCCGTGAGCACTTCCACTTCTGG,0.27244
TGCCCCCTCAGAACACTATGTGG,0.74565
GGAGTCCTCCACCTCGTCGCAGG,0.55593
CAGCCTTTCCGGTATCCGTACGG,0.38275
CGAAGAGAACCTCCCCCGTACGG,0.47039
GAAAAAAATGTCGAATGCGCTGG,0.38744
TCTCAGGTATGTCCGCATGCTGG,0.42607
AGGTTTGTGGGTGGCGTCTATGG,0.31362
TCTCTGTTCGCGCTTCTGAGCGG,0.69658
GGAGGGGTCCCTCGCTGCGGCGG,0.43903
ACATCCAATAGTCTTCTTCATGG,0.41479
AACAGAGACTGCGCAAATTCCGG,0.16767
CCAGTTACCCTGATTCCGCTCGG,0.55952
ACATCCTCACCCATTCCCACCGG,0.63865
TCTATAGGCATGCCTCCTCCTGG,0.65263
CCTGGATGGGGCATCCCACCCGG,0.42483
CCGTAACTGCCATCTCGCCGTGG,0.64157
CCACGGCGAGATGGCAGTTACGG,0.40289
AGTCTGTACTCTGTGCGAGTAGG,0.62394
CAATTACTCGCTCACCACAAAGG,0.50235
ATTTGTCAAGTCGGTGCAGCTGG,0.30184
GCCCTACTTCCTCCAAATCGAGG,0.57307
GTAGCACTTACCAGGGAAATTGG,0.3331
AGGTTTGGTGCACCTCGATTTGG,0.37877
TTACCCGTGAATTTCAAGTCTGG,0.42146
CTGTAAGAACTTTGCTGAGTTGG,0.34586
GATCTGTGTGCCAATGTCAGTGG,0.54254
TTACTTTGTGCCTCTTCACTTGG,0.24161
CCGCTTGGTGCCCTTTGACTTGG,0.24315
CGATGATCCTGTGGACTACGAGG,0.68915
TCGAACACCTTGTACCAGCTTGG,0.49601
ATGAGAAACTCGCCGAGAAGAGG,0.4254
CTCTTCCGTGAGCCTCTTCTCGG,0.30576
CGTAAAAGCTCTCGCTTGACAGG,0.39084
TAGGGACTACAAGGTGGACTTGG,0.46982
AGCATTGCCATAACCAGCAAAGG,0.51113
ACCGCTGCAATCACCTTTGCTGG,0.25866
GAGACAAGTGTATGGCAGTCTGG,0.38088
TTGAATTGCTCAGTATGAAACGG,0.36121
TCTTTCTTAGGCTGCAGCGCTGG,0.49882
ACCTGTTACGGTGTATGAGATGG,0.57219
TCCGTCTTACCTTGCCATGGTGG,0.72641
AACTCGTGCTGAAACCCGAGAGG,0.69602
AGAGACGGGAAAAGATTGAGCGG,0.64789
CGCGACGGCTATGATTACGATGG,0.58756
GACCTATGCAGTTCGAAAACTGG,0.32356
CCACGACACCAGTGCCATCTCGG,0.41153
AGTTACATGACTGCTGAACGAGG,0.78567
CTTGGAGCGCACAAACACGTAGG,0.65124
CCAGTCAGCGTCAGAGACTGAGG,0.5433
AACAGATGCTCGCTCGTCCCTGG,0.34426
GCAGACCTCGAAATGATAGACGG,0.68311
ACATACCGTCTATCATTTCGAGG,0.45666
GATGCTGTGTATGAGCTTGATGG,0.52464
TTTAGGAATTTGAGGATCCAAGG,0.39307
GCTCATCGAGAAGTACATTGCGG,0.65031
GATGTCGATGAGCTGCTCCTCGG,0.60748
CGGCAGTTGCTCACCCAATCCGG,0.2382
CTCACCTCGCATGTACTCAATGG,0.46481
TGCCGTCCAGCACAAGGTTGAGG,0.5223
CGAGAGTGAACGATTCAACCCGG,0.5835
AGCCGGACCTCGGAACCTCAAGG,0.51325
GGAGGCATTGGCGGCATATTAGG,0.23172
GCGAGTCCGCTTCAACTTGATGG,0.36663
CGACTCGTACTGCTCCTACATGG,0.52049
CTATTTCACGACCAAGAAGCAGG,0.55322
GCAATCCATACAGTTCTTAAAGG,0.33656
CTTTGCCAGCGCCAGTTCCCAGG,0.3545
TGGATTGCGAGAAATCCTCCAGG,0.53598
GTATCTCAAAAAGTCGCTCCCGG,0.62595
CGCCCCTAGGTACGGCTTCGTGG,0.43748
AGAGCATATCAGCGAGCGACAGG,0.50771
ACCCTCTCCAAAAAGTGTGATGG,0.5118
TTGCTAATTATTCGTTGCCCAGG,0.4221
CGGCGAGTGTAGAAATCAAGTGG,0.58115
TTCTACACTCGCCGTCCAAGAGG,0.52529
ACTTACTCTTTCGATCCCCCTGG,0.5304
AGGAAAGATGGGGTTCCAATAGG,0.36632
TGCAGACGTTGTGCCTAAGACGG,0.42539
ACGTCCTTACCTAAAGTTCTCGG,0.46789
ACAAAGGAAGCACCTTCCACAGG,0.61631
CATCATGTGCCGCGTCTACGTGG,0.58933
CTGCCCGTTCTCCATCTTGATGG,0.37045
TCAAGAGCATCGACATGTCCTGG,0.45117
GCAGAGCACAGCCGCCAAGCTGG,0.40889
TCCCCTGACGCCCGAGCAGCAGG,0.34381
CCTCAATGAGAAGATCAAGAAGG,0.59685
TCTTCAGGCTCCGTGATACCAGG,0.53442
TACGCCATCTTCTCCCAGTTTGG,0.28778
GAAGCTGAGTAGCACCTCATAGG,0.56094
ACCCGCCGGGATGAACCCACAGG,0.55021
ACGGACCAAACCGCAGATGCAGG,0.58984
TTACGGACAGCATGTTGTCGCGG,0.54174
CTCCAATGCAGGCATGGCACTGG,0.41399
CACGATGGCGACCTCGGGCTCGG,0.37553
CATGGCGGACGACGTAGACCAGG,0.70596
TCACATAAATTCGCTCATCTAGG,0.36061
CCGCGTGCCCAAAAGCAAGCTGG,0.40016
GATGCAGTTCGTCCCGAAGTTGG,0.69995
TGACTAATTACCTCTGCTGATGG,0.44339
GGAGACGTACAATGGACACCTGG,0.63568
GAGAAGTCATCTGCACGTCCAGG,0.41685
AGCCGTCTTCAGCAGTGACAAGG,0.48801
GAAGACGCGCCTCAGCGTGTCGG,0.55135
CCCGCACTCGTTCTCGATCTCGG,0.45029
TGGTGTCATCCAGTTTACGCAGG,0.45813
CACCAAATTCCGCTCTCATGAGG,0.63605
ACCCCGACCTCCATAAGTCCTGG,0.45401
CTTACCATCTTGACGTGCATTGG,0.36229
ATCCTGATGGTGAACATGCCAGG,0.51301
CGCTCAGACTATGCTTGTTTAGG,0.24944
GAGTACATGCGATCATTACCAGG,0.65251
GTGATGTTGGGCCAGGAAGTTGG,0.52772
GGTACAGGCAACTCCTCTCTTGG,0.27246
TTATTACACCATAACGCTCCAGG,0.51909
CTTCCCCCGATATACCTCACCGG,0.54888
CCGAGTGGCACAGCTGGAGCAGG,0.37932
CTTCTCACCAAATTCACCATTGG,0.38642
ACGCATTCTGCTTCAGAGCAAGG,0.40419
ATTGCTCGAGTTCCACTTGCTGG,0.32977
TGGGTACTGGGTTGGAGCCCCGG,0.35765
CAACTCCTCACCTGTTGGGATGG,0.4264
ACCTATCGAAGGCCTTCACGCGG,0.74779
GCCGCGTGAAGGCCTTCGATAGG,0.55845
CGATGACTGAGTCCCCGCGCAGG,0.73199
CCACCACCAGGAAATCCCCCAGG,0.63298
CTAGACTGTTACCAATGCTGTGG,0.75783
ACAGATGCCAAACGTCTGATTGG,0.39402
ATGCCTGGGGGATTTCCTGGTGG,0.65242
CCAGCATGAGTGCATCCCTCAGG,0.57533
TCAGAAATACCATACTGTGAAGG,0.56642
TATGAATACAACGCCACACAAGG,0.65244
GATGTGTCACACTCGGGAGTTGG,0.61141
TGTCTTTCCCATGCCCGACTTGG,0.34594
TCAGCAAGCGCAGACCCAGCAGG,0.48668
ATGAAATCCATCTACTGCCCTGG,0.46453
TGATGTGAGAGACATCTTTCTGG,0.29326
ATCACAGATCTGTATAATTTAGG,0.22532
ACAGTGCGATGTATGATGTATGG,0.55222
AGGAGGTGCAGAAGGTGGACAGG,0.35756
CGTGTGCTATCGTCTGAGAGAGG,0.68003
CCGCTCTTCTCGCTCTGACATGG,0.47018
TGACGGTTGAGGACTTCAACAGG,0.37796
CCGAAGATACCAGCAGACGATGG,0.63781
TACCACCAGTAATAGAATCCTGG,0.63487
TTGCAGCCCCTTTGCCACTCAGG,0.24192
GTACAGGGAGCTCCCATCCTTGG,0.4663
GGTGATGCGGATGCTCTTTCTGG,0.18034
TGCTGAGCGGCCTCCGGATCTGG,0.16542
CCACAAGTAACATAACCTCAAGG,0.74276
GCTTTCACGGCGACTATCTGAGG,0.5407
AGTCAAAATCTGTACAGTGCCGG,0.53218
GGCTCCACGCAGACGCTGACAGG,0.42681
GTCCTCGTCCGAAGTGAGAATGG,0.4363
CGTCCAGATCTCCACCGTACAGG,0.46193
CCGTCCCAAGTGAAGCCGTCTGG,0.33424
GACGGCGACGGCTGTTCAGACGG,0.44567
ACAGATTCTGCGATAATGTGTGG,0.58406
TAAATGCAGCACTGGCTCAGAGG,0.62887
ACCATTGTAGCGGTTTGCTGCGG,0.61233
GTTTCGGGCACGAAGTGCAATGG,0.69412
AAACGCCGAATATAATCCCAAGG,0.72762
CTAGGAGCACTGACTGAAGCTGG,0.42591
GTATTTACTGAGAGCTCATCAGG,0.31426
CTAAATATTTGTCACAGCAATGG,0.31049
CTGAGTGTATAAGTCTTCATAGG,0.365
AGATCTTCATCGAGCCTCACTGG,0.43427
CTCCCGAAGCAATGCATAAATGG,0.26624
GGTGATGGCACAGATCCTGAAGG,0.74267
GCACTTACCAAGGCATCTCTCGG,0.45409
GAACGCTCCGAGAGATGCCTTGG,0.55311
GAATCACAGAGTATGAACCAAGG,0.88092
GCTGTCCAAACTGAACGCCGAGG,0.90068
GCATCCGCTTCAAGCTCAAGAGG,0.56928
GCCAGCCGAGTATGACCCCAAGG,0.62284
GTGGAGGCCGTAGCCTCCCTCGG,0.55329
ACACATCTGAGCCATGTTCCAGG,0.40354
CTCATCGTGCACGGCGACACAGG,0.60246
TTTGGATGACGAGGATGAAGAGG,0.5797
CCAATGCTCCACCTCAGAACAGG,0.48682
GTTGCGGCGTCGTCGTCCACTGG,0.50513
TCGCAAGTCTAGCACCCTGGAGG,0.91684
GCGATGCCGCGCAAGCTGACAGG,0.42017
TCTTCCTTGCAGAGCGCCAGTGG,0.53507
AACATGTGGATCCCAGGATTTGG,0.34759
GGATTTCATTCATCATTAAGAGG,0.42614
TCTGCCCCAGGGAAAGCTTTAGG,0.36907
TGTATTGTAGTGTAAAGAACTGG,0.46325
AGCGGCGATACATTTCATAACGG,0.41531
ATCTTCCCAGCTCGAGAGTCAGG,0.3098
TCATTTGCAGATCATAGCAATGG,0.56637
TCAGGCTCTAAACAAAATTCTGG,0.36269
TTTAACTTGAAAGCTTTGTCAGG,0.33509
CTTGAAGCTAAAGAATGTCGAGG,0.74667
AAGCGGTGATTGTTTGTAGACGG,0.46151
ATTCCTTTCCGCTTCGCCTCTGG,0.3322
CACTACCTTCCCGAAGTTGAAGG,0.40323
ATATGAACAGAAGAGCCTGAAGG,0.71704
GAACTTACAACTATATTTCGAGG,0.50827
CATCATTAGCTCTTCCCTTCAGG,0.25905
GTAATTTATAAACGTGATGTTGG,0.3716
TGCAGACAGTGATGTTGCATTGG,0.55827
CAAATTGTAGCTGTAATTCTAGG,0.26771
CTTGTCTTACAGGTACACCAGGG,0.74352
TGTACGAAAGACTTGAAACAAGG,0.67022
CTGTAATCCCCATATCCTTCAGG,0.23019
GAAATGTGTCATCGAAAGCCAGG,0.59323
GTGGGTGATTTAGCTCGAGAAGG,0.50593
ACTATATGAAACCAGCGTTCAGG,0.35407
GGTTTACGTACTGCCGAGCGCGG,0.67599
CAACGGAGACGTGAAGCCCGTGG,0.78078
CCTGAACCGTGCTGGCTTTGAGG,0.38623
TACTCACATGCGTGGGTCTGAGG,0.45599
TTACTCGCACGTAGTACAAATGG,0.33334
GCAAGCATTAAAGGAATCTCAGG,0.40861
GCATCATTAGTTATTCCTGCTGG,0.45175
CTTGGAAGAGTTCTACCAGCAGG,0.51626
TCACCCAGCGAACAGGACGTTGG,0.65928
TATCCCATTCATGTACCAGCAGG,0.51705
TTTCTTCAGATCCAACTTACAGG,0.29683
CAGCCCAACGTCCTGTTCGCTGG,0.30249
TATAGTTTCCACTGTAAACCTGG,0.39852
TTAAACATCCCCTACAGAACAGG,0.49835
AGAAAGCTTACCTGTTCTGTAGG,0.37917
AGAAATCCTACTCCACCCATAGG,0.61806
ACAATATCCAGTTCAACCACCGG,0.59623
TGTGGACGTGGGTCTTCCTATGG,0.41302
GGGGACTTCCCCAATGCTTATGG,0.28605
CCTCACCTCGTCCCCAGACATGG,0.48731
CGCAGCCATGTCTGGGGACGAGG,0.39011
CGAAGATCTCATCTTCCGCCTGG,0.51244
CCAAGCACATGCCCGACCCCTGG,0.43425
CTATCCAGTCGAACACCCGCTGG,0.66232
GTAACCAGCGGGTGTTCGACTGG,0.47068
AGTCGGAAGCCCCTGGCCAGAGG,0.57065
CGACGAATGCACCAATGTCCTGG,0.42819
TGGTGCATTCGTCGCTGAACAGG,0.35481
CTCCCCGCTAGAGTATGCTCAGG,0.62279
GGCGGCATTACCTTTATTCTTGG,0.18993
GTACTTGTCATCAAAGACCCAGG,0.79476
CATTCTTCGTCATGTTGCTGAGG,0.61798
TCACATTTGATTGCTTCCTCTGG,0.30472
TGATGACCTCTTCTTCTAAAAGG,0.32529
ACGTTGCAAAGGCGCTTAATCGG,0.25633
TGTTAGGGCATATTTGAAAATGG,0.37117
GTATAAGAACATTTGTCAACAGG,0.36494
TTAGGTGAACATAAAATCTCTGG,0.39902
TCATATAGGTACAGTAGCAGAGG,0.5517
ACTCTTACCTATGTTAATTGTGG,0.45711
AGATTTGATCCTTAAAACCACGG,0.5952
TCTTACCTCGATGACACCATCGG,0.61598
TCTTCTTCAAGTCCCCCTTGTGG,0.58875
CAAGACTTCAATTGAAGACCAGG,0.61142
ACCCAACAATACCACCGACCAGG,0.65613
ATCCCGCATGCTGGTGGCAATGG,0.31589
CGGTGGTATTGTTGGGTACCAGG,0.35891
CGTAATCATCAGCGATCCCTTGG,0.41523
AACTCACCTCTACGAGGAACTGG,0.37874
GCATGTCGACTTCTCCTCGGAGG,0.83376
CATGTCTGTCATCGCCCACGTGG,0.64832
CATGCCCGGGGGAGTCAATGAGG,0.5933
TGATGCCCGCCTTGCACACCAGG,0.35113
GAGGTCTCACCCTTGATACAAGG,0.69062
TCTCACCTCGATGACGCCTTCGG,0.39498
GCAGGTACCCTGCAACGTCGCGG,0.76998
CTCCACTAGTCCCCGCGCCGCGG,0.69913
GACTCCGTTGGGATCCGCGCCGG,0.66303
CCCGAAACGGTTGACTCCGTTGG,0.42426
AGGCGCGCGATCCAGGTAGCTGG,0.33059
CGGGGCCACCGCGACGTTGCAGG,0.2493
TACACCATTGCCAAGTTCAGCGG,0.66588
CCACTATTTCTCCATCGATGAGG,0.62223
CCATGCCCGCATAGATGCCGCGG,0.53261
TGGGCCATCGCGATGTCGCACGG,0.51865
GACCCGTGCACGACGCTGCCCGG,0.36474
TTGTAGAAGCAGGCATGCGTAGG,0.53357
TCTTGGTGACCCTCCGGATTCGG,0.3252
AAATGATCGGAAACCATTTGTGG,0.39028
TCGGGTGAGAGTGGCGGGGTCGG,0.40365
GGCCGCACGCGCGCCGAATCCGG,0.19765
GAGCTTCAAGCACCTGACTGAGG,0.61886
TGTTGGCCTTGTCCTCAGTCAGG,0.3852
ACTTCCAGTCTCGTCTGCGGAGG,0.65282
GCAGACAGTGATTGCCGTCAAGG,0.45205
TTTGAAGACCCCACCAGACCTGG,0.44467
CGAGACTGGAAGTGCCCGACAGG,0.47641
GACGACTTTACTGCCATCCGAGG,0.69518
TTCTCCCTAATTGCTTGCTGAGG,0.52495
ATCGACCTCAGCAAGCAATTAGG,0.32918
TGTTCACAGTATAGTTTGCCAGG,0.40376
ATACTGTGAACAAGCACTTTTGG,0.21771
GTTCACGCTCCAGTTGGCTCCGG,0.53256
GAAGCGGTCTCCGTGCTTGCTGG,0.27646
GCAGGCGCCGCTCATAGTCCTGG,0.53887
CCTCTACATTGACTTCCGACAGG,0.52286
ACCTATTCCGAGCAGAATTCCGG,0.21647
CACATTGAAGCGGAAAACCTTGG,0.51957
CATAGTAGCCCTTAGGTTCATGG,0.39822
TTGAAGTTATTAAAGTCTGTTGG,0.37043
AGGGTCTCTTGTTCCGAAGCTGG,0.44965
GATGCAGACGGTGACCGCCGCGG,0.72671
ACTCGTACACCCCCACTGTGAGG,0.82541
CGCCTGGAAGAGCCACGGCTTGG,0.49054
CTCTTCCAGGCGTCCGTGTGAGG,0.45427
AGGCCCATGAGAAGACGCACAGG,0.7192
CAGAGAAAGCCGATGCGCCCCGG,0.49198
GCTGCACTCCCGGCACGAGAAGG,0.48854
GCACGCGGCCGGGTCGGAAAAGG,0.33949
AGCGGCTCTAGTATCAACCCAGG,0.85717
GAATCACATGACGCATTGTCAGG,0.43064
TCGACAATGCGGGAGCGAGCAGG,0.51718
CCCGCGTGACCAGTCATTTGCGG,0.41462
GGATTAACACTGCAGAGTAATGG,0.5375
AATACACTTACCAGGATGATTGG,0.37455
CCTCCCATTTCCAATCATCCTGG,0.45021
GATGTCTTCATGAGTTACATAGG,0.60484
AGTCAAAAAACAGTATCCAGTGG,0.74853
ACCTCCAGTTGTGTACCAGAAGG,0.67681
GGCACCTTCTGGTACACAACTGG,0.46361
GACATCTGTAATTGCTTTAATGG,0.17868
ACTGACCTGCGTCCATGCTGTGG,0.76654
TTCACGATCGGGGGAGTGAAAGG,0.46083
CCCGATCGTGAAGCGCCTGCTGG,0.3078
CAGGTGCAGCTCAATCCAGCAGG,0.40031
GTATCAGATTGCTGTAACCAAGG,0.62086
GGACTGTATTCAGTATATCAAGG,0.65009
GAATCCACACCTTGTGGCGCTGG,0.42501
TCCAACATCGAGCAACATTACGG,0.36548
TACAACAGATCGTGTAATGACGG,0.55633
ACCCTCAAGTCTCCTGTGCCAGG,0.40452
TCCGTAATGTTGCTCGATGTTGG,0.50087
GCGCGTGCTGGACCCTTCCATGG,0.49956
ATGCCCGTCGCCGGTACTACCGG,0.43701
AGCCTATCCGCCGCTACCTGAGG,0.69476
ATCACAGCGGGGCCACCATGTGG,0.50227
CGGGGCACTTCCAATCCATCTGG,0.36388
CGTCGGGATGCACCAGCTCCCGG,0.50953
GCCCAGGAGATGCGTCGCCGCGG,0.55299
AATGAATATACCTCAAGCCTCGG,0.56662
CGGCGACTTGACCGGCGACGAGG,0.5407
AGATGAAACAAGACCTGCTAAGG,0.55234
CAGTGATTATGAGCAACCACTGG,0.65657
GGTTTCTGTCTAGATTCTCCTGG,0.52689
AATACCTGAATCTGTTGACTCGG,0.66274
TCCTCCGAGTCAACAGATTCAGG,0.30622
ATATGGTTCTTTGAGCAACATGG,0.58632
TTCAGGGGAAGTATTACAAATGG,0.36547
ACTCCTGTTCTGACCTCGCCTGG,0.35173
TGTTCGAGGTGAACCATTAATGG,0.32163
TCTGAACTTCCACGAAAAAGAGG,0.45271
AGTGCCCACTGAAACCATAAAGG,0.46174
AGTTCAGATGTTGATCAACTAGG,0.53615
TGATACCTTTATGGTTTCAGTGG,0.49814
GTCGGCACTGACCTCAGTACAGG,0.66769
ACGTTGAGTTTGGGTAAACCCGG,0.6486
CCATCATGCCGAGGGAGCGCAGG,0.47278
ATATTCCCGTACTTCTTGAAAGG,0.31806
TTGAAACGCATTCATCAGTTTGG,0.28159
AGTTATTGCTATGCCATATCTGG,0.337
GAAATCTTTGATCCCACACGAGG,0.76623
ACCTCCAGGCTGGTGCCTGATGG,0.32888
CATTCTAGGAGATACCCTCTTGG,0.68344
AAAATTTCAGACACAGTACAGGG,0.79389
ACAGCTCGTCGAACCGCTGCTGG,0.37349
GATGCCACAGTTCTCATCGTTGG,0.72522
CCCTCCGTAGGCAAGGTGCCCGG,0.4478
AATGTCTGACCTACAGGCCCTGG,0.40526
CGACGACTGCCCGCTGGTGTGGG,0.38773
ACACCGGATCCCTGATGTCTAGG,0.45818
GCCCAACAAATGCCGTTTACAGG,0.26434
CATTTGTTGGGCCGGAAGCCTGG,0.31918
ACCGAGATTCACATCCAGATTGG,0.39143
TGTACTCGAGCACGTTTCTTAGG,0.37933
CTACAATACCTCTCCAAACAAGG,0.41905
CAACAACGTTTGTGTTACATAGG,0.34663
GCGTGAGGTCGACCGCAACCAGG,0.64066
TTAGACCATCAACGCACTGAAGG,0.48241
GCCCCGCCCACTTGTGTTGCAGG,0.19426
GCCGTATTTCTACTGCGACGAGG,0.76652
AACGTTGAGGGGCATCGTCGCGG,0.50582
CTTCCGACCCCGAACTCCACCGG,0.56192
GTCCTGCAATACTTTCTTGATGG,0.38535
AACTGCCCGACTAACACCACTGG,0.52985
CGCCATCAAGAAAGTATTGCAGG,0.38703
CTCTTCAACTTCACCACTCAAGG,0.34917
CAAGCCAAACTTTGTGATTCAGG,0.19651
TTCTTTGTAGCGACTACAAGAGG,0.49861
CCTGACTACGGTACTCGATAAGG,0.447
GATCCCATCAAGTATAGCAATGG,0.63018
TGCTGTGAGTAAGTATACCATGG,0.62912
ACACAGAGCATCCACGTCCGAGG,0.67265
GTGTGCGTGCAAGATCCTTCAGG,0.34398
TGACCACGTGCAATATACGCTGG,0.63681
TGAAAACCTTTCATTTCTTCTGG,0.17477
CAATGACAAAATCGCCCTAAAGG,0.31672
GGAGCCTGTCACATTATTTGAGG,0.45721
GCAGGCCGTGGAAGAGCTAATGG,0.52785
TTCAAGCTCGCTGCCAGCATCGG,0.29472
ACTACTGCCCATTCCGATGCTGG,0.42451
CACCCTCAACAGAATGGGGAAGG,0.40436
AACGCTTTACCGCATAGAGCCGG,0.57107
CACCTTGAAGACCTCTCCGTAGG,0.69564
CGCCCCGGAATGACACCCGCCGG,0.47655
TACTTCCGCCACGCAGAACCTGG,0.36103
CAACTTGCGGGCCCGGTCCTTGG,0.15711
CCTACCTGCCCAGCTCCCGCAGG,0.53082
GGATCATGGAAGCCAGCTCCAGG,0.43694
TGAACACAGCTGTCCCAGATCGG,0.53701
GAAAAACTGCCTGCTTAAGCCGG,0.32422
ACACCGCCTGTGATTTGGCCAGG,0.32381
AGTTGGCGTCCGCAGCTGCCAGG,0.34772
CCCGATTTGAAAGACCGAACTGG,0.35707
ACAAACTAGTAAGTTGCTCTAGG,0.49339
GAGATTCTTCCATCAACTCATGG,0.52797
AGTCATGGCAGTGCCCTTTGTGG,0.45868
CTGGGACTTGGTGCAAACCCTGG,0.39613
AATCTCTGAGCATCTGGTTCAGG,0.36079
TGCACGTGACTACTTTCAAATGG,0.45499
GCGCTTCCCCCAGATAAATATGG,0.37192
AAGTAGTCACGTGCATCATCTGG,0.35293
CAGCGCCCGTCCAACAACCGCGG,0.6687
TGAAGTACCAGACTACCATGAGG,0.91082
ATTGACATGTCCATAGTATGTGG,0.86967
GCGCTGGCGGTACTGAAGTCCGG,0.41518
AATGGCTGCGAGTACCTCCATGG,0.58459
ACCGCCTCCGCCTATTACAGAGG,0.65667
ACAGCGATTTCTCAGATTTGCGG,0.35787
GGCGGTTGCAGCTCGGCCAGAGG,0.49775
GCACCAGGAGGTGTCTTGTTTGG,0.29772
ATTTAGTGAACATCCAATTCAGG,0.31239
CTGACCCCAAGCAGTTGGAAAGG,0.39054
GTTCGTGGCCTCTAAGATGAAGG,0.5305
CGAAGGTCTGCGCGTGTTTGCGG,0.25995
TTCGTTGCCCTCTGTGCCACAGG,0.41263
GTCTTGCGTCCCCACCCGAAAGG,0.54239
GGCTCTTACCTGTAGCACAGAGG,0.77524
CCCGCCATCCATGATCGCCACGG,0.52397
TGTGACATCTGTAGGAGTGCTGG,0.6203
CTCTCTGCCCCGTGACCGACAGG,0.45505
CGCAAGACAGGTAGCGATCCAGG,0.40395
CCCCAGCGACCCCGATAACGTGG,0.73248
CATCCTGCGCGTCAGCAACCCGG,0.45529
TCCTTCCATTGAGATGAATGTGG,0.65398
CGCGTGTAGGATGGATAAGGTGG,0.49687
CAGCGTCGGTCTCCAAGAGCAGG,0.46422
AGACACTCACCGGCATAGACTGG,0.48029
CAGACGCTTCCAGTCTATGCCGG,0.61802
CTCACGTCTGCTCCGCCATGTGG,0.46253
GACTCTGCTAAGCAGCCAGAAGG,0.67851
ATCAAGTCTATAGCGCCTCTTGG,0.42893
AGAGTTGCTGCCCGCCTTGAAGG,0.45421
CTCCCCGTCATATTCGACTTTGG,0.39178
TACCTACGGCAAATTGTGCTTGG,0.37327
CAAGAAAGGGCACAGTTTCGAGG,0.46079
TCAAACGTGCGAGTGTCTAACGG,0.36494
ATTGCTCCGCTAACCCCGTCTGG,0.39878
TTTACGTTTGACGTCTTCTGAGG,0.58854
TTCCCCAAATGCCGGTTCTGTGG,0.56319
TTACATGGCACCTAGCTGCAAGG,0.66656
CATGTCGTTACCTTGCAGCTAGG,0.60741
ATATTACTTACAGGATTACTAGG,0.47709
TCCCATTTAGGTATATCAGCTGG,0.49566
AGCCAGAGATTGAGAAATCGAGG,0.50381
CTGCTGAAGAGTATTGTTACAGG,0.35229
ATGATCCGCCCTTGCCTTAAAGG,0.16641
CCACCTCGCAGAGCTACACGCGG,0.73611
GGTGACGCCGTACAAGATCGCGG,0.89126
GTTTCTGCGTCACATGATCTTGG,0.44037
TGTTCATGCTCAGCAACATCTGG,0.32442
TCTCATCCTCTACGTGCGCGAGG,0.73828
CATCGCACACGCTGATCTTCAGG,0.21987
CAGCGTGTGCGATGCCGTCCTGG,0.36933
CTCTGTAACTTCGAAAACCCTGG,0.5437
AATAAAGCCAACCGCTGTTCTGG,0.34066
TATAGGATCCAACGCATGCCTGG,0.50633
CTGTCCAGAAGTGAATGTGATGG,0.87872
GTGACCATCACATTCACTTCTGG,0.33497
ATGATCTAGTCCTCCACTCCAGG,0.57991
GGGTTCCTAGTACTGCAATTCGG,0.38715
TTCGTCATCCAAATATAGTCAGG,0.43695
ACACCATTCGTAACGTTGCCCGG,0.4147
CTGGATACGGAGATCCCTAATGG,0.47541
TTACGTCAATGATATCGTCTTGG,0.52992
ACATACTCTAAGTCAGGCAGTGG,0.70916
AGGTGTGGTTGACCTGCCTGAGG,0.71446
CTTCATTACAGTCTGCAAGAAGG,0.55451
CATAGGTGAAAATGGCATTACGG,0.37352
TTATCTTAATAACTCAGTAATGG,0.37954
TAACTTACCACAACAGATCTTGG,0.40373
ACATACTCACATTATTATCCTGG,0.3586
GGTATTGCGACATCCTCATAAGG,0.45488
CCATTGTCTTGTTCAGGTTCAGG,0.23702
CTGCAGGAAAATGGACAGTGAGG,0.68228
AGAAGACAAGCTGCCTTATGAGG,0.41757
AGTACACTCTTCTGAAGTAGCGG,0.71777
CAGAAGAGTGTACTGTCGCATGG,0.41967
GTTATCAACCACAATATCCCAGG,0.63047
CGGCCTCTCCGCACGCACCACGG,0.53376
TCTCCGTGGTGCGTGCGGAGAGG,0.6168
GCACACTCACCGTCGGGCGTCGG,0.60243
CAGAGCAGCACAAGTAGCTAAGG,0.48481
CCACGGGTGTAAGTGCCATCTGG,0.44799
GTGCCACATCCCGAACTGACCGG,0.50578
ATCTCGGTGAACGATGCAATTGG,0.3992
CTTGCCAGCCGAAACGATCAAGG,0.53475
TTTCAGGCGCATCCAGGATACGG,0.46501
TTCCCTGCCAGACCGTATCCTGG,0.45415
TGCACTTACAATAGTCATTTCGG,0.26971
ACCTTTCTTGTCATCACCAGCGG,0.65376
GCCGCTGGTGATGACAAGAAAGG,0.6213
GCCCATCCTTAGCAACCACACGG,0.56804
GATACTACCTAGAGGATTGAAGG,0.42112
AAGAAGCCTTAAGACACCCGTGG,0.71251
CTGTTGGAGAAATCACCAACCGG,0.61002
TGAATCCACAGCTCTACCCCAGG,0.74131
AGCCCTCCCTTGCCTTCCTCTGG,0.27497
