AAGAGAGACAGTACATGCCCTGG,0.71978
TGTGTACCGCGTGATGGCAGTGG,0.86479
GATGGGCTTCCCGGTCATCACGG,0.64473
GTACAGGCCCCTGTCATTGGGGG,0.69874
AAATAATACCAACAACTGGAGGG,0.72158
GCCCTGCTTGAATACGTCCTCGG,0.66274
TGCCCGATTGATGACAGGGATGG,0.65504
GCCATCTCTGATGGATGTGATGG,0.57713
TTGAACTCGGCCTTCATGGCCGG,0.62458
CTACCGCAGCGAGTACATGGAGG,0.82576
CAGGTAGATGGTGTTCTGGTAGG,0.63
CCCGCACGGTGGTGGGGAGTTGG,0.49496
GCGGTTCATGATGTCCCGCACGG,0.84081
CCTGTGGGACCACCTGCAGGAGG,0.68979
TGTACTGTCTCTCTTCAATCAGG,0.52048
TTTGGGAAGCATGTTGGACAGGG,0.64583
CATTGACAAGACTGAGCTGGTGG,0.64103
GAATGATGTGTACCGCGTGATGG,0.74208
TGACGCCATCTCCTACAGCAAGG,0.80658
CCAGCAAAGAAGTTAAGGATGGG,0.68805
CGGGTTTCAGCGTGTTGGGGAGG,0.60835
GATTATGCCCTGAACGTGACGGG,0.59497
CAGCAGCAACAAGGAGCGGGTGG,0.70226
TGGCCGGCTCATCGAAGCATGGG,0.70768
CAGCGAGTTCGAGGGGGAGTTGG,0.51854
GATAAGCGTGATGTTGAACTCGG,0.6152
GTCTCTCTTCAATCAGGAAGAGG,0.55994
TACCTCACCCCCAATGACAGGGG,0.66281
CATGATGTCCCGCACGGTGGTGG,0.57074
GTTCGACTACGTGGAGAAGCAGG,0.59445
CCCCTGGGGCAGGTACAGCGAGG,0.69912
CAGGTCATTCCACCACTCTATGG,0.58244
CATTAATGACGCCTTCAACCTGG,0.63496
TGCTGCTGGAGGAGGACAGGGGG,0.63489
GATGGACAGCGAGTTCGAGGGGG,0.79962
CGCCTCGGAGATCAACACGCCGG,0.75261
CTTCATGGGGCCATAGACCTCGG,0.62649
CTCACCTTTGGGAAGCATGTTGG,0.53602
CCGAGGCGGGTGTGGACAGCGGG,0.58432
GCAGACAGCAGCAGGACTACTGG,0.53519
ACAGGGACCTTATGGGCACTGGG,0.57571
ACCAGCAAAGAAGTTAAGGATGG,0.68338
TGTAGTTGAGCTTCTTGCTGTGG,0.70094
AACAGCTCACTGATCTGGGCCGG,0.57101
GCTGAAACCCGATTCCTACCGGG,0.67535
GAAGGACAGCCAGTATGAGATGG,0.84553
GACAGGGACCTTATGGGCACTGG,0.51636
TATTTCTGAAGTGAATGAAGAGG,0.60853
GTGCACCACCAGGTACTCGGTGG,0.661
ATGGCCGGCTCATCGAAGCATGG,0.59551
CTTGGAAATATAGAAGCCCTTGG,0.59599
TGTGCTGAAGAGATCGTTCTGGG,0.617
CTGTCCAACATGCTTCCCAAAGG,0.61718
GGGAGCCTCCCACACCACGCAGG,0.55533
CCTGCTGAACCTCAATGTGACGG,0.6069
CGAAGCCCTCGTTCAGCCACAGG,0.54732
GTGCATCCACTGCCATCACGCGG,0.82931
GTTGCTGCTGGAGGAGGACAGGG,0.52575
TGCAACGCTATCGCCCAGGGCGG,0.66351
CGGTGGACCGCAGGTTGGGGTGG,0.52359
TGCACACGGCTGCCACGCCCAGG,0.51261
GTTTCAGCGTGTTGGGGAGGCGG,0.63847
ATGATGTCCCGCACGGTGGTGGG,0.56883
GGAACCTGGTGACCATAGAGTGG,0.75444
GAGATGGGGGTCTACCTGGTGGG,0.57341
TTTCTGAAGTGAATGAAGAGGGG,0.69411
GCCTCATACCAAGACACCATTGG,0.62321
GGTGGCAGACACTCACCGAGTGG,0.83971
TGCGGAGCCCACCTGGAACTTGG,0.51843
CACCCTCAGCCAGGGGCACAGGG,0.55007
CAGCAGGGAGTTCTCCCGGTAGG,0.66443
CTGCTCACTTGAATTCTGAGGGG,0.7316
GTTGATCTCCGAGGCGGGTGTGG,0.55496
TCCACCACTCTATGGTCACCAGG,0.62421
CGAGATGGGGGTCTACCTGGTGG,0.60891
CGGTCTCAGCGTCACCCGGTAGG,0.66838
TGCTACTGACCTCCTGCAGGTGG,0.66106
AATCGGGTTTCAGCGTGTTGGGG,0.58707
CAGCACATCAGGCAATGAGTGGG,0.8658
GAGGAAGTGCTCCTGGGAAAGGG,0.5083
ACACATCATTCAGCACCATGAGG,0.72263
TACCGCAGCGAGTACATGGAGGG,0.76727
CCTCAGCCAGGGGCACAGGGTGG,0.62781
GGACAGGGGGTCGAACAGCAGGG,0.573
CGACATTGACAAGACTGAGCTGG,0.58529
GTTGGGGTCTTCTGGAAGTGGGG,0.64264
GTAGGCAAAGGTGTGGAGGTAGG,0.5945
AGCGGGCTGCACCTTGCTGTAGG,0.48958
AGACTTCAACGCCGGCGCCATGG,0.58699
CATCACGCTTATCCACCCCAAGG,0.85669
AGGGTGGTCCTGCGTGGTGTGGG,0.4643
CACCGTCCGTTTCACCTGCAAGG,0.45832
AATATAGAAGCCCTTGGCCATGG,0.5367
AGGGTGCAGTACTCACCGCCAGG,0.5098
GACGTCAGTGGCCTCCTTGCAGG,0.48164
CCTGAGGACTGAGGCGCCCTGGG,0.42509
ACGGGGTGGTGGAGGCCACGGGG,0.55063
TGCGGGACATCATGAACCGCTGG,0.6249
CAATGTGACGGGCTATTACCGGG,0.5448
GTGGTCCTGCGTGGTGTGGGAGG,0.54867
AGAGAGACAGTACATGCCCTGGG,0.86204
CTCAACTACACCCTCAGCCAGGG,0.61471
ACACCCTCAGCCAGGGGCACAGG,0.43047
GAAATAATACCAACAACTGGAGG,0.57035
CGAGGTCTATGGCCCCATGAAGG,0.63648
CACCCTGTGCCCCTGGCTGAGGG,0.51978
CTTCGATGAGCCGGCCATGAAGG,0.54784
CTGGCTTACCAAGTTCCAGGTGG,0.64783
GTACCTGGGTGCTGACTATGCGG,0.57595
CCAGAACTACCTGAAGAAGCAGG,0.56279
CAGCACGGGGACCCTTTCCCAGG,0.49396
GGAGCCCACCGAGTACCTGGTGG,0.89536
TCCAACTCCCCACCACCGTGCGG,0.78892
GAGATGGACAGCGAGTTCGAGGG,0.59655
GAATGACCTGTGGCTGAACGAGG,0.51222
CACGGTGGTGGGGAGTTGGATGG,0.48655
TGAAGTAGCTCAGGCTGCTCAGG,0.4237
TGCCCTCCATGTACTCGCTGCGG,0.63791
ACACGGCTGCCACGCCCAGGAGG,0.61891
ATCAGCACCGCCTGCTCCAACGG,0.43817
TGTCAGTGAGTTCGACTACGTGG,0.63749
GTACCTGGTGGTGCACCTCAAGG,0.49626
AGCCCTTGAGGTGCACCACCAGG,0.53695
TCACGGTGGATACCAGCACGGGG,0.92546
TTGCTGCTGGAGGAGGACAGGGG,0.56706
CGTACAGGCCCCTGTCATTGGGG,0.4608
TCACTTGAATTCTGAGGGGCGGG,0.46933
CAACGGAGTTCCAGAGTGTGAGG,0.53944
GTCAAGGAGGAAGTGCTCCTGGG,0.47978
GGCCCGGCCCAGTGCCATTGCGG,0.45364
GAGGATCCCCAGGATGCCCAGGG,0.54805
GGGTGTGGACAGCGGGTGGGAGG,0.46134
TGTTCTGGTAGGCAAAGGTGTGG,0.69577
CTTCTACCGCAGCGAGTACATGG,0.54894
GACCGGGAAGCCCATCTGCAGGG,0.77444
GAACCGCTGGACCCTGCAGATGG,0.4389
GGACGTATTCAAGCAGGGCCTGG,0.42699
TTCTATATTTCCAAGTCCCTGGG,0.43523
CTGGGGACTGGTGACCTACCGGG,0.52835
GAACCTGTGGGACCACCTGCAGG,0.44871
AATGACCAGCAAAGAAGTTAAGG,0.43942
GGAGTTGGCAGATGACCTGGCGG,0.64621
CAGCTCAGTCTTGTCAATGTCGG,0.45485
GGCGGGTAACATTGGAATCGGGG,0.57513
GAATTTGCAGAAAGACCTCATGG,0.61001
TCAGCTGCAGAGAGACCACTCGG,0.81097
CTCCTTGCAGGTGAAACGGACGG,0.65039
GAACGCCAACAGCTCCCCCGTGG,0.55198
CATTGGAATCGGGGTCAAGGAGG,0.58549
CTGCTGTCTGCCATCTCTGATGG,0.3529
CGAACAGCAGGGAGTTCTCCCGG,0.51215
GAGTTGGCAGATGACCTGGCGGG,0.55814
CCTCCAGCAGCAACAAGGAGCGG,0.50582
TGGTGGGGAGTTGGATGGACCGG,0.52592
CGTACCTCACCCCCAATGACAGG,0.4512
CCGCCGCAATGGCACTGGGCCGG,0.3364
CTCACACTCTGGAACTCCGTTGG,0.64014
GGTGGAGCCCACCGAGTACCTGG,0.43897
GTCAAACAGCTCACTGATCTGGG,0.42131
CACCATCTACCTGAACCTGTGGG,0.56998
CCTTCACCAGGGAGCCCTTGAGG,0.47819
ACACTCACGGGTTATTATTGGGG,0.53216
GAGGTGCACCACCAGGTACTCGG,0.52696
CTGCTGAACCTCAATGTGACGGG,0.49574
TACTGGCTGATAGATGTAAGAGG,0.55052
GGGCACAGGGTGGTCCTGCGTGG,0.47193
TGTGGACAGCGGGTGGGAGGAGG,0.41411
CCAGGATCCACCCCAACCTGCGG,0.73964
GGTGGCCACTACACAGATGCAGG,0.48174
GCAGGACCACCCTGTGCCCCTGG,0.40638
GGAGGCCACGGGGGAGCTGTTGG,0.38799
AGCGTCACCCGGTAGGAATCGGG,0.47643
CCCGCTGTCCACACCCGCCTCGG,0.45163
CTCACTTGAATTCTGAGGGGCGG,0.52834
GGAGGATCCCCAGGATGCCCAGG,0.38024
AGATGGACAGCGAGTTCGAGGGG,0.588
CACTCACCTGGCCAGGTTGAAGG,0.39749
TAGACGGTGGACCGCAGGTTGGG,0.41898
GTAGCTCAGGCTGCTCAGGGCGG,0.79669
CCAAGGTGGTGGCCGAGGCGGGG,0.43033
GATGTTGAACTCGGCCTTCATGG,0.43695
AGACGGTGGACCGCAGGTTGGGG,0.46294
GCTCAGTCTTGTCAATGTCGGGG,0.48294
GGCTGCTACTGACCTCCTGCAGG,0.42729
ACTGGGGACTGGTGACCTACCGG,0.42781
CGGGGTGGTGGAGGCCACGGGGG,0.53383
CAGAGATGGCAGACAGCAGCAGG,0.42921
GAGACCATCTCCTCACACTCTGG,0.51245
AGTTGGGGTCTTCTGGAAGTGGG,0.41897
TGCACCACCAGGTACTCGGTGGG,0.80737
GGAGGAAGTGCTCCTGGGAAAGG,0.32117
GCCTCCTACGTGGAGTACCTGGG,0.49946
GTCCTCCTCCAGCAGCAACAAGG,0.50836
CTGTCATTGGGGGTGAGGTACGG,0.36153
CCACCCTGTGCCCCTGGCTGAGG,0.34801
AGGCGGGTGTGGACAGCGGGTGG,0.46141
ACACCATCTACCTGAACCTGTGG,0.56378
GGGGGAGTTGGCAGATGACCTGG,0.41769
ATCTGTGCCCGATTGATGACAGG,0.36465
CCGTCACATTGAGGTTCAGCAGG,0.46699
GCTCATGTTTGACCGCTCCGAGG,0.76828
CCGCAGGTTGGGGTGGATCCTGG,0.3598
GTACCTCACCCCCAATGACAGGG,0.52177
AACTCAGTGACATTCCAGTTGGG,0.41493
TGATGTCCCGCACGGTGGTGGGG,0.49515
CGCTGCGGTAGAAGCCCGCCAGG,0.51226
CTCCAGCAGCAACAAGGAGCGGG,0.46754
TTTACTTTGGTCCAAGGTGGTGG,0.47835
GACGGGGTGGTGGAGGCCACGGG,0.35228
TCAGAAATAATACCAACAACTGG,0.40464
TGAGATGGACAGCGAGTTCGAGG,0.45965
ATCACGGTGGATACCAGCACGGG,0.74589
CTTCTATATTTCCAAGTCCCTGG,0.40685
CAGTTGGGGTCTTCTGGAAGTGG,0.38401
GATGGTGTTCTGGTAGGCAAAGG,0.48633
CGAAGCATGGGAAGGACTTCCGG,0.24825
CCAAGTCCCTGGGCATCCTGGGG,0.43439
AGCAAGTACGTGGACATCTTGGG,0.35361
AACCGCTGGACCCTGCAGATGGG,0.45068
GGGGTTGGTGGTGGCTGAGGCGG,0.40543
GATGGGGCCCGTCACGTTCAGGG,0.41172
CTGGGAAAGGGTCCCCGTGCTGG,0.34384
TAGAGTGGTGGAATGACCTGTGG,0.8866
CCAACTCCCCACCACCGTGCGGG,0.69908
CCACGCCCAGGAGGATCCCCAGG,0.41927
CCACGCTTTACTTTGGTCCAAGG,0.40868
ACTCGCTGTCCATCTCATACTGG,0.48768
CAGCTGGCTTACCAAGTTCCAGG,0.33771
GCAGGCATCCAATGGTGTCTTGG,0.4585
CTGACTATGCGGAGCCCACCTGG,0.40652
CTGCACCTTGCTGTAGGAGATGG,0.36645
TGGGATCTCCCTCCAGTTGTTGG,0.33365
GGTGGCTGAGGCGGACGGGGTGG,0.39725
ATACTGGCTGTCCTTCACCAGGG,0.88342
CACAATCATCGCACTGTCAGTGG,0.41131
TCTGCTCACTTGAATTCTGAGGG,0.43878
GGAATCGGGTTTCAGCGTGTTGG,0.3957
TCAATGTGACGGGCTATTACCGG,0.312
GTGGCCCGCCGCAATGGCACTGG,0.35342
CTGGTATCCACCGTGATGACCGG,0.43278
ATGGCGCCGGCGTTGAAGTCTGG,0.41635
CATGCACCTCCGTACCTTCATGG,0.32707
CTGGCAGGCCAATCTGGTCTGGG,0.31618
ATTTCTGAAGTGAATGAAGAGGG,0.42236
TCAGCACATCAGGCAATGAGTGG,0.79054
TGGCCCGCCGCAATGGCACTGGG,0.36832
CTTCCCATGCTTCGATGAGCCGG,0.41998
TACCTGGTGGTGCACCTCAAGGG,0.45106
AGATGCAGGCTGCAGATGCCCGG,0.40044
GGTGGTGGCTGAGGCGGACGGGG,0.37792
GGGGCGGGTAACATTGGAATCGG,0.33614
TGCTCATGAGCTGGCCCACCAGG,0.36089
GGCCGAGGCGGGGTTGGTGGTGG,0.29215
GACAGGGCTGTCAGGTCCTTGGG,0.22133
GTCCAAGGTGGTGGCCGAGGCGG,0.33806
AGCCCATCTGCAGGGTCCAGCGG,0.68371
TTGGTGGTGGCTGAGGCGGACGG,0.34444
AGCTCAGTCTTGTCAATGTCGGG,0.29271
CAGCGTCACCCGGTAGGAATCGG,0.3218
GGCGTTCTTGTTCTTCTCCTGGG,0.32898
ACGCCGGCGCCATGGAGAACTGG,0.33676
CAGTGCGATGATTGTGCACACGG,0.44404
ATGTGCTGAAGAGATCGTTCTGG,0.39438
TCCGAGGACGTATTCAAGCAGGG,0.51861
ACACCTTGCAGATCCGGATCTGG,0.32363
GGTTCAGGTAGATGGTGTTCTGG,0.38903
CGTGATGGCAGTGGATGCACTGG,0.74539
AACGTACAGGCCCCTGTCATTGG,0.30683
CACCTTGCAGATCCGGATCTGGG,0.35818
TCTTCTGGAAGTGGGGTGCTGGG,0.3474
GGTCAAGGAGGAAGTGCTCCTGG,0.32595
GCATGTTGGACAGGGCTGTCAGG,0.2955
GGAAGTGGGGTGCTGGGACCTGG,0.21259
GGCATCCTGGGGATCCTCCTGGG,0.29114
CGCCATGGAGAACTGGGGACTGG,0.41248
TCTGGCAGGCCAATCTGGTCTGG,0.24259
TTCCTGTTGGGGCAGGGTGGTGG,0.32341
TCTGTGCCCGATTGATGACAGGG,0.88211
GGTGGTGGCCGAGGCGGGGTTGG,0.31167
CGCTTTACTTTGGTCCAAGGTGG,0.49086
GGGCGGGTAACATTGGAATCGGG,0.30831
ACCCACAGGCTGTGAACAACCGG,0.4142
GGAAGCTGGAGAGCATCCTGAGG,0.49156
CAGCAAGTACGTGGACATCTTGG,0.37484
CCAGAGTGACAGGGACCTTATGG,0.29634
TGAGGCGGACGGGGTGGTGGAGG,0.35042
GGCAGGGCCCACTCACCTTTGGG,0.2706
ATCGCCTCCCCAGACCAGATTGG,0.33937
AGCACCCAGGTACTCCACGTAGG,0.82023
GCTCAACTACACCCTCAGCCAGG,0.43594
GGTGCACCTCAAGGGCTCCCTGG,0.37258
CTCAGTCTTGTCAATGTCGGGGG,0.32051
GGCTGAGGCGGACGGGGTGGTGG,0.28688
GTCCCACAGGTTCAGGTAGATGG,0.40168
CCTGCTTCTTCAGGTAGTTCTGG,0.26387
TTGTTCAGCGCCAGAGTGACAGG,0.27022
ACGTACAGGCCCCTGTCATTGGG,0.26258
TATCGCCCAGGGCGGGGAGGAGG,0.33268
CGCTATCGCCCAGGGCGGGGAGG,0.34939
CATCACGGTGGATACCAGCACGG,0.7179
GAATCGGGTTTCAGCGTGTTGGG,0.29326
CAGGGTGGTCCTGCGTGGTGTGG,0.31189
TAACATTGGAATCGGGGTCAAGG,0.34008
GGATGGGGCCCGTCACGTTCAGG,0.28623
GTTTATTCCCAGTGCCCATAAGG,0.2487
TGAAGTCTGGCAGGCCAATCTGG,0.25602
TCTCCATCCACTGCTTGAAAAGG,0.3253
AGGACAGGGGGTCGAACAGCAGG,0.26752
GTCCGAGGACGTATTCAAGCAGG,0.44234
CGCCGGCGCCATGGAGAACTGGG,0.29433
GCTCCGCATAGTCAGCACCCAGG,0.8021
GGAGATCCCAGAAAACCTGATGG,0.5096
GCAGGTGGTCCCACAGGTTCAGG,0.25343
GTCTTCTGGAAGTGGGGTGCTGG,0.23061
CCGCTCCTTGTTGCTGCTGGAGG,0.27496
GGCGGGGTTGGTGGTGGCTGAGG,0.27818
CTGCTCAGGGCGGCCTCCCAGGG,0.27261
GAAGCATGGGAAGGACTTCCGGG,0.34675
TGGCGTTCTTGTTCTTCTCCTGG,0.23924
AACGATTCCACGCTTTACTTTGG,0.28701
TTCTGAGGGGCGGGTAACATTGG,0.28782
CCTCAAGGGCTCCCTGGTGAAGG,0.62157
GGTGGCCGAGGCGGGGTTGGTGG,0.30762
CACTGGGCCGGGCCCAGATCCGG,0.2525
GCAGGTGAAACGGACGGTGCTGG,0.34688
CAGAGTGACAGGGACCTTATGGG,0.31775
CCCCGCCTCGGCCACCACCTTGG,0.26785
CGCTGAAACCCGATTCCTACCGG,0.25507
CCCAGGGCGCCTCAGTCCTCAGG,0.24195
CGTCAAACAGCTCACTGATCTGG,0.23228
ATCTGCTCACTTGAATTCTGAGG,0.36691
CCCCAGGATGCCCAGGGACTTGG,0.2069
GTTCATGATGTCCCGCACGGTGG,0.91898
CTACTGCAACGCTATCGCCCAGG,0.70123
TGGCCTCCTTGCAGGTGAAACGG,0.27406
GGACGGGGTGGTGGAGGCCACGG,0.24854
CCCTACCCACTCCCAAAATCAGG,0.27885
CTTGTCAATGTCGGGGGGCTGGG,0.21725
CCCATCCTTAACTTCTTTGCTGG,0.21257
TTTGACCGCTCCGAGGTCTATGG,0.37445
TTGGTCCAAGGTGGTGGCCGAGG,0.32541
CGCCGGCGTTGAAGTCTGGCAGG,0.31361
CTGCTTCTTCAGGTAGTTCTGGG,0.21068
TGTTGCTGCTGGAGGAGGACAGG,0.21453
TCCGAGGCGGGTGTGGACAGCGG,0.66833
GGCCATCCCTGTCATCAATCGGG,0.33035
GGAGAGCATCCTGAGGACTGAGG,0.46167
TTCCAAGTCCCTGGGCATCCTGG,0.21347
TACGTCCTCGGACAGGAAGCTGG,0.41166
TCCAAGGTGGTGGCCGAGGCGGG,0.23777
GGACAGGGCTGTCAGGTCCTTGG,0.20676
CTCCCACTCACTGGTCCATCAGG,0.20842
TGGTGGTGGCTGAGGCGGACGGG,0.20394
CGCCTCCTACGTGGAGTACCTGG,0.27043
CTTTGGGAAGCATGTTGGACAGG,0.30225
GTGGAGAAGCAGGCATCCAATGG,0.74492
CTCCTTGTTGCTGCTGGAGGAGG,0.27946
AGCCACCACCAACCCCGCCTCGG,0.33754
ATGCACCTCCGTACCTTCATGGG,0.27682
CACTGTGATTGCTCATGAGCTGG,0.26296
CGGCCCAGTGCCATTGCGGCGGG,0.26186
CCTCCTGCAGGTGGTCCCACAGG,0.35883
TACTGCAACGCTATCGCCCAGGG,0.48481
TCTTTAATTGCAGCTACGTGTGG,0.37217
AACGATCTCTTCAGCACATCAGG,0.21767
CCCTCCCCCCACAGTGGTTCGGG,0.1828
GGCGGGTGTGGACAGCGGGTGGG,0.69704
CACCCGCTCCTTGTTGCTGCTGG,0.19074
GACACTCACGGGTTATTATTGGG,0.17591
CCCCTCCCCCCACAGTGGTTCGG,0.19457
GGCCCCTGTCATTGGGGGTGAGG,0.27794
ACATTCCAGTTGGGGTCTTCTGG,0.16298
GACCCCCACTCACCTGATTTTGG,0.17222
ATGACGCCTTCAACCTGGCCAGG,0.35986
CCTGGGGATCCTCCTGGGCGTGG,0.2721
CACTTCCAGAAGACCCCAACTGG,0.24922
TCTTGTCAATGTCGGGGGGCTGG,0.16969
TCAGTCTTGTCAATGTCGGGGGG,0.74664
GGGGTGTGACCTGCTTCTTCAGG,0.23931
CAACGCTATCGCCCAGGGCGGGG,0.33367
AGCGGAGCACTCACCTGGCCAGG,0.34769
TCCAAGTCCCTGGGCATCCTGGG,0.15759
CGCCGCAATGGCACTGGGCCGGG,0.15408
GAAGTGGGGTGCTGGGACCTGGG,0.27782
GAGTGTGAGGAGATGGTCTCTGG,0.26977
AGGCCATCCCTGTCATCAATCGG,0.24144
GACCCTGCAGATGGGCTTCCCGG,0.21294
AGACACTCACGGGTTATTATTGG,0.14564
GTTGGAGCAGGCGGTGCTGATGG,0.71501
GGGCATCCTGGGGATCCTCCTGG,0.18906
GGCGATAGCGTTGCAGTAGACGG,0.36641
TGGAGCCCTTAAAAACGTACAGG,0.3514
CGATTATGCCCTGAACGTGACGG,0.34637
AGTGCCATTGCGGCGGGCCACGG,0.20792
GCTGCTCAGGGCGGCCTCCCAGG,0.1992
CCTTGGACCAAAGTAAAGCGTGG,0.73471
CCCATCACATCCATCAGAGATGG,0.68741
TCTCTTCGTCGTAGTTCACCCGG,0.71907
GCTCTCCAGCTTCCTGTCCGAGG,0.73183
TGGCTTACCAAGTTCCAGGTGGG,0.84647
CGTCCGTTTCACCTGCAAGGAGG,0.81268
GTAGACGGTGGACCGCAGGTTGG,0.76348
TGACCGGGAAGCCCATCTGCAGG,0.6153
TCCTGAGGACTGAGGCGCCCTGG,0.51554
TGGAACTCCGTTGGAGCAGGCGG,0.71629
TGTTCAGCGCCAGAGTGACAGGG,0.78985
GGTAATAGCCCGTCACATTGAGG,0.73767
GGGCTTCCCGGTCATCACGGTGG,0.79587
CGTATTCAAGCAGGGCCTGGCGG,0.79111
GTACGTGGACATCTTGGGCGTGG,0.64365
AATGACCTGTGGCTGAACGAGGG,0.89979
ACTGTCAGTGGTGTACTCCCAGG,0.75351
TCAACTACACCCTCAGCCAGGGG,0.82165
TGCACCTCCGTACCTTCATGGGG,0.74836
TGGTATCCACCGTGATGACCGGG,0.76944
ACCCAGGTACTCCACGTAGGAGG,0.8266
CGAGGGCTTCGCCTCCTACGTGG,0.70874
GCCGGCGCCATGGAGAACTGGGG,0.75985
TCTCTCTTCAATCAGGAAGAGGG,0.72248
CGGCGTGTTGATCTCCGAGGCGG,0.70137
TGGGGCCATAGACCTCGGAGCGG,0.80189
GAGACAGTACATGCCCTGGGAGG,0.84264
GGTACGGTCTCAGCGTCACCCGG,0.7116
GTCGAACTCACTGACAATGAAGG,0.65188
AATGAAGGCCAGCAAGTACGTGG,0.7618
ACTCAGTGACATTCCAGTTGGGG,0.69846
GCAACGCTATCGCCCAGGGCGGG,0.62172
GGCCGGCGTGTTGATCTCCGAGG,0.6702
CGGCTCATCGAAGCATGGGAAGG,0.67613
GGCCTGCCAGACTTCAACGCCGG,0.68097
GCTTGAATACGTCCTCGGACAGG,0.70005
GAAGTAGCTCAGGCTGCTCAGGG,0.74088
ACCTGGTGACCATAGAGTGGTGG,0.79777
ACAGGGCTGTCAGGTCCTTGGGG,0.62427
CCGGCCCAGTGCCATTGCGGCGG,0.54145
ATCGCCGTGGCCCGCCGCAATGG,0.51054
CGTTCAGGGCATAATCGCCGTGG,0.72911
GGGCTGTCAGGTCCTTGGGGTGG,0.62843
TGAACTACGACGAAGAGAACTGG,0.64203
AGTTCCAGAGTGTGAGGAGATGG,0.69494
GTGGATGATGATGACGTCAGTGG,0.70012
CACCAGTCCCCAGTTCTCCATGG,0.63632
TGCAGTAGACGGTGGACCGCAGG,0.65948
ACTACGACGAAGAGAACTGGAGG,0.84955
GATAGCGTTGCAGTAGACGGTGG,0.77801
CCATAAGGTCCCTGTCACTCTGG,0.62317
CTCTGGAACTCCGTTGGAGCAGG,0.48999
CCCACCATCACCATGGCCAAGGG,0.65071
CATACTGGCTGTCCTTCACCAGG,0.61603
TGCAGCCTGCATCTGTGTAGTGG,0.6225
TCCCCAGTTCTCCATGGCGCCGG,0.60353
CAGCAAAGAAGTTAAGGATGGGG,0.71063
GGCGTGTTGATCTCCGAGGCGGG,0.6696
TCTGGTAGGCAAAGGTGTGGAGG,0.68863
CGCGTCCTACGGAGAGGCTCAGG,0.62242
CAAACCCAGCGCTGGCCCGGGGG,0.72919
TGTGGTGGGAGCCCTTCGGGGGG,0.68962
CGGTCACATGTTGGCTCAGTTGG,0.50106
GACCGGTGGGCGTGCTGCTGTGG,0.5358
TCTATCGCCGCTACTTCCACTGG,0.59422
CCCAGGGCGGGGGCCAGTCGGGG,0.39413
GGTCGCCGGGGTGGCTTCTGGGG,0.46992
GAAACAGGGGCTGGTGGCATGGG,0.34507
AGGCCAGGGAGGAGGCACTTGGG,0.49445
GGCGATAGACCGCGGGGTTGCGG,0.50241
CCCGACTGGCCCCCGCCCTGGGG,0.54084
ACTGAGCCAACATGTGACCGTGG,0.81463
TGAAGCGCAGCCGGCAGTCAGGG,0.5627
AAGCAGGTACGAGGCCAGGGAGG,0.57786
CGACGGGGTTGGCGACGCCCAGG,0.43241
CACCCCGGCGACCCGCCCTCAGG,0.48402
GAAGTAGCGGCGATAGACCGCGG,0.64104
AAGCGCAGCCGGCAGTCAGGGGG,0.62168
AGTCGGGGGGCCCCTTCACGAGG,0.52486
AGCGCTGGCCCGGGGGCCTGGGG,0.43351
GGCGGCCGCCAGCACACAGACGG,0.61226
TTTCCTCGACCGCAACCCCGCGG,0.72138
TACGAGCGCTTTGTGCCCCGCGG,0.76933
AAGTAGCGGCGATAGACCGCGGG,0.60852
GCCGAGGCCGGGGGCTGCCATGG,0.37188
GCGCCTGGATGCCCCAGGGCGGG,0.41199
GACCGTGGACGTGTTCGGCCGGG,0.57249
CTGATCACCTACGCTTGCTGGGG,0.55577
CTGAGGGCGGGTCGCCGGGGTGG,0.4279
CGCGCCATGGGGGCACCGTGGGG,0.59606
TCCAAACCCAGCGCTGGCCCGGG,0.36393
AGGACGCGCGGTCGGTGAGCAGG,0.47373
GCAGTCAGGGGGCGGCCTCGGGG,0.4434
CCACGTGGATGAAGGCGCCGCGG,0.86046
AGTGTGCGCCTGGATGCCCCAGG,0.45496
TGACCGTGGACGTGTTCGGCCGG,0.47977
GCAGCTGCCGCCGCTGCCCTGGG,0.35997
CAACGCGTTGCTCGCTGGGGCGG,0.48072
AGTGGCGGGGCCAGGCCTGAGGG,0.44161
ACTGGGACGAGCGCCAGGCCCGG,0.46413
CTGGGGTAGAGGTAGCCATAAGG,0.52941
GCCATGGACCGTCTGTGTGCTGG,0.48476
ATGGACCGTCTGTGTGCTGGCGG,0.67152
TGGCAAGTAACCTCTTCAACTGG,0.40202
TCCGGCGCCAGTGGAAGTAGCGG,0.73897
CAAAGCGCTCGTAGTTGGCACGG,0.54478
ACCTCCAGCCCCAGGCCCCCGGG,0.41691
GTTGGACTACGAGGAGGCAGCGG,0.61293
TCGCGCCATGGGGGCACCGTGGG,0.44097
AGCACGCCCACCGGTCGCGACGG,0.45746
GGACTACGAGGAGGCAGCGGCGG,0.52178
GACGGGGTTGGCGACGCCCAGGG,0.50078
GGCCCGCTACAAGTTCTACCTGG,0.47449
CCCACCGGTCGCGACGGGGTTGG,0.50296
CGCAGCCGGCAGTCAGGGGGCGG,0.39733
CACTTGGGAAGTCGTCCACGTGG,0.80506
GCTCGTAGTTGGCACGGTCTGGG,0.40269
CCTGTTTCCTGGACAGTGGCGGG,0.38534
TGCCACCAGCCCCTGTTTCCTGG,0.30741
GCCTGGCCCCGCCACTGTCCAGG,0.31856
AGCGGCGGCGGCAGAAGCCCTGG,0.40722
AGACGGTCCATGGCAGCCCCCGG,0.45375
GGCTCAGTTGGTGGTAGTAGCGG,0.50203
CCGGCTGCCCCGGCCCGCCCCGG,0.30879
CGAGCCCCACGGTGCCCCCATGG,0.41417
CGTGTTCGGCCGGGGCGGGCCGG,0.28931
TCACATGTTGGCTCAGTTGGTGG,0.69183
CCAGGGCGGGGGCCAGTCGGGGG,0.3259
GGCGGGGCCAGGCCTGAGGGCGG,0.45916
TTGAAGCGCAGCCGGCAGTCAGG,0.32513
ACCGTGGGGCTCGCCGACGGCGG,0.45432
CCCTGGCGACCTCCAGCCCCAGG,0.35029
GTTGGCGACGCCCAGGGCAGCGG,0.36677
CAGCGCCGTACACGTCAAGCCGG,0.52846
GCTGCGAGTTCTCGAAAGCCAGG,0.53102
CAGGTACGAGGCCAGGGAGGAGG,0.41637
CACGCCCACCGGTCGCGACGGGG,0.49342
CGCCACTGTCCAGGAAACAGGGG,0.81642
GGAAACAGGGGCTGGTGGCATGG,0.24678
ACAGGGGCTGGTGGCATGGGTGG,0.44709
GGGTCGCCGGGGTGGCTTCTGGG,0.22295
GCGGGTGGCGCCGAGGCCGGGGG,0.37591
GCACGCCCACCGGTCGCGACGGG,0.38575
CTGTCCACATCACCTCCTTCTGG,0.33127
CGAGTCGCCCTCGCACTCCCCGG,0.4251
TCTGCGCGTGTTGGACTACGAGG,0.59357
CAGTGGCGGGGCCAGGCCTGAGG,0.29199
GGCACCGTGGGGCTCGCCGACGG,0.43058
GAGCCTCTCCGTAGGACGCGCGG,0.8639
CGCCCGCCCGCCGCCGCCGTCGG,0.30587
GCCTGGATGCCCCAGGGCGGGGG,0.38765
GTCGCCAACCCCGTCGCGACCGG,0.42615
AGCCAGGTAGAACTTGTAGCGGG,0.49627
CATCCAGGCGCACACTGCCGAGG,0.44122
GCCTGGGGCTGGAGGTCGCCAGG,0.20289
GGAGGTGGATCTGCGCGTGTTGG,0.43172
CCCCCGACTGGCCCCCGCCCTGG,0.20782
GAAAAGCAGGTACGAGGCCAGGG,0.38928
CTACGAGGAGGCAGCGGCGGCGG,0.39309
CAACTGGACGCTCTCCTACCGGG,0.72656
GGCGACGCCCAGGGCAGCGGCGG,0.42922
CATGTGACCGTGGACGTGTTCGG,0.44226
CGGGTCGCCGGGGTGGCTTCTGG,0.19953
CAGGCCTGAGGGCGGGTCGCCGG,0.24828
GACCTCCAGCCCCAGGCCCCCGG,0.34219
GGCCGCCGGCTTGACGTGTACGG,0.37885
CGCTGATCACCTACGCTTGCTGG,0.2207
GGGGCGGTGCCGGTGGTGCTGGG,0.36263
GCCCCCGCCCTGGGGCATCCAGG,0.30131
CAGCGTAGCTCCGGCGCCAGTGG,0.40907
ACGTGGATGAAGGCGCCGCGGGG,0.92505
CCTGGGGCTGGAGGTCGCCAGGG,0.68456
TGGCATGGGTGGTGAGCCACTGG,0.31864
CCTCCTCGGCAGTGTGCGCCTGG,0.30091
GCCGCCGTCGGCGAGCCCCACGG,0.48616
TCGTGAAGGGGCCCCCCGACTGG,0.30797
CACGCGCAGATCCACCTCCTCGG,0.46085
CTGCTGTGGTGGGAGCCCTTCGG,0.26087
AGTTGAAGAGGTTACTTGCCAGG,0.35821
TGGGGCGGTGCCGGTGGTGCTGG,0.21411
GAGGCCAGGGAGGAGGCACTTGG,0.34408
GGCGCACACTGCCGAGGAGGTGG,0.42159
TGCCAGGCTTCGCAGCCCCGGGG,0.85552
TCGGACGTCTTTGTGCCTTATGG,0.31243
GCTCGCTGGGGCGGTGCCGGTGG,0.33475
GAAGTCGTCCACGTGGATGAAGG,0.50553
CAGGGCGGGGGCCAGTCGGGGGG,0.30398
GTGGGGCTCGCCGACGGCGGCGG,0.29933
TGCGCCTGGATGCCCCAGGGCGG,0.38952
TGGACGTGTTCGGCCGGGGCGGG,0.32072
TGTGTGCAGGAGCCCAATTTCGG,0.29958
CGGCGGCGGGCGGGCGGCGCGGG,0.2019
GGAAAAGCAGGTACGAGGCCAGG,0.32593
AGCCCCTGTTTCCTGGACAGTGG,0.67811
GCCCGGGGGCCTGGGGCTGGAGG,0.26674
GCGCTATCGCGCCCCCCGAAGGG,0.35139
CGCTGATGTTGAAGCGCAGCCGG,0.3025
GTGTGCAGGAGCCCAATTTCGGG,0.27621
GGCTCGCCGACGGCGGCGGCGGG,0.25079
CGCCGACGGCGGCGGCGGGCGGG,0.22084
TTTCGAGAACTCGCAGCACCTGG,0.27497
TGCTGTGGTGGGAGCCCTTCGGG,0.18802
GCGCAACGCGTTGCTCGCTGGGG,0.38051
CCCCGACTGGCCCCCGCCCTGGG,0.17008
AGGAGAGCGTCCAGTTGAAGAGG,0.68145
CGCGGGTGGCGCCGAGGCCGGGG,0.21809
GTGTTCGGCCGGGGCGGGCCGGG,0.22201
CGGCGACCCGCCCTCAGGCCTGG,0.2222
GGCCTGAGGGCGGGTCGCCGGGG,0.28661
GGGCTCGCCGACGGCGGCGGCGG,0.23523
TGTTCGGCCGGGGCGGGCCGGGG,0.2425
CGCGTTGCGCCAGAGCTTCTCGG,0.2335
GGCGCGGGTGGCGCCGAGGCCGG,0.17614
GGCAGTCAGGGGGCGGCCTCGGG,0.19545
CTGGCCCGGGGGCCTGGGGCTGG,0.13626
TGATGTGGACAGCGTAGCTCCGG,0.68119
CCGGGGCGGGCCGGGGCAGCCGG,0.18489
GGCAGCCGGTGCCCGAAATTGGG,0.22663
CAGGCCCCCGGGCCAGCGCTGGG,0.23785
AGGAGCCCAATTTCGGGCACCGG,0.2955
ATTTCGGGCACCGGCTGCCCCGG,0.25679
GGTAGTAGCGGACCCGGGCCTGG,0.24956
GAGCCACTGGGACGAGCGCCAGG,0.27324
CGGCGGGCGGGCGGCGCGGGTGG,0.1741
TGGCGCAACGCGTTGCTCGCTGG,0.18351
GGCGCAACGCGTTGCTCGCTGGG,0.18333
CTCTCCGTAGGACGCGCGGTCGG,0.82512
TCCATGGCAGCCCCCGGCCTCGG,0.25935
CGCCTGGATGCCCCAGGGCGGGG,0.24414
GCCCCAGGGCGGGGGCCAGTCGG,0.17765
CCAGGCCCCCGGGCCAGCGCTGG,0.19839
GGGCGGCGCGGGTGGCGCCGAGG,0.20899
CGCTCGTAGTTGGCACGGTCTGG,0.18521
ATCCAAACCCAGCGCTGGCCCGG,0.19942
CTCCCCGGGGCTGCGAAGCCTGG,0.18028
TCCTGGACAGTGGCGGGGCCAGG,0.17353
AGACCGCGGGGTTGCGGTCGAGG,0.26687
ACGCGCGGTCGGTGAGCAGGCGG,0.75485
GGGCAGCCGGTGCCCGAAATTGG,0.11824
CCCCAGGGCGGGGGCCAGTCGGG,0.16379
GCGCGGGTGGCGCCGAGGCCGGG,0.14425
GGCAGCTGCCGCCGCTGCCCTGG,0.153
GGCGCTATCGCGCCCCCCGAAGG,0.24966
CCTCCTTCTGGGACGAGCCTTGG,0.23864
AGGCCTGAGGGCGGGTCGCCGGG,0.14154
CAGCGCTGGCCCGGGGGCCTGGG,0.098707
CGGCAGTCAGGGGGCGGCCTCGG,0.13252
TCGCCGACGGCGGCGGCGGGCGG,0.18615
GGGGCCCCTTCACGAGGTCGCGG,0.61969
CCAGCGCTGGCCCGGGGGCCTGG,0.074389
CGACGGCGGCGGCGGGCGGGCGG,0.21038
GGGGGCGCGATAGCGCCCCGAGG,0.43546
GCGGCGGCGGGCGGGCGGCGCGG,0.16085
CGACCGCGCGTCCTACGGAGAGG,0.78999
CCGCCACTGTCCAGGAAACAGGG,0.62507
GCCCCTTCACGAGGTCGCGGTGG,0.80481
CACCACAGCAGCACGCCCACCGG,0.69454
CAAAGACGTCCGAGTCCGCCCGG,0.74671
GCCGCTACTTCCACTGGCGCCGG,0.62763
ACCGTGGACGTGTTCGGCCGGGG,0.66797
CTTCCCAAGTGCCTCCTCCCTGG,0.56799
CACGGCCTGAGCCTCTCCGTAGG,0.74331
GTCGAGGAAAAGCAGGTACGAGG,0.7914
ACTGTCCAGGAAACAGGGGCTGG,0.5941
GCGGGGCCAGGCCTGAGGGCGGG,0.56043
CCCTGTTTCCTGGACAGTGGCGG,0.57471
GCCCCGGCCGAACACGTCCACGG,0.77895
GGGCCTGGCGCTCGTCCCAGTGG,0.76315
GTGTGCGCCTGGATGCCCCAGGG,0.75373
GGTGGGCGTGCTGCTGTGGTGGG,0.61216
TCGCAGCCCCGGGGAGTGCGAGG,0.56784
CCAACCCCGTCGCGACCGGTGGG,0.71915
CCACCACCGCGACCTCGTGAAGG,0.66437
GCTGTGGTGGGAGCCCTTCGGGG,0.5816
CGAGGCCGCCCCCTGACTGCCGG,0.54407
AGTCGCCCTCGCACTCCCCGGGG,0.75754
GTTGGTGGTAGTAGCGGACCCGG,0.65539
GGCATGGGTGGTGAGCCACTGGG,0.72451
GGTTGCGGTCGAGGAAAAGCAGG,0.7146
CTGGGACGAGCGCCAGGCCCGGG,0.56773
CCCCGGGCCAGCGCTGGGTTTGG,0.34046
CGCAGCCCCGGGGAGTGCGAGGG,0.58374
TGTAGCGGGCCACTGTGTGCAGG,0.60168
GCCAACCCCGTCGCGACCGGTGG,0.60583
TGTCCACATCACCTCCTTCTGGG,0.5715
CTCTACCCCAGAAGCCACCCCGG,0.64761
AATTGGGCTCCTGCACACAGTGG,0.71454
CGGTCTGGGCCCAGCACCACCGG,0.61864
CCAAGGCTCGTCCCAGAAGGAGG,0.77903
CCTTCACGAGGTCGCGGTGGTGG,0.57181
CGGGGTGGCTTCTGGGGTAGAGG,0.50192
GCTCTCCTACCGGGCGGACTCGG,0.55832
GTCCAGGAAACAGGGGCTGGTGG,0.61744
CAGCTGCCCCCAGCAAGCGTAGG,0.66383
TTGCCAGGCTTCGCAGCCCCGGG,0.51174
CCCGCCACTGTCCAGGAAACAGG,0.41121
CGGTGGGCGTGCTGCTGTGGTGG,0.50651
GAAGCGCAGCCGGCAGTCAGGGG,0.65106
CCGCGGCGCCTTCATCCACGTGG,0.74123
TCAACTGGACGCTCTCCTACCGG,0.63383
CACGTGGATGAAGGCGCCGCGGG,0.70456
AGTAGCGGCGATAGACCGCGGGG,0.88007
CTTGCCAGGCTTCGCAGCCCCGG,0.46072
ACCACCGCGACCTCGTGAAGGGG,0.68875
CTGTGGTGGGAGCCCTTCGGGGG,0.60751
GACGTCCGAGTCCGCCCGGTAGG,0.62731
ACACGTCCACGGTCACATGTTGG,0.80041
CACCACCGCGACCTCGTGAAGGG,0.64612
CCAAACCCAGCGCTGGCCCGGGG,0.59331
TGATCACCTACGCTTGCTGGGGG,0.73064
GTCGCGGTGGTGGAAAAGCACGG,0.80569
GGGCACAAAGCGCTCGTAGTTGG,0.5554
GTTGCTCGCTGGGGCGGTGCCGG,0.44145
AGTTCATCCAAACCCAGCGCTGG,0.59213
GTGGACGTGTTCGGCCGGGGCGG,0.60006
GCTTCTCGGTGATATAATCCAGG,0.70832
GCCAGCACACAGACGGTCCATGG,0.57584
AAGCCAGGTAGAACTTGTAGCGG,0.65836
GCTGATCACCTACGCTTGCTGGG,0.46971
CTCACCGACCGCGCGTCCTACGG,0.49346
CGTCCCAGAAGGAGGTGATGTGG,0.5918
CTGTTTCCTGGACAGTGGCGGGG,0.65196
GTCTGTGTGCTGGCGGCCGCCGG,0.53068
CGGCTGCGCTTCAACATCAGCGG,0.61304
GAGTCGCCCTCGCACTCCCCGGG,0.52628
CGCCGTACACGTCAAGCCGGCGG,0.63799
GCGCGTGTTGGACTACGAGGAGG,0.73698
CTGGACGCTCTCCTACCGGGCGG,0.83624
GCTGCCTGTTCGCGCCATGGGGG,0.72839
TTGGTGGTAGTAGCGGACCCGGG,0.63975
TTCGCGCCATGGGGGCACCGTGG,0.58249
CCAGGCGCACACTGCCGAGGAGG,0.59384
TGGGGTGATTATGAGCACCGAGG,0.85572
GTCACATGCACAGAGAGCTGGGG,0.75616
TGTGTCCTGGGCCTGTGAGCAGG,0.31564
AGTTCATGGTTACTGGTTCCGGG,0.38737
CAGGTTGGTGCCGTGGTCCTGGG,0.33571
ATGCTCACATGAAGAAGATGAGG,0.50237
CCCTGAGCATCGTAGACGCCAGG,0.47205
ACCTGTCAGGTGAAGTTCGCTGG,0.38699
TCAGCTGCCCCCACCTCCCTGGG,0.39638
AGGGCAGATTCCGCCTCCTTGGG,0.25466
GGAAGGAGCCATTATATCCAGGG,0.53057
AGGGAGCAGTTGTTCCTACTGGG,0.45724
ATGGGATGGAAGAAAGTGCAGGG,0.78836
ATAATGGTTCATACTTCTTTCGG,0.30525
AGGGGCAGCAGTAGCAGCAGCGG,0.41265
CCCCACAGGGGCCCTGGCTATGG,0.24725
TCCTGGCTGCTTTCCTCCTGTGG,0.31638
CAGGGAGCAGTTGTTCCTACTGG,0.30171
AAAGCAGCCAGGACAGCAGTGGG,0.50735
CCTGGGGCCCAGGGAGGTGGGGG,0.34676
CAGCCAGGACAGCAGTGGGCAGG,0.36399
ATGACACCCACCCTACCACAGGG,0.65124
ACAAGAGACCAGAGCAGGAGTGG,0.4171
GGAGTCAGTGACGGTACAGGAGG,0.73873
CCTGACCTGCTCTGTGTCCTGGG,0.34331
GTCCTGGGGCCCAGGGAGGTGGG,0.31903
TCCTGGGGCCCAGGGAGGTGGGG,0.31875
AATGACACCCACCCTACCACAGG,0.43418
GGGAAGGAGCCATTATATCCAGG,0.33653
AGTGAGTAGTCCTGGGGCCCAGG,0.25444
GAAATTTGGATCCATAGCCAGGG,0.45258
AAATTTCTGGCTGCAAGTGCAGG,0.35233
CCCCCACCTCCCTGGGCCCCAGG,0.25591
TGGAGAGTCCCTGGATATAATGG,0.25361
TATATCCAGGGACTCTCCAGTGG,0.82527
CCAGAGCAGGAGTGGTTCATGGG,0.3679
GAAAGCAGCCAGGACAGCAGTGG,0.40251
GTCAGCTGCCCCCACCTCCCTGG,0.25458
GGCTGACCCTGTGGTAGGGTGGG,0.34038
CAGGTGAAGTTCGCTGGAGCTGG,0.33166
TACCACAGGGTCAGCCTCCCCGG,0.34514
CACCGGGGAGGCTGACCCTGTGG,0.47736
GGGGAGGCTGACCCTGTGGTAGG,0.32705
CAGGGCAGATTCCGCCTCCTTGG,0.22238
CCCACAGGAGGAAAGCAGCCAGG,0.41013
GCAAGTGCAGGAGTCAGTGACGG,0.82018
ATTCCTGCCCACTGCTGTCCTGG,0.22945
GGGAGGCTGACCCTGTGGTAGGG,0.3722
TGGCCGGGTTCTAGAGTGCCAGG,0.24089
TGGCTATGGATCCAAATTTCTGG,0.16753
GTGCCGTGGTCCTGGGGCCGTGG,0.21781
CAGTTCATGGTTACTGGTTCCGG,0.19485
AGGCTGACCCTGTGGTAGGGTGG,0.29858
TTCTTGATCTAGCTTGTTTGTGG,0.27703
CGCTGGAGCTGGTGTGACTACGG,0.26598
TGCACTTGCAGCCAGAAATTTGG,0.17426
GGCCGGGTTCTAGAGTGCCAGGG,0.81495
GGGAGATTTGTAACTGTATTTGG,0.13621
AGTCCTGGGGCCCAGGGAGGTGG,0.13976
AGTGCCAGGGATGAGGATTTTGG,0.16975
CGGGGGTGTTCCCTGCTCACAGG,0.31595
AGAAATTTGGATCCATAGCCAGG,0.25804
CCTGGCGTCTACGATGCTCAGGG,0.76611
GAACCAGTAACCATGAACTGGGG,0.91686
GCATCGTAGACGCCAGGAGGAGG,0.7142
GTTCTTGTCGTAGTAGGGTATGG,0.60608
TGAGCATCGTAGACGCCAGGAGG,0.88546
GCAGGAGTCAGTGACGGTACAGG,0.64699
TGTTCCTACTGGGATCCCCAAGG,0.82059
TCCTGGCGTCTACGATGCTCAGG,0.61635
GACAACCAGGAGAAGATCGGGGG,0.76842
CGGTGCTCATAATCACCCCACGG,0.77436
TATGGGATGGAAGAAAGTGCAGG,0.62895
TGACAACCAGGAGAAGATCGGGG,0.76307
CCACTCACCTGCCCACAGCAGGG,0.68883
TGTGGCCACTGGAGAGTCCCTGG,0.55036
CCCCAGGACTACTCACTCCTCGG,0.60177
ATCCCTGGCACTCTAGAACCCGG,0.76384
TTCTTGTCGTAGTAGGGTATGGG,0.57862
TGAACCATTATCCCTCCTCCTGG,0.6693
CCGAGGAGTGAGTAGTCCTGGGG,0.73053
CATCGTAGACGCCAGGAGGAGGG,0.699
GTGAGTAGTCCTGGGGCCCAGGG,0.5763
CGAACTTCACCTGACAGGTCAGG,0.62106
CAGAGCAGGAGTGGTTCATGGGG,0.63846
ACAGGTGACGTTGAGCTGGATGG,0.6849
TGTAACACCAGCTCCTCCAATGG,0.60603
CCTCACTAGACTTGACCCACAGG,0.69453
GCCGTGGTCCTGGGGCCGTGGGG,0.89007
GCTAGATCAAGAAGTACAGGAGG,0.73457
TGTTCCCTGCTCACAGGCCCAGG,0.492
TGGATATAATGGCTCCTTCCCGG,0.44537
CAAGCTAGATCAAGAAGTACAGG,0.62116
GGTGGGGGCAGCTGACAACCAGG,0.54196
AGGCCCAAAATCCTCATCCCTGG,0.65341
AGGTTGGTGCCGTGGTCCTGGGG,0.64759
GGGCAGATTCCGCCTCCTTGGGG,0.57244
TCCTACTGGGATCCCCAAGGAGG,0.69712
GGGGAGTTCTTGTCGTAGTAGGG,0.55286
GAGTCAGTGACGGTACAGGAGGG,0.85062
CATGGTTACTGGTTCCGGGAAGG,0.59862
GTGGTTCATGGGGCCATTGGAGG,0.53786
GACAAGAACTCCCCAGTTCATGG,0.52396
CCATCAGAGTGAAGACCCACAGG,0.64652
ACCGAGGAGTGAGTAGTCCTGGG,0.55358
GACAGGTCAGGTTGGTGCCGTGG,0.58577
TACTTCTTTCGGATGGAGAGAGG,0.5869
AGAAGTACAGGAGGAGACTCAGG,0.56476
ACTCCCCAGTTCATGGTTACTGG,0.4361
GGAGTGGTTCATGGGGCCATTGG,0.53149
TGTCACATGCACAGAGAGCTGGG,0.64711
GCCACTCACCTGCCCACAGCAGG,0.47429
GTGTCCTGGGCCTGTGAGCAGGG,0.50137
GCTACTGCTGCCCCTGCTGTGGG,0.48946
TCCAGCGAACTTCACCTGACAGG,0.49475
GGGAAACAAGAGACCAGAGCAGG,0.51079
CATAATCACCCCACGGCCCCAGG,0.51184
CACCGAGGAGTGAGTAGTCCTGG,0.46666
GCAGAGACAAAGAGCGAGCAGGG,0.67956
CACTCACCTGCCCACAGCAGGGG,0.54256
CTGACAACCAGGAGAAGATCGGG,0.45027
GGAACCAGTAACCATGAACTGGG,0.81164
CTTCACCTGACAGGTCAGGTTGG,0.6249
TCTAGCTTGTTTGTGGCCACTGG,0.51337
GAAGTACAGGAGGAGACTCAGGG,0.70558
TGCCGTGGTCCTGGGGCCGTGGG,0.40756
ACTTACAGGTGACGTTGAGCTGG,0.61783
CGGAACCAGTAACCATGAACTGG,0.44321
GGCAGAGACAAAGAGCGAGCAGG,0.47551
ACCCCACGGCCCCAGGACCACGG,0.55774
GTTCTAGAGTGCCAGGGATGAGG,0.49524
TCAGGTTGGTGCCGTGGTCCTGG,0.29819
GGAAGAAAGTGCAGGGCACGAGG,0.60917
ACAGGCCCAGGACACAGAGCAGG,0.56835
TACTGGGATCCCCAAGGAGGCGG,0.49154
ACCAGAGCAGGAGTGGTTCATGG,0.47813
GAACACCCCCGATCTTCTCCTGG,0.4344
CGGCACCAACCTGACCTGTCAGG,0.43481
CCCAGGACACAGAGCAGGTCAGG,0.37556
ACCTGACCTGCTCTGTGTCCTGG,0.30791
AGTAGTCCTGGGGCCCAGGGAGG,0.48141
TGGTTCATACTTCTTTCGGATGG,0.50082
CTGCTGCCCCTGCTGTGGGCAGG,0.34551
TGTCGTAGTAGGGTATGGGATGG,0.8584
TGGGGAGTTCTTGTCGTAGTAGG,0.38668
GACGCCAGGAGGAGGGATAATGG,0.47045
GCTGACAACCAGGAGAAGATCGG,0.44899
CTGTCACATGCACAGAGAGCTGG,0.42684
GCCTCCTTGGGGATCCCAGTAGG,0.52813
CATGGGGCCATTGGAGGAGCTGG,0.34736
TGCTACTGCTGCCCCTGCTGTGG,0.42872
CCTGGCTGCTTTCCTCCTGTGGG,0.43955
TGCCCCATCACTCACCGGGGAGG,0.53046
CAGCTCTCTGTGCATGTGACAGG,0.42837
