CGCACCGATGCTCTCCGAGGAGG,0.65192
GGATGAGAATCTGACAAAGGTGG,0.68696
CACTTTCAATTTGATAATGGAGG,0.58039
AACATTTCCACAACGAGAGGAGG,0.55525
ATATGAGGGGAGTGAGGCGGTGG,0.48827
ATTACAGTGAAGTACAGCGGAGG,0.72463
AATATCGTTTACCAAAACGGGGG,0.67176
AGCGATTTCTGGCGATTGGGGGG,0.45031
AACGGATGAGAATCTGACAAAGG,0.85261
CATTTGATATGAGGGGAGTGAGG,0.60822
ATACGCACCGATGCTCTCCGAGG,0.71168
TGGAACATTTCCACAACGAGAGG,0.47901
CTCGGCTGATTTTCGCAGTTCGG,0.19112
AAACACTTTCAATTTGATAATGG,0.2506
TTGAATATCGTTTACCAAAACGG,0.18148
ACAATTACAGTGAAGTACAGCGG,0.79692
TCTAGCGATTTCTGGCGATTGGG,0.23193
GTGGTTGGGATGAGCGATTCGGG,0.37642
AATCAGCCGAGATGTAAGTTTGG,0.40229
TTGACTCGTTCCATTTCAGCTGG,0.31251
AAACCTGCCTCCTCTCGTTGTGG,0.45949
GGGCACCATACCGAGTGATGGGG,0.72433
GGCTCAGATTGACGAGGCGCCGG,0.40075
GATTGGAGAGTTAGACCACGTGG,0.77542
GCTGAGAGAAGAATCCATCGGGG,0.95488
GAATTTTCTGAAATTAAAGACGG,0.50432
GGACATTGACACTAAAATCAAGG,0.45423
GATCCACAAGTTACAATTGGTGG,0.67801
GTTGGATCATAGGATACCGGTGG,0.89544
GGGAAACTATACCCTCACTGTGG,0.79858
GGAGCTTACTGAGACTCTTCGGG,0.39708
GGATGGATGTGTAGTCAATTCGG,0.43284
GAATATTGAAAGACTATGATTGG,0.3414
GTTATCGTCATCCGGTGACGTGG,0.74393
GCAAGGATCTTCAAAAAGCATGG,0.47376
GGACAAAGAGAGGGGGTGAGTGG,0.51661
GAACCCGTTGCCGAATACACAGG,0.61766
GTTGAGTGCAGCCATTTGCTCGG,0.4761
GTTATAGCCTGTTCGGTTACCGG,0.29735
GGAGGTTGACTCCAATACTAAGG,0.5699
GGGAGAAAGTGATTTGCAGTTGG,0.37548
GGATATCACTTCCCAGAACTTGG,0.48344
GATGGACGGGATGGTAGAGATGG,0.60994
GGATTTGCTGCTACTGAATCCGG,0.29333
GTCGGATTCGGCGCTGCATGCGG,0.38358
GGTTTCCTGGAGCTCCGGCTGGG,0.49796
GATGCTTGTAGTCTGGAACTGGG,0.63535
GCCTTTGCTTCGATTTTCTTTGG,0.18194
GATAGGAAGCATCAGATTGAAGG,0.58117
GTTGCTGAACTGGGAGAGCTCGG,0.57787
