GCTGCATAATACGCGGGACCTGG,0.41085
GCTAGAAGTTATCACCACGAAGG,0.76309
GATGTGGTTGCTCGGCATCCCGG,0.37141
AGAGCTTCTCCTGCATCGAGAGG,0.6248
ACTACAGCACAAATAGATACAGG,0.53848
GCAATGCTATCCATTGGGGCAGG,0.52491
TGAGCGTCCGCAGTTGTCGCTGG,0.51339
TCATCCACTGGTGCAGGGGTTGG,0.48595
ATGAGCCTTATGTCTCTGCATGG,0.57485
GTACGACAGACAAGGGCAGCCGG,0.5721
TGCATCCATCCTCTCACTGCTGG,0.41463
GCTGAGGGTTGGACAACAGGTGG,0.74412
GTTGGAGAAAATTTCTTTGACGG,0.2572
CGGCTGCAATCGTATCAACCTGG,0.57332
GAATTGGGGACACATTGTCCTGG,0.57747
AATATCTCGCCCACAAATGGAGG,0.68079
CATCTTGATAGGTTGCAGTCAGG,0.42867
GGAGTGGTCCAATCCAACTGTGG,0.74608
TCTTACCTTGCTACTTCATCTGG,0.18323
CCCCGCAATTCAGTACCTGTCGG,0.49971
GAGTCTTTATTCCGTAGCTCGGG,0.63244
TCATCTCGGTGGACAATATGTGG,0.63225
TTGTTCATTTAGGCTTACCATGG,0.59164
CCTCGGAGACATAGCCAGCGGGG,0.80439
AGGACGACTAGTTGGAAAGGTGG,0.61774
ACAACACACGTCTTACCTTCTGG,0.22169
ACAAACGGAGCACCAAAAAGTGG,0.64836
CTTGAACTGCACATCTAAACTGG,0.30118
CTACATCCAGTTCGTAAGTATGG,0.3772
GCCATTCGCTGCGACCGCTGCGG,0.45466
AACTCTGCCCATCCCGCCAAAGG,0.46946
GACAGCCACCTCGCTTATGAAGG,0.53148
CGTATATATAAGGGGCTCAGCGG,0.82643
AAGAGAGGTCCCAATACAAAAGG,0.3676
GGTTGAGACTGAGATTGTGACGG,0.67442
TATTGGACCATGACGAGAGAGGG,0.61696
TTCAAAAGGAGACGAAGACGAGG,0.6213
CTGCGAATGCACTTACCGACTGG,0.3575
TCTTAGTCAAAGGGCCGAATTGG,0.30175
TACACCCCGATCTGTATACCTGG,0.55732
GGGTCATTCTGTCACTGACTTGG,0.49251
GCTACGGTAGGGGTAGTAGTAGG,0.49858
ACGTAGAGGCTGACGTCACGAGG,0.64567
CTTTGTATCCGACGGTACGTTGG,0.53117
TCCCGTACAGTCGCCGGTATCGG,0.34517
AGGGTTCCGCGCCGACTTAAAGG,0.28901
CTACTTCGGTGTAAGTCAATTGG,0.3412
TGCAACCGAAAACCCACACATGG,0.68391
CAACATTGGGAGGGTAGCGGGGG,0.53318
CGAACCCTTGTTTGATAACTTGG,0.21378
TCATCGTTAATTCTACTCTGTGG,0.68518
CAACTCCTGAGTTCTTGAGACGG,0.62464
CTGATCTGGCAATCACAGCATGG,0.55962
TACACAGAAAGACACTGGGGTGG,0.62385
TAAGCAAAGGGGGACTCCCTGGG,0.53038
GGATGCGGCAGGGGTCTGTAAGG,0.41237
AAGAATGCCTCAGTTAAACTCGG,0.46047
TCGTAAGATTGTCGCCTGTGTGG,0.37823
AATGGGGTTTGTGGCGTAACTGG,0.30097
GGACGAACTGAAGAGATGCGTGG,0.69975
GTAGTGTTGCCGCCCTCCGTCGG,0.81071
GCTTAAGGGCGTCGTACGCTTGG,0.3603
TCTTACCATTACGTCTTGTGAGG,0.48368
CGGAAGTGATTCATCCGTACAGG,0.49089
GAATCAGTTACTCAAGTCACGGG,0.7092
GAACCAGATCTTGACCTGGGTGG,0.66303
ACAAGACAAAACCTTAGAGCTGG,0.55087
TCCAGAACGTAGAAATCCGATGG,0.82359
TTAGACTTACCTCTTGTGACAGG,0.48419
CACCCGACAGCTCCCATACCCGG,0.52159
AGGAGGGAGTCCTGGAGGGTGGG,0.31184
CTTCCCTCCTCCTCCGCAGCCGG,0.36025
