CTCACAGACGGCGCCCGGCGAGG,0.51098
AAAGAGCTGCGGGCCGGGCGCGG,0.33133
CAACCAACAGGTCCGGCCCCAGG,0.44896
GCCCAGGGGGAATCGGCCGCTGG,0.45797
CGTCGTTCTCGCCACCGCGCCGG,0.46033
AGGGAGTCCGCATAGGCGGCGGG,0.3818
AGACTGGTTTCCACCCGCTCCGG,0.42446
TGACGCCTCAGGGTGCCGTCGGG,0.57513
TTGACATCAGCGCGCGAGGCGGG,0.47259
TCCTATTACTGCGTGCAGCCGGG,0.47891
CCTGGATGATACGCTGGCGCAGG,0.43405
GGAATAACCACGTCCCGCGTGGG,0.6306
TAAGACATACGTACGCCCAGCGG,0.8466
ACGCGCACGGGTCTCACGCCAGG,0.52458
GCATGCCCACCTTATCGGCGTGG,0.73434
CGAATTACTACGTAGAGCGGCGG,0.56869
CAGGCATTGTGACGACGCGCTGG,0.56562
TCGCGGGCTTGCATGACGCGTGG,0.62083
GGTTACCAACTCAGGACCCGAGG,0.88227
ACCGAAAGTCGCGCCGGACGCGG,0.42322
ACCAGCATATGCCGGCCTGCCGG,0.44125
AGTCCTCACCGTGGGGCACCAGG,0.36787
CCGCGCCGAGGACTACCGCCAGG,0.59771
TTGTTCGAAGATCTGCGCGATGG,0.60124
TGTTCCCTACACGGCGCCAGTGG,0.56987
CCACCGCGATATATGGGCGAAGG,0.52893
GCGAGTTATCTATCCCCAGGAGG,0.7344
GGCACCGGGTAGCCTTGCGCCGG,0.56795
CAAGCAAGTCCGGTCGGTTGCGG,0.46471
AAACAGAAGGTCTTCCCCAACGG,0.53585
ATAGTTCCCTCCATGCCCTTGGG,0.6068
CTGGGCCGGCGTGTCCGTTCTGG,0.24963
GGAGCGAGTTATCTATCCCCAGG,0.81314
GACCGGATTCGCTACAACCCAGG,0.79376
AACGACATCACGGTCCATGCTGG,0.5817
GGATGTTCCGGCACAACGCCTGG,0.47345
GGGCTCCAGGCTGCGCGCAAAGG,0.34151
ATATCGGAGTCGGCCCAACCGGG,0.49367
GCTCTGGACCATACGGGGATCGG,0.42288
GGTTCACTATTGGGGCGATCTGG,0.35365
GTGTCCAGGCTCGTCATGCCGGG,0.67299
CCAGTAACGTCAAAGCTAGGGGG,0.81022
CAGCCTCTCCCTGCGGATGCTGG,0.21839
TGCGCTTACCGACGATTGGGTGG,0.67671
ATCTGGTCAGGACGCAAAGCCGG,0.50311
AACTCAAAGACCCGCTTTCGTGG,0.38401
CCTTCGCGAGCACCCGGAAAGGG,0.42227
AAGTAGGCTCTCCTGAATGGCGG,0.81295
TTCTGAGTACATGTGATACCGGG,0.49004
CGCCGGCACCGCGTCCCTATCGG,0.31054
ATCTTCCCGTCGACATAGCCTGG,0.35465
GTGGAATCTACTGTGGAATCCGG,0.39559
ACCGCCAAACGGACCGCTTAAGG,0.42873
TTGTTTGCTGGTACAAACGCCGG,0.55343
CTTCCGACCCTTCGTTAGCCTGG,0.27373
CCGTCGAAGAACCGCGCAATTGG,0.3028
GACAAAGGATACTCAAATCCTGG,0.4154
GTCGGAACCTGAGTCGTTTTTGG,0.25912
TCGAGGATGGGACGCTTATCGGG,0.30731
TTTTTTTGGGATCATATACGTGG,0.51093
CCGCCGTGTGCTGCGAATACCGG,0.35475
TTCTCCGCTGTTATCCTATAAGG,0.24498
CGACGTTCCTGGCTCAATTGTGG,0.41687
AAGATAAGTTCTCTCCTATTTGG,0.15376
TCGATGACGCCCGGGTTAACTGG,0.40294
ACCCTGTCCACTCATATATGGGG,0.52313
TTGGCCGCGACCTGTTTATCTGG,0.23654
ATCTGACCTCCCGGCTAATTTGG,0.092607
GTGCTGCGCCAACCCAAATACGG,0.41006
GCCCGAAAGACACGTTTTTTTGG,0.17547
TGCGGTCGCGTGAGAAATATTGG,0.24204
GAACTCCGACTAGATTATATGGG,0.4387
GCACCCTGCACGAATTATTTCGG,0.27059
CTGCCGTTCTTCAGAAATATCGG,0.25446
TCGTACCGCACCGGTATTTTCGG,0.6219
