GAGTCGGGGTTTCGTCATGTTGG,0.62856
CGCCGCCGCTTTCGGTGATGAGG,0.44196
GGCAGCGTCGTGCACGGGTCGGG,0.50966
TGGGCGGATCACTTGACGTCAGG,0.46237
TCTACTGAAGTGGTAGCAACAGG,0.52802
TAGAGATCCGCCCTATCTCAAGG,0.43763
CTCATCACCGAAAGCGGCGGCGG,0.57126
GCCTCAGCCTCACGAATAGCTGG,0.30695
CACCGTAGTCAATCTCAATGAGG,0.53434
ACGGAGTCTCGCTGTCGCCCAGG,0.50658
TGGGATGCCGTCCCGCAAAATGG,0.33267
TGACATTTCAATTCCGTAGCTGG,0.29777
GTTCAGGAATCGTCACCCGGCGG,0.91081
AGCTACCAGGCTAGAGTGCCAGG,0.33285
TTAACCTGCTGCGGCATGACTGG,0.36119
CCCATCGGTAGTGGACTGAATGG,0.60686
AGTTCAGTTCACGACCAGCCTGG,0.54966
TCAGAAACAGATCGCCCATCAGG,0.37048
CGATTCCTGAACCGCGGGGAAGG,0.5451
TTAAACTCTAGGCTTCGAACAGG,0.39407
CTAACAAAAGCGGCAATGTCAGG,0.41163
CTAAATTACACTCGAACACATGG,0.37628
AGATGCGAAGTTCGGGTGCCCGG,0.2792
AGTAGAAGATCGATGCTAACTGG,0.42336
CAGTTCACTCTTCGTTGGACAGG,0.36333
TTACATTACACATCCAGCGTGGG,0.65299
AGATGCGCGTGCGGAGTAGCGGG,0.42532
CTGTATTAATTCCGGGTGTCTGG,0.17358
GCCTCGGTCTCCCAACGTGCTGG,0.47928
GCGGAGGTTGTAATGAGCCGAGG,0.64361
TTGATACCTGGTTGAGGCTATGG,0.42214
GCAGAGACCCCTGAATCGATGGG,0.42716
TCGGCTGTAGTGCCGTTGTCCGG,0.56406
TACTTATTTAATGCGTGTGCTGG,0.34555
GAATAAGAACTCCCATTAGCAGG,0.52347
GCATTAGACACCTGTCATAATGG,0.34575
CATGCTAAGTGACCTAAGAGTGG,0.85654
GACCCGTGCACGACGCTGCCCGG,0.36474
GCCCTCCAATAATGGGAGTCTGG,0.24338
TAATGTGGAGGCGCGAACAAAGG,0.73258
GGCCTCTCGTGCATAGATACTGG,0.44355
CACCATGGATGATATTAGTCAGG,0.48376
CTATAAGTGATGAAAGGTACAGG,0.46733
TGCAGAGACCCCTGAATCGATGG,0.40967
TAGCACAGCGCAGACCTATCTGG,0.29445
ACGAAAACCCTCACTCGCGGCGG,0.64221
TCCCGGGCAGCGTCGTGCACGGG,0.55929
TGCCACGTCTGTGGACGCAAAGG,0.51125
ACGGCTTCGGGCGGCAAATCCGG,0.25075
CAGATTCAGCTCGTAAGGACAGG,0.51922
GGGGCGTATGGACTAGGCACTGG,0.38927
AGCTATCTCGCACACTCATGAGG,0.65254
AGAACCGACGGAGGGCGTAGTGG,0.63535
ATATCAATCGCGGGCTCTGAGGG,0.4518
GATGCTTGTGCCCGTGCACCTGG,0.38263
GGAGATTCGTAAGAAACTCGGGG,0.68233
TTAGGCTTGGCAAGGCGCAGCGG,0.4601
AGAGGTTGTTCTAAACGGGATGG,0.64538
ACAAGATAGTACGGAGATGCTGG,0.62119
AAATATATAGCCAGGTGCGGTGG,0.63042
GGTACACCTGAAAGACTGTTGGG,0.45374
TTAAATATCTAGCATGACACAGG,0.59373
CGGACAACTGTCCCCCGGCAGGG,0.46147
TTCCGTAGTAGGGCGGGACGTGG,0.53422
GCTTGCGCTAACATCGGGGGCGG,0.51688
AGAATGCCTAGGTTCCTTAGAGG,0.58079
TCTGTTCAGACTCTAATAGGAGG,0.89941
GACGCTCAAGCCACGTCAACGGG,0.39444
TTTCCCGGGCGGGCACGTGACGG,0.47069
TGGAGGCGCGAACAAAGGTCAGG,0.42043
GGAATCAGGGCGCGGACGCTGGG,0.41462
GACTACGAGAGCTGCTGATTCGG,0.30902
GCTAGTATCGAACTCCTGGAAGG,0.68793
AATTGGGCTTTATGGCTTGCTGG,0.21074
GCTGATGACTACTTATCGATTGG,0.38202
GGGAGAAGCTAGACCACCACAGG,0.65045
GGAGGCTTGCTTTGGCTCGCTGG,0.28938
GGAGTGCAGTGGATTGATTGCGG,0.57271
ATCACTCCGCACGCTATTAATGG,0.33164
GATTTCATGAAGATGGCGCCAGG,0.55531
GTGATATTAACGCTTCCGCCTGG,0.58212
GAGTCTACCTGGAAGGCTCTAGG,0.39061
GATGGCGCTATCACGGCACCGGG,0.61614
AGGAAGAAGCACAACGGCCCAGG,0.40093
CCACGATGGAAAAATTATCGTGG,0.66746
GACAAAGACCGTGTGAAGACAGG,0.44338
ACAACCGACAGCTGAGACGAAGG,0.67436
CTCAGTGGTACTTAACGTTGAGG,0.44054
GGGAATGGGAGGACGCTTGCGGG,0.3236
GCCAGGTTCGTCGTGTCAAGAGG,0.54677
ACGTGACGCGCACGGCCAATGGG,0.3945
GCGCACACAGGGCGGGAAAGTGG,0.4377
ACCGCACGGGAGCCGAGGCAGGG,0.58797
AGTCCACTACCGATGGGACGGGG,0.61022
ATATCTGGTGGAACATCTCGAGG,0.75572
AGTTGGAAAGCTCGGCGTGTTGG,0.48395
GAAGTCTCCCCTGATCTGATAGG,0.5067
CTAGTGGCATAGCCAACTTGAGG,0.66169
GCCATCCTCGAAGAAGACGAGGG,0.90513
AGTTGGATACTCAGCGTCGCTGG,0.51125
GGCCTACTACAGGGACGCTGAGG,0.57082
TCTGCAATGGACCGGGTTAATGG,0.32792
GGTGAGATGATATCAACCTCTGG,0.64705
CTGCGGCACTGGCCTACTACAGG,0.25172
TTCGAACTCCCGCTCGATGGTGG,0.69805
ACCATTCAGTCCACTACCGATGG,0.57608
GTGGAATAACAGACTACTGAAGG,0.60092
AGTTTCGGACTCCTCCACAATGG,0.84588
GGCGGGAAAGTGGCGGTAGGCGG,0.35209
GGTAGGGATCCATGAAGCAGAGG,0.68258
TGGTACCAAGCGCTTAGAGCAGG,0.49215
CGAAAACCCTCACTCGCGGCGGG,0.58896
GATCTTCGTCAACATCCCCCTGG,0.60376
TCAGTCCACTACCGATGGGACGG,0.75285
TTAGCAGGTGGGTTTAGCGCTGG,0.41555
GTGGACCCCGTCATTGTTCCCGG,0.35315
GTGGCGGGGTCGGCGCAGTTGGG,0.40006
GAGTGGTCGCGCGGAAACTCTGG,0.46883
GCAGCTTGTGCGCGGTAATTAGG,0.24722
GACAGACACCCCGTCCTCGCTGG,0.53985
AACCGACGGAGGGCGTAGTGGGG,0.55401
ATGGGATCTGCCCGGCGCAGTGG,0.46931
GGACGGGCACGTGACGCGCACGG,0.62952
TGATGGACACAACACCGCGGAGG,0.79002
GGGTGGGGACCCGCTAGACCTGG,0.40558
TGAGCTGAGATCCGGGCCACTGG,0.44067
TTCACATCCCGCGGCTCACGGGG,0.5653
GACTTCAACAGGTATCTAGCAGG,0.58725
CAGCAGCAGCTCCGCCACTCGGG,0.4894
CTCCGGATTCGGCGCGCGTGCGG,0.40051
CGAGTAGACTCGAAGGTTGATGG,0.41807
GGCCTGTGTCCCGGTAGTCGCGG,0.4625
ATACGAGAGAAACCTTCACAAGG,0.60425
GCCAGTGTTTAAACAGACGATGG,0.6217
TCTCGGGGGGTCCGACGCCGAGG,0.58377
CGGGCGGCAAATCCGGCGGCGGG,0.41128
TCGTCCGTGGCGCAGAGTTCCGG,0.28891
CTCTTCGAACTCCCGCTCGATGG,0.52169
ACCGAATACACCCGAGACAGTGG,0.66454
TAGCGTTACACAGTAGAAGCAGG,0.49993
CCCAACGCACCGAATAGTTACGG,0.47411
GGTTGGCAGCGTTCGGGCCCCGG,0.32034
GGCGGAGGAATATGTCCGAGAGG,0.58358
AGGTTCAGACTTCGGGAATCAGG,0.24206
GACGCCTGGAACGCAACTCCAGG,0.43372
CAATGGACCGGGTTAATGGGAGG,0.69187
AGTACAGTATTGGACACTGCGGG,0.71431
CAGGAACCACGCGCTGTTGAAGG,0.35073
GAAGTGCATCCCATCAGTTCTGG,0.34703
CAATACGAGCCATCCTCTGCTGG,0.46847
ATCAAACGGATCTACCACGATGG,0.64534
GTACTGCGCCGCGTCCATGTAGG,0.70267
GCAGGCATGTCTGTTCCCGCCGG,0.62546
TTCTGGATCCGGATTACCACTGG,0.4418
GATGATGGGCAGCGCCCGAGTGG,0.74082
GACGTCGATCGAGGCGGTGTGGG,0.55327
CGATGGTTGTGTCCCGAACGAGG,0.62305
ACACGACATGTGCTCAGCGGAGG,0.57627
AATCCGGGGTCCTCGCACAGAGG,0.69239
CAACCGACAGCTGAGACGAAGGG,0.70091
CACAACGATGTTCTTCAGCGGGG,0.83555
CTCGTTCGGGACACAACCATCGG,0.49692
TCGCTCGACCTAGGCTCCCGTGG,0.71162
ATTGCAGGTCAGATCAATAGTGG,0.56965
CGAGATCAGTCATCCCGAAGAGG,0.59686
ACCCCACTGTGGCGGCGAGATGG,0.50685
GCTATATACAAAACACCGCCTGG,0.41682
TCCTCCACGAAAGCCCGTCGAGG,0.59927
GGGAGGACGCTTGCGGGATAGGG,0.34499
GGAGACGTCCTTCCTTGTCGTGG,0.63411
TCACAACCAATTGTTGCTCCAGG,0.46435
AGCACGGCCCATAGGATCGATGG,0.57801
GAAGGGGATCATCTCGTCCGTGG,0.62536
TGAGTTGCACGCCGTAGCGGCGG,0.61605
GCACCACTGGACGTTTGCAGGGG,0.7132
AGCAGCCCTTCAACAGCGCGTGG,0.53527
TCTTGGACCTCGCTCGACCTAGG,0.61967
GCACGGCTTCCGCATCTACCTGG,0.51056
ATGATAGCCATCCCTAAGTGTGG,0.53556
CCTACAAGACAGCGCAAATGTGG,0.47633
GGTGGTTGAGCGTACTCGCACGG,0.64518
GGTGGTGGAGACTGCTCACGGGG,0.62952
ACAAGCACTTAAGTTTACACTGG,0.58939
AAGATGCGCATGGCTCGATGTGG,0.61035
GGTTGTGCTCACAGTCGCTGAGG,0.63732
TCAGATGAAGGATCAATCTCTGG,0.45323
TCGACAACTTAAACGGCTTCAGG,0.23454
GTAGCCCAGACTCCCATTATTGG,0.34828
TAGGCAATCTGCCCTCGTTCGGG,0.41437
ACAGGCTTCATTGACTGAACAGG,0.51611
GATAGAGCAACGGGTCATACTGG,0.51526
GCTCAGTACAGGACGTGTCCGGG,0.58322
TCACTAATCAGAACGGATCCAGG,0.42049
CCACATTTGCGCTGTCTTGTAGG,0.24672
ACGCAAAGGTCGTGGATCCAAGG,0.46911
GCTCTTCAAACCTCCTGTAGAGG,0.55598
GTTATGGTACTGATGTAACCAGG,0.73066
GACACTTGAAAATCTTTGACAGG,0.30413
GGATCGCCCTCGTCCTTGAAGGG,0.32695
TGCGACTTCGACAACTTAAACGG,0.28066
CATCACACTGTAGATCTCCTGGG,0.64864
GTACTTCAGGAGATTAAACGAGG,0.70822
CCCTCTTGACACGACGAACCTGG,0.41976
ACCGGTGAAGAAGCCGAAAATGG,0.46952
ATGTAGGGCTTGGCGAGTCTAGG,0.46813
GGTAGAAGGTGTAACTCCGGTGG,0.74282
