ATGGTGGTAGAAAGAGATGACGG,0.75217
ACTGCAATTCCAGTCCACGATGG,0.8593
CATGTTGTCACCACAAGTGTTGG,0.47445
GGTGCCTCTGACATGAGAACAGG,0.60616
GTTTTGCAAAGGAAGAAGGCAGG,0.46756
GTAATAAAGTCTCCAGCAAGAGG,0.54145
GAGCGGCTAAAGATTCCAGAAGG,0.62816
GGCAGTGTAATAGTGGCAGGAGG,0.51068
GGATTACCTTTTGAAAAGGGAGG,0.53567
TGAGATGACGACCTTAGTGCTGG,0.67142
AAGAACATTGTCTTGACAGGAGG,0.51742
GGATGTAAAAGAGTCCAGAAGGG,0.64461
GGGATGTTCAGAGACAAGTTTGG,0.36248
GGAGCTTACAACGCCAAAATCGG,0.4063
TAAACCCGATCCCTAAATCCTGG,0.51053
CTGGGGCTCTCAGTGCACATAGG,0.55837
CACAGATTGACGCACAGCGGAGG,0.62833
GATGGCCGGCCGGTTCCGGATGG,0.51306
GGTGCCGGCGTGGAGACAGGTGG,0.62225
AAGGCCATGAAGCAGTACAACGG,0.78735
GCTGTGCACTATGATCGCTCTGG,0.55126
GCGGAAGGCAGATGCCCTGAAGG,0.52107
GCAGTACAACGGCGTCCCTCTGG,0.61341
CAAGCTGAATGTTCATGGGGCGG,0.68332
CTAACACAGAAGGAAACCAGTGG,0.85958
AAAGACACTGTAGGACGTGAAGG,0.62417
CAGGTCGGAAAACGCAACATGGG,0.61735
CTGTTTCCCATCCTTCCGGGTGG,0.84174
GCATTTTGTGAAAAGGCGGATGG,0.46554
CTTGGTATCAGCAAGAGCAAAGG,0.57253
TAAAATTGCTCGAGTCACAGGGG,0.71653
GAACTCATCTTGCACTGATGTGG,0.65944
GAAGACGGCAAACAAGCTGATGG,0.68668
GAAGAGGAGGTATCTTGCAGTGG,0.54773
GCTGAGCATGAACAGCCTGGAGG,0.82944
GGGCAGCGCGATGGTAGGGGAGG,0.42406
GTAACCGGTACTCCTTGGAGAGG,0.72699
GGAGCCGAAAGCAAAAGTAATGG,0.51703
GCGGCCATACAGCCTCCAGATGG,0.68764
CAAACACACCAACTTTGTGGAGG,0.8572
GGTGTGTTTGGCGTCTCGGACGG,0.68628
ACTGCATGTACCACTTGGCCAGG,0.4685
GCTTTATCCTCATCCAGAACCGG,0.44286
GCAAGACGCGCCTGGCCAAGTGG,0.58103
GGGCGTCACCTCCACAAAGTTGG,0.59624
TGCCTGCCCGGTTCTGGATGAGG,0.39048
CCGAGAGACCAGCCAGACGAAGG,0.67338
GAAGAGTTGGCAACAAGCAGAGG,0.64304
TAAGCCCATCCACATTGGGAGGG,0.74608
GTGTCAGCAGAATGAAGCCATGG,0.7133
GAAGTGGCCAAACCCAACATAGG,0.83957
ATGGCACTAAGTTTGACCGGAGG,0.95302
ACATGGCCACTACCAAGCGACGG,0.88698
GTGGAGACTACAAACCACAGAGG,0.83763
CAAGTTTTAAAGCCTTGCTGGGG,0.61878
AAAACTTGGAGCCAAAGGAAAGG,0.44094
GGTGTTCAGAGCCGTCAGAGAGG,0.76621
TGAGATGCGTCGTAAAGCAAAGG,0.56024
AGTACGCTTGCCCATACTAGAGG,0.70235
TTAACCTGTGGACGAGACGGAGG,0.69162
ACAGCCATTTCCACTCTCCGAGG,0.65509
GACTCAAGAACGTGAAGCTAAGG,0.57969
CGAAGAGATGCAGAGAGACAGGG,0.58987
CAGCAGGATTGAATGTGCCATGG,0.77314
TGCTGTGCTCTCACAGGAGAAGG,0.35028
TTGATTGCAGGATTTACGGAAGG,0.60735
AGGAGTCTCTGCGATCATCCTGG,0.41896
TGGAGCCTCTTCTGTAACCAAGG,0.62579
GTTCATACTTCTCCAACCATAGG,0.65052
TTATCTCACACCAATCCGGGAGG,0.87801
AGGCAGCTTCGAGCAGATGGAGG,0.65464
GCTCTACAATGCCATTCTGGTGG,0.70856
AAGTTCTGCACCCTACTGGGCGG,0.88614
GGGTAGAGCCGCCCACAGTGTGG,0.71722
GAGTACAAGCTGCTCTTCGAGGG,0.67976
CCCGGAGCTTTACTTTAACGTGG,0.61549
CAGCAAAGTAGAGTTCCCCATGG,0.8378
CACACTACTGAAATCTGCGGTGG,0.56695
CGAGATCAATAACCCCACAGTGG,0.77817
GGGTCCCTGAGAGGCTGCGGTGG,0.57034
GAGGTGGTACTGGGCACTGGTGG,0.41262
GACTGGGGATGTAGAGACGGTGG,0.68007
AATGCCAGTAGCAGTACCAGTGG,0.84613
GAGGAAGAGTGAACCAACAGTGG,0.48361
CATGGAATGAGAAGAAGAGGAGG,0.597
GAGGCTGCCAAAGTTTGCAGAGG,0.63906
GAGCAGAGGAATGTTAGTGGTGG,0.69225
GAAGTAAATCACAGCCCCGGAGG,0.81691
GGACAGGCTAACACCAATGGAGG,0.77757
AGTGTGATTGTGCTGAGCGCAGG,0.53026
AGACTCACCACTGAGCGCGGAGG,0.86914
GGATGATGACGAAGGCGACGAGG,0.66805
TGAGAGGAGAGGTGCAGAGGAGG,0.36857
CGAGCGTGCGGCCGGAGAAGCGG,0.41548
GGACGGAGCCCTTGATGACGAGG,0.40417
GCGGCGGTCTGAGCCCGAACTGG,0.43825
GGATTCTGAGGACGACGAGGAGG,0.70203
AAAGGAGCAGAGCAAAACCGTGG,0.89609
TCTGGCACCTCCTCAAGAGGTGG,0.58741
GATGTGGTCAATGTTAGTGAGGG,0.71457
GACTCCCTGACCACCACGGGAGG,0.64769
GCGGCCAAGGCTCCTCCAGGAGG,0.6054
GCAACCAAGAGGAAACGGCGTGG,0.85727
TAAGCGGCACGCCACAGCAGAGG,0.5525
AGTCATCTTCAGTTCAGCGAGGG,0.56402
ACAGGGTCAAAAGACAAAAGGGG,0.72523
TGGCTTTTGGGATGATACCGTGG,0.78982
AGGCTTTCAAATTCACCTCACGG,0.47417
ACACGTGGTCCACAAATGGTTGG,0.6716
ATTTTCCAGGGAAGTTTTGGAGG,0.64365
AAGGCACCTGCTTTAGAATGAGG,0.52403
ATGGCTTTCAGATAAGGACAAGG,0.80076
GTGGATCGTTGGATGCCGCATGG,0.57151
GGAGGCCACAGTTGTACTGGAGG,0.69575
GTGGAAGTGGACGTGGGCGCGGG,0.3547
GCACATGCCCAGTGACACCGCGG,0.84041
CGAGTAACAGCACCACCAGAAGG,0.61657
CAAGAAGAAGGACTACACCCAGG,0.8472
AGTGAACCAGCAACTTCAGGAGG,0.81518
GGAGGCCGCAGTCGTACTGGAGG,0.66916
CGAGAGGCCAACAAGAGCGCGGG,0.43754
AAGAAGGTGGTGACTGGCCGTGG,0.5171
GGCTAAGGACAATGTGGAGAAGG,0.52374
GCATAATGAGCTGAAGAAGGTGG,0.83281
CAGCTGGCTGTCGCTGCTGGCGG,0.39318
GTGATAGACCTTCTCGGCCGCGG,0.60429
GTGAGGAGCAGTCCCACCCAGGG,0.68322
GTTTCTGCCCCAGGTAGGTGAGG,0.57833
GAAACATCCACAGCAGCGACTGG,0.50057
ACCTTTGCAGTTGAAGCCGGCGG,0.53766
GACACAGGATGCAGTTGCTAAGG,0.53805
CGAGAGCCGTCAACTTGCGTCGG,0.50008
ACTTGGGCCAGTCGCTGCTGTGG,0.53038
CATGACGCTGAATCTGAAGCAGG,0.59444
CACTACAAGATTGAAGACAGAGG,0.74474
ATTCTTGGTTTTGACACAGGAGG,0.64726
TCTGCGATTGCTGCACATAGAGG,0.51839
TGATTTTAAGGCTGGTGTGATGG,0.53483
GGAGCTGTTCAAGCGGAAGATGG,0.5343
GGAAGATGGAGGAGGAGCAGCGG,0.58956
CAGGTGGGCAAACGCAGAGGCGG,0.58597
GAACAAACTAGCCCTCAAGACGG,0.53177
GACGAGGAGGTGTCGGGCGCGGG,0.40078
CCTTCCTCTTCGGATCCCCGGGG,0.86682
AAGGACTGTCTGCATACCCACGG,0.80134
GGAGTTCCATACCACCGGACTGG,0.60137
GGAGGACATGATCCGGCAGAGGG,0.73931
GCATGAAATGGTAGAGACTGGGG,0.70691
TCTGGTAGAAAGATTGGAGAGGG,0.58683
TCACCATAGCCACCCAGCCCAGG,0.49531
TGTGTCCTCAATCACCAGGTTGG,0.64746
CCTGGTATTCGATGACGTGGTGG,0.63875
AAGGTCACTTACCTTTCAAGTGG,0.65276
GGAGTCTAGATGTCAGCCAAAGG,0.75459
AGCTCAGTCCAACACACCCAAGG,0.70023
AAGACTAGAAGCTCAACTGAAGG,0.56685
ATAGACAATGCCAACACAGAAGG,0.62021
TCAGAATGACTGCAAGACTAAGG,0.49242
CGGATCAAGTCAGTTGCCAATGG,0.49652
CAAGTGGCAAGTTCTCTTGAAGG,0.4184
ACACCAGCTGAATGCCCTGTTGG,0.51494
TAGGTACAGCCCAAGCACCTTGG,0.60794
AGGACTTGATCCAGCCACCGAGG,0.74291
GCACCACCTTGTCACTGCAGTGG,0.57907
GATGGTTCGGAGCTTTGAGACGG,0.68723
TGTGGTGTAGGCTGAAGAGATGG,0.49017
CCGACAGGTTAAGCGAGCCGTGG,0.62203
AGGTTTGCTGAAGTTACTGAAGG,0.53073
GTACTGGGATAAGAAAGACTTGG,0.61847
GAGGCCCGGTACCGCCGAGAGGG,0.52777
GATTCAAGTCCAGCATCCAGCGG,0.71362
GCAGCAGATGCACCCAACAGTGG,0.68967
GAATCCAGCAGCACAATGCGAGG,0.57106
GATGATGTTGGAACAGGAGCAGG,0.48594
AGAGGAACTCACCCGAAGGGAGG,0.69369
GCAGACTTATAAGACAGCAGTGG,0.66956
TGAGCACGAGCACTGGACGATGG,0.67951
GGTGATCAGTGCTTACCGCAAGG,0.75273
CCGGATAGTCAGCCGACCAGAGG,0.73522
GAACTGAGAGAAGATGATGTTGG,0.6538
GCACTGACTGATACCAACAGAGG,0.69766
GAGAGTGATACCTTTGGCGGCGG,0.57412
CAAGATATAGAAGCAGGAGATGG,0.60497
GGGTTCTGCTGAGTTAGCTGAGG,0.60404
CCTGATAGGCGCCTTTCCCGCGG,0.66947
GAATATTCACGAACACTGAGTGG,0.58495
TGAGTCATTCCAGAAGGCCCTGG,0.49891
TGGTGCTCCAGAAATAGAGTTGG,0.60869
GAGGGTCCCCATGGACGCCATGG,0.47563
AGGGCGCCCATATTCATCGAAGG,0.63159
GATCCGCCCTCCTGTTGCGATGG,0.49109
GCGGAGCAATTGCTAGACCGAGG,0.70295
GTACACTTTGGAGCCCAGCGTGG,0.68846
TGGAGATGGAACCACAGGAGTGG,0.72225
CTGATTGCCATCGCAACAGGAGG,0.55487
AGCGTTTGCCGACGCACTGGAGG,0.7094
GGGGATGACCTCCAGTGCGTCGG,0.5599
GGTCAACATCAGCGCAGCGCGGG,0.41125
GACCCTGAACCCCAAGGCCGAGG,0.44373
TCAGATCAAAGATGCAGTGAGGG,0.73288
GGGGTCTGCAGGACGTGCTAAGG,0.5062
CAGGGAAACACTTATAGATGTGG,0.65699
AACAGGCTCGTTTCTGGCGCTGG,0.30846
TATCAGGATGCCGTGCTCCGTGG,0.69892
AAGGACCAACCTGGGGCCCAAGG,0.44023
GATAAGAGTCCACACAGTTGAGG,0.66186
GCATTGTCACACAGCTGGCGTGG,0.40725
GGCGCCGCCACGGAGAATGAAGG,0.74093
GATTCAGTGGTGGCTGGTGGCGG,0.34111
GGAACTCTCCAAGTACCTGCGGG,0.66374
GGGTGGCCACATCCCCAATGGGG,0.63407
TAAACTGCTCGGCGCCGCCACGG,0.49116
TAGTCCTTGAGTAATCCCGCAGG,0.79954
TGCTCTGTCAGCAGATGTGCTGG,0.36592
ATAGAAAGGGCAGTAGACGATGG,0.88073
AGAGTTTTCTGCCAGTGCGCGGG,0.47112
GCACTTTTCAGGATTAGAAGAGG,0.51835
ACAGATCACATCATATGGAGAGG,0.78788
TCACAAACAACTTCTCCAAGTGG,0.58974
GTAAAGGACATGCTGGAAGCTGG,0.48893
GACAGATGTTACATCACCTTCGG,0.49624
CATGGCGCTTCACGTTCCCAAGG,0.65318
AGATGGCACAAACTTTGTTCTGG,0.37289
ACAGGAAGAAGAGAAACCTGGGG,0.76698
CAAGTGCATGAGGGAGTCGGCGG,0.64448
TGGATGAAATCACAGCAAAGAGG,0.70981
GCAGCTCTGGCCGCTTCCTATGG,0.39282
GGACCCTGAACCCGAACCATAGG,0.68121
AGGGAGTCGGCGGCTGGCAGCGG,0.42822
AGATTAACACCAACATCCTGAGG,0.72613
GCAGTGACTTTGTCTCCAAATGG,0.45404
AGTGGACTCGGCTCCGGAGGTGG,0.46724
GTTAAACAAGGAATGAGCCATGG,0.78954
GGATGAAATTCTGAAAGCAGCGG,0.64908
AGAATGGTCCAGAGAAGAAGAGG,0.53031
AGTTGATGCCAACTCAGTGGAGG,0.79922
AATTGCACGTCAAACTGCCGAGG,0.54434
GTGGACACCCCATTGAAAGGTGG,0.68674
GAAGGGCTGACTCCCCGGAGTGG,0.61832
AAGATTCTGCTATTCCCCGGAGG,0.90164
GAGAAGTCACTCTCATGCAATGG,0.43155
GCATTGCCATGAAGGAGCCAAGG,0.58872
GAACCAAGAAGCACATCAGGTGG,0.7263
AAGATCCTGTGTACTGGTGGAGG,0.70035
AATCTGTGTTGAGTACTCCGAGG,0.88388
AGGCTATCCCTCACACTCCGAGG,0.70068
ACATAGACGGATCTCAATGGAGG,0.87352
TTTATTTCCAGGATCAACCGTGG,0.7598
GAAAAGGGTTTCAGCTGAAGAGG,0.44088
GGAGGGGCCAGAGTTTGTGGAGG,0.51109
GAAGCACTCAATGCCCGAGGTGG,0.6886
GGAGCGGAAGGGGATGGCGTCGG,0.39302
GAAGAGCAAATCCAAGCGGAAGG,0.55168
GCGGATAGGCACCTCCACAGGGG,0.72734
GCTGCGGCTACTACGGCTGGTGG,0.59366
GGTCTGCCTGGATCCCGACATGG,0.45196
GACATGGAGAAGGCTCCCGAGGG,0.72378
GAGTACCTGGATGCTACAGGTGG,0.69526
GAAGGGTGTCACCAAGGCCATGG,0.46116
GCTACTGCGGCAGAACCAGAGGG,0.69095
CAAACTTGCGCACATAGCGCCGG,0.41487
GGGTGATGAGGAAGATGAAGAGG,0.67913
GGTCCAGCTCCCGCATGGCACGG,0.63465
CCAGATCCAGAAGATCATGATGG,0.66678
TGAGCGGCAGGCAGAGATCATGG,0.62559
GCGACAGAAACTAGAGACCCAGG,0.571
GATGGCCAAGCAAGGCCAGATGG,0.65478
GCAGTTCGGGGCCAAGCTGGAGG,0.48058
GTACTCCAGACACTATCCGTCGG,0.93428
GTAGGCCTGTACTTCAGCAAGGG,0.62984
AAGAATAATCGCCCATCTGAAGG,0.47694
GGTATCAACCCAGCAAACATTGG,0.54972
AAAAGTAGGAGAGCAGGCCCAGG,0.49311
AAAGTGTCTCAGCCCATTGAAGG,0.52503
GAAGTTGGCACACCACCTACAGG,0.63917
GTCCTTCAGAATCAAAGGCATGG,0.45782
GGAGTCAGCATCTTTAGGGATGG,0.65258
GGATCAATGGTGAGTACCCGGGG,0.79615
GGAGACATTTGACCCAGAGAAGG,0.69826
GCAGCTGGTGGGGCTGAAGATGG,0.41195
GAAGAATGGTGTACCAGCTGTGG,0.51611
CAAGAAGTGGCACACTGAGAAGG,0.52484
TCGGATGGTCTGATCATCGGAGG,0.78057
ATTTGGAACTACAGATGCAGTGG,0.73312
TGGGAGGTTGATACCTGCCGGGG,0.58088
ATAACCAGAAACCATGACGGCGG,0.91388
GAAAACTCTGCAGTTAGCACTGG,0.475
GATCCGCAGGTCCCTTGGAGAGG,0.61289
AGGTAGCACAAAACGAATGATGG,0.6192
GTTCCTAAAACAACTCCAGATGG,0.53292
TATTGTGCTAGGATTTACCGAGG,0.88094
GGTCAGAGTTGTGGCAAGGGAGG,0.51955
GCTGAGTTTACTGGCAGCAATGG,0.47491
GGAGCAAGAGTCAAAGGAGACGG,0.60953
GGTGACAGTTAACACCAACATGG,0.83066
GCAGGCCAACCTAAAAGCAATGG,0.55161
CCAGTTAGCAGTGGAAGCAGAGG,0.67551
GGAGTGCCTGCATCATGCACAGG,0.53715
GTACCTGTCCAAGTGGGCAATGG,0.57314
CTACCATTCCAAAAGAACAGAGG,0.86715
GAGCACACTGAATTATGGAATGG,0.56695
GTAGTCAGCAAACATGCGCACGG,0.78708
GAGAATGCAGGACCTGGACGAGG,0.52479
GGCCAGGCTGACCCAGGCAGTGG,0.48523
GGTACTCCTTGATGAAGGGATGG,0.55186
CTACCAGCAGTGCATAAACGAGG,0.59235
ATCAAGCCCAGAGAGAGACGTGG,0.68676
GGTGCTGGGACAGGACGATGAGG,0.54216
CTGGAGCTCAGGGGCCGAGGAGG,0.45815
CTGATAACTCCCATAATCAGTGG,0.6641
AAATCCATTTGACTCACAGGAGG,0.8931
TGATGAGGAGGACTACGACCTGG,0.70508
GGCCAAGATGTCTGACATGGAGG,0.5925
GAGGGAAGGTGAATTTGAAAAGG,0.43152
CATAATCAGTGGATGAGGGATGG,0.66295
TAGTAACTCCGAGCCAAATGTGG,0.49308
ATGTCAGATGGATTTACTGCAGG,0.35085
GAGAAATGCAGCCCAAGTGTTGG,0.7997
GATTGCTAGGCTATATCTGGAGG,0.67651
GCCCAGCTCATGAATTCGAGCGG,0.62724
GAGCGGCTCTCATAAAGATCTGG,0.50835
GGAGGATGATGATCCAGTCCAGG,0.66749
AAGAGCTCCAAGTTCTTCGAAGG,0.5745
AGGAATTCCCACCAACACTTGGG,0.51254
CAAATGAAATGACTCTAGGCTGG,0.54789
CCACGAAAGTGAAAGACTAGAGG,0.70125
GATTTATGTAAGCCTCTGCCTGG,0.44925
GCAGCTACGAACGGGACCGGAGG,0.75496
GCATGCGCTCCCAGGAGGGGCGG,0.57635
GACAAGGGGATGGAGAGCGACGG,0.52772
GAGATGTTGAGAATGACAAGGGG,0.85753
TGAGCTGCTGTCCCACACCGTGG,0.75902
CGAATGACAGCAACAGGCAGTGG,0.56692
ACAGAGCATAGGCCTCCCGCAGG,0.67955
GAGACAGTGACACAGAGCATAGG,0.79644
GACCGGAGGAAGCAGCGGGATGG,0.56438
GCAGGCAAATTCTGAACTTGGGG,0.44622
CAACCATCAACGCTCACCAGTGG,0.79888
TGTTGGACTTCCTGTAGAAGAGG,0.50729
GCTGGACCGTCTCAGACCACTGG,0.65492
GAATTTAGTTGCAGGGGCCCTGG,0.3719
CCAATTATGGAAGCACTTAGAGG,0.60885
GATGCCAGTGGCGGTGATGGCGG,0.48531
GCTTTGACAGTATACAGGGAAGG,0.84857
AGCACTGCTGGAGAACATGGAGG,0.59842
CCAGCAGGTGGTACACCGGGTGG,0.78851
GGAGAGTCATACCTGAGACACGG,0.80783
GGAGGGGCTGTTCTTGGCTGTGG,0.35319
AGAGAGTGATCCCCAGCAGGTGG,0.76378
GTGGATGAAATTGTAGATGGAGG,0.54341
GAGACACGGTCTGCTCCGTAAGG,0.39867
TCAGGAATGTCAATAAGCAGTGG,0.66007
AGACAAAAGAGGAAAAGCGGTGG,0.60071
TAGGACAAAGAACAGACCGCTGG,0.75803
CTGATCTGTCCACGAACCAGCGG,0.78135
TGTAGGGAAAGAGACAAAAGAGG,0.49107
ACTGACCTGATTGATGGAGTTGG,0.66501
TTTCTGGACAAAGATAGGCTGGG,0.57753
GAATCTGTGATAAGTAGGGAAGG,0.63712
GGGAGGGCACCAAGGTGGAGAGG,0.49886
CTTTCCGACAGCATACGGGAGGG,0.76065
GACCATGACATAAAGAGAGATGG,0.5029
AGAGTTTCCAAAGTGGACACAGG,0.56828
CAAGCAAGTTCTCTTACGGGAGG,0.66167
CAACTTGGAGAAGATAGCAAAGG,0.70897
CCAGCTGGTCATATGATAGGTGG,0.74733
GACTTGATGATGAAAGGTGAAGG,0.83277
GACAAATGGAGATGAACCTATGG,0.57917
CACGATATTGTAAACAGAGGAGG,0.64456
GCAGTGACCTTAAACTTCAGAGG,0.76742
GATCTCAATCATGAACATGGCGG,0.8801
CATAGACTAACCACATGAGGCGG,0.80112
ACAGGGGTCGGATCAGCAGCTGG,0.57223
ATCACTGTGGAGCTCTGCCCTGG,0.399
GATTGAGATCGCAGGCGTGAAGG,0.53351
CAAGTATTCCTGAGACCCGCTGG,0.59272
ATAATGAATGTGCTGTACGGAGG,0.68708
ACACTGAGTATACCAAACTGTGG,0.83599
AAACAGAATCCTCAGGGCAGAGG,0.46358
AACGGCTCTTTACTATGCGAGGG,0.63824
GAAGTGTGAGAGCTTTGAAAAGG,0.56656
ATGGTGAATCGCTTTCAGAGTGG,0.69374
CCTGTTCTTTCCCAAAGCACTGG,0.45199
GATCCTGGATAACTCCCCAGGGG,0.90263
TCTTCATTTACCTTCTGCGGAGG,0.716
TCTGCGGAGGCAGATCCGCACGG,0.79842
GGTGGTGTTTACAGCAAGCATGG,0.53642
CTGAGGCCCACAGTCCGGCCTGG,0.43486
CCGGGGTCATCGGGATGATGCGG,0.56362
GGGCATCCAGCATTGGGAGCAGG,0.38438
GGAGCCCCTCCTCATGCTGGTGG,0.43794
ACAGCATCATCCAGCTGCAGGGG,0.64222
GGGATTTCTTGGGTCAGGCATGG,0.42573
GCCTGAGGCAGAAGGAGAAGAGG,0.54856
CCAATGCCTCCACCAGCATGAGG,0.69336
TAATGTCCAGGCTCTTGTGGCGG,0.73712
GGCAGATGCCAGACTGGAGACGG,0.52473
GGAGCGGCAGCACCTCCAGGAGG,0.80144
GGTCACGCAGCCGTTCACGGCGG,0.90843
GGTAGAAGAAACCGAACTGATGG,0.59512
GAAGAGGCAGAGCCCAAGCAGGG,0.73306
CATGGAAGGAAACTTTGAAGAGG,0.87298
GGAAAAGACCAACCTCCTGGAGG,0.76596
AAAGGCCATCATAGAGACGCAGG,0.57244
GAAGCACAGAAACTTGGTAATGG,0.50441
AAGGATACTCAGATCAACGAAGG,0.59487
TGATAAAGCGAATGCAACAGTGG,0.6945
GTTACCTTAGGGTCATCCGGAGG,0.78743
CCAAATGACAGAGCAACCTGAGG,0.65636
GTCCAGCAGACGGCCTGGTGTGG,0.47198
TGCGTAAGAAGATCGAGAAGCGG,0.54899
ACGTTACCTGTCAGTCCCAGGGG,0.82293
GAACTAGCCATGCAAACCTTTGG,0.48211
GGCATGTCTCAAGAAGCAGTGGG,0.67349
GACACTGCGAAAGCAAACCGAGG,0.64974
GAACTGCAAGACAGGAAGAGAGG,0.69658
GAAAACGGCAATAACTGTGGAGG,0.71958
GATAGAGGAGAAGGGAGCTGTGG,0.50905
GGAGATTGATTCCAAAGTGAAGG,0.46426
GGAGCCCATTGAAAAGAAAGTGG,0.67587
ACGTGGGTTAGACATCCCTGAGG,0.97556
GACAGGCAGAGCTGGAAGGACGG,0.45079
AGAGTGGTCTGTGTTTACGGAGG,0.92411
GTAAACGTGGAGATGACAGACGG,0.85063
AAAGGAGGGAAATGAAATGGAGG,0.58062
GGAGAATGACCAGGATGCCATGG,0.66661
GGCATTGCCAAAACAGGAAGTGG,0.41796
GACATGTTAGCCGCTAACAGTGG,0.86833
GATAAGCAGGAACATGCTGATGG,0.75264
GAAGCCGCAATTACAATCAGAGG,0.72381
GAAGTAGAGATAGAGATAGGAGG,0.61172
GGGCTGCACTGACTTCACCGTGG,0.92308
ACAGCTTCTGCAAGATGGGAAGG,0.60806
GGGGCGAACTCACCAGGAAGCGG,0.55872
CATGGAGTGCAGAGCCACGGTGG,0.58607
GAAGCTGGAGGAGTTCTCCGTGG,0.63099
GCTGGTGCCTGAGAAGGTCAAGG,0.59304
GCCATACTCACCCTCCAGGATGG,0.73739
GGAGCAGCGAGGAGGCGCCAGGG,0.43051
CCACGATGTCAGCCAAGCAGCGG,0.75238
GAGAAGAGCAGCTTCTGCAGGGG,0.62031
AGCCCTGTGGAGAAAAGCCGGGG,0.52232
AGGGGCCTGGAAGATACAGATGG,0.56176
GCTGGTTCCTCGGTACGAGGAGG,0.79523
GAAGCAGCCTGAGAAGGAGGAGG,0.55345
GCCATCCAAGATCACCGGGATGG,0.59256
TGAGCCGCTCGAACATTGGGAGG,0.74238
TCGGGTGCCACAGAGTGTGGTGG,0.6187
GTGGTGGACGAGGAGGACAGTGG,0.63832
CAAGCGGCAGAAGGACCGCAAGG,0.66481
GCTTCCAGCAGGGACAGCAGGGG,0.6205
GGAGCAGCAGGAGGGCCCAGTGG,0.54989
GATTCGACGGATACTTCGGGTGG,0.73724
GTGGAGAAGACAGGGCACAGTGG,0.81127
GAAGAGTAAGAAGGACAAGAAGG,0.60672
GAATCCAGGCTACCACCTCATGG,0.61536
GTGAAGTCACAACAGAGTGCAGG,0.66911
CAACTCCCAATAACAAACCAAGG,0.73917
ACAAGGATGAGAGTTACCTGCGG,0.92824
GCGGCAGCTGGACGAGGAGGCGG,0.37664
GACTCGGCTGAAGGATGACGTGG,0.70261
CATGAAGCGGCTCCACGAGGAGG,0.60679
GGCCATGGACAAGTTGGAGGTGG,0.71187
AGAGATGCTGACCCAGCAGAGGG,0.81678
GGACAAGCTGCAGACCGAAGTGG,0.59339
GAAGGCGGCCAATGAGGAGATGG,0.45277
GGAGTTGTTTGACTTAGTGGAGG,0.67996
AGGATGATGAACGAAGGCAGAGG,0.68428
GAAGCCAGCCAGGCTGCTGGAGG,0.49612
AAAGACTGGCAGCAAGAGTGTGG,0.60461
AACCAAAGCCAAGCAACTGAAGG,0.48517
AGAGAGAGCTCGGTCTGCAGAGG,0.58923
GGAACGGCACCAGCCCGAGCTGG,0.45477
CATGTCATCGGGCAAGGTGGTGG,0.49794
CACAGGGACTTCCTTCCCCGCGG,0.78053
GGGTGACGATTCCTGAACCGCGG,0.83446
GTCCCTGGAGAAGGAGGTGGAGG,0.41558
GGACACTCTGGAGCTCTCCGGGG,0.68032
GTCCTGGTACAAGGATGAGGAGG,0.72909
GAAACGTCTACAAGGACCTGCGG,0.87119
GGAGACCATTCGCAACCTGGTGG,0.74452
GGTAGGCCAGCAGCTCGTGGTGG,0.72778
GAAGAACCAGGAGTATGCAGAGG,0.74921
GGTGGTTACCAGATCTGCACGGG,0.69279
GGCCAGCATCCAAGCCGCGTCGG,0.53297
GGGACTGAACCATCTACGGATGG,0.67202
AGGAAATGAGAAACAGATCGTGG,0.59652
AGTGAAGACATGAACAGTGAAGG,0.54083
TCTGCGCCCAACACATCTCAGGG,0.65468
ACAAGCAGCAGCATAGACCCTGG,0.72802
ACTGCTTGATACTCAGACCAGGG,0.90007
GGGCTGGGAGAATCACGTGGAGG,0.5757
GAACAGAGTCCAGAAAGCAGTGG,0.67955
GGGAGGATGAGGCACAGCGGCGG,0.63082
GGAGGGCCACACAAGACCAGGGG,0.73304
GTAGATGCTGCTGCAGGCGGTGG,0.45431
GAGCCACCTCAAGCGCACCGTGG,0.71035
GCTGGAGGAGAAGAGCGCCCTGG,0.57261
GAGTGAAGCTGAAGAACTGATGG,0.67335
GTTATGGCTCAACCCAAAGAAGG,0.71131
GTGTACACAGCATGCCGCCATGG,0.57966
GGAACGTAAGAAGCAGCGACTGG,0.47922
TATGTAGGATAGCATGGAGTTGG,0.58671
TCTTCTTCAGGTTCAATAGGTGG,0.67558
AGTTTAACCCACCTGTGGATGGG,0.43845
ATTACTGTACCTAGATCCCACGG,0.79925
GAGCAACAGCTTCCTTCTTCTGG,0.23141
CGAGCGGGCCAAGAAAGTAGAGG,0.8091
CCAGGCCGCACCTTCAGCAGGGG,0.52507
GCTGCGAGCTCCTGTACGAGGGG,0.69391
GATCTGCCTGAAGGACCTGGAGG,0.58045
AGACTCCCTGGTGTGCAAGGCGG,0.65575
GCACCACCTCCATCCCAGGGTGG,0.84081
GAAGTACTACCCAACAGCCGAGG,0.78586
GACTGGCCCCAACATTCTGGTGG,0.62324
GTACAGCATCTGCTTCACGCTGG,0.62708
AGACCAGCCTGAGCAAGGGGCGG,0.66281
ATTGAGCACACCTACACCGGTGG,0.85932
AGACTCCCAGATATGCACCGTGG,0.87335
GAACACGGTTCACCTCGATGTGG,0.89098
GTATTCAAAGAGGATGGTCAGGG,0.80372
CTCCCCGCTAGAGTATGCTCAGG,0.62279
AGACGAAGCTAGAAGTCTGAAGG,0.64163
ACTCAGACATTACCATGCTCTGG,0.69516
GAAACTGATACATTTGGTCCTGG,0.44319
AAGAGGTTATGTCACATCAGAGG,0.71297
TGTGTTTCGATGGTGTAAAGAGG,0.55028
ACCTCGGACATTATTTTGGTTGG,0.52595
GGTTGGTCTCCGAGACTACCAGG,0.70206
GATGCCGGGATCCGCAGCGAAGG,0.49836
GTGGAGACCCTGAAGCGGGGTGG,0.7297
GAAGTCCTGCCATTCACAGAAGG,0.74805
TCAGCCCTCCGAGACCACCGTGG,0.81139
CACAAACTGTTGACATCCGGAGG,0.71052
GTAGTGATGGCAGTAGGTGGAGG,0.69876
GCAGCGTGACTTCATTGGAGTGG,0.66511
GGAATTTCAAGCAGTAGTGATGG,0.60532
TGGGCTGACGAATGGACTGGTGG,0.70163
CATGAACTCAGTCACTGTGGAGG,0.70552
ATGTCCACATCATGAAAGAGGGG,0.84736
TTGTTCCCAACTGGAAGCAGAGG,0.69513
AACAGACGTTGCCTTACATGAGG,0.70103
AGCAGACTTGGATGAAGAGCTGG,0.52367
ACAGCAGAAGAAGAAACGGAAGG,0.58956
TGAGCGTCGAGCCAAGCAGGAGG,0.65874
AGGGACAGCACAGTTAGCCCTGG,0.49021
GTATCTGCAGCCCAATGTCAAGG,0.80937
GGGTTTCTCCAGCTGTGCTGGGG,0.51451
GAAGTAGGTCATCAACCTGAGGG,0.82334
GCATGCTCGCTGACAGGGGACGG,0.6432
CCAGTGTGGGCAGTTCCAAGCGG,0.73767
AGGAGGCTTGGACAGAGGGCCGG,0.50499
AAGAGACTACACATACGAGGAGG,0.74296
GCCAGAGCCAACTGAGGACAAGG,0.43988
AGAGTCGTGTGTCCTTCTGCAGG,0.49177
GCCCGTGACAGCCTGGAAGCCGG,0.48363
GGATTTGGAAGCTGATGAAGAGG,0.61823
TCAAGAACCAACTGAACCAGAGG,0.8366
CCTACTCGGACGACTTGTGGAGG,0.79971
GAATGTTAAGTTCCCAGATGAGG,0.64776
CTCGAGCCGCAGCCATGTCTGGG,0.36167
ACCGGACACAATCCTGCAGAAGG,0.5556
GGTGAACATAAAATCTCTGGAGG,0.6812
GGCATATTTGAAAATGGCAGAGG,0.48444
CCAGAAAGTGCGGAAGGCTGAGG,0.47349
GAGGCTGCGCCAGGAAGCAAAGG,0.49614
GCAGATTCTGAGTGGAGAAGAGG,0.51661
TCATCATCCATGCCACGCCGGGG,0.87775
CGAATTGCCGATGAAGACAGGGG,0.68652
GAGGACAGAGGACCAAGACGTGG,0.64452
GAGGACGCGGGAGGAAACGAGGG,0.78544
GATGCTGTGAAGAACGCCGACGG,0.80714
TGAGGAGGTGGGGATCGCGGAGG,0.59554
CGAGGTGAGGACCGAGCCGGCGG,0.58786
GCTTCTGCCAGCTGCTGTGGCGG,0.55668
GAAGTACCGGAAAATGGCCCAGG,0.5361
GGACCAGCCAACACAGACAGTGG,0.68312
GGACTCGCTGTCCGAACCGGTGG,0.82152
AGGATGCGGATATAGAACCGGGG,0.85314
GATGAACAAGAACAATGCCAAGG,0.62995
AGAAGGGAAACAAACCGCGCTGG,0.49414
GAGGAGGAGGAGGACAATGAAGG,0.46277
GAAACCCTCACCTTAACCAACGG,0.70309
GAATCGAATGAGATTTGCCCAGG,0.73573
GATGCTGCTTACATGTCCTGTGG,0.83469
GACCTACCGGTACGCAACAGAGG,0.6996
GACGCAGCGTAAAATGCCCCAGG,0.48763
CATCTGCATGAAGCTGGAGGAGG,0.57857
CAGGACAACCCCTCAGGCTGGGG,0.43902
ACTGTGGCTGATAAAGGAAGAGG,0.78409
TAACCGTGTAAGGTCTTCCATGG,0.65688
GGATGTTCGAAAACGTCGGCAGG,0.53372
ACTTAATGCTGATACACTGGTGG,0.7189
TGTGAATGACTTCTTCTTGGTGG,0.56062
AGAGAACATGGCTCATTCACTGG,0.45827
TTTCAGTTGTGCAACCACTGTGG,0.56837
GCAAAATTCCAGTACGAATGTGG,0.37387
CAAGGCAAATGCAGTCAACCAGG,0.52978
TACGACACTGAACGCATCGGAGG,0.74615
GTTGCAGCCGCTGCTGCCGCAGG,0.29853
TCCATTTCACAGGTACGCTACGG,0.51363
AGACTGTGGTCACCTGACGTAGG,0.86599
GCAATATGCAGAGGATGTACTGG,0.70599
TGAGCATCAAAGCCTACGTCAGG,0.6003
GCACTTTAATGGGAGTCCCTGGG,0.67771
CCTCCCCAACTTACCAGCCCAGG,0.49754
CCTCTCGGCTGTAGTACTCGTGG,0.6009
GACATCGTCACTGACAGTGGTGG,0.87099
GCTGCATGGACTCCCCGCGGCGG,0.71804
CACGCGCAGCATCCTCGCGGCGG,0.7932
CAGTTGGGCCGACCAGGTGGAGG,0.54172
GAGTACAAGATAGATGAGGATGG,0.7382
CCAGGACCTGAACTGCCAGGAGG,0.73648
GCGGCGGTGGAAGCTGATGAAGG,0.73251
GGGTCTCAATCCTGAAGGTGCGG,0.65795
GGGAAAGGCAAAGGCAAAGGCGG,0.45353
ACAGTTGCTGATGGACAGAGTGG,0.82598
AATATGCAGCGCCAGAGCCGAGG,0.58699
GACAGGTCCTCCTCAGGGAGCGG,0.42725
GCATCATCCTCTGTGTGCTGAGG,0.49106
GATCAATGTTTACATGGCGAAGG,0.57703
AAGATGGCGTCCCGCAAGGAAGG,0.59662
CTGAGAGTCCAGGAGTGCCCGGG,0.61171
GTCCAAGGACAACACAGCCAAGG,0.70162
CCTTGGCCACAGTAAAGAGGAGG,0.74183
CAGGGGTCCCCAAACAGCACTGG,0.49718
AAACTTGCCAATCCTGGTGGAGG,0.54723
GAAGAGTTTGGAAGAGTCAAGGG,0.64903
ACAGAAGCCGATCCTACTGCAGG,0.47757
GAGAGGCTGGGCACCTACATGGG,0.38045
GTAGCCCATCTGCTTGTCCGTGG,0.76706
GAGGACTGAGATACTGAAGGTGG,0.76584
GAAGATGACCGCCTGAGTGATGG,0.85471
GAGACATGCCCCAGAAAGAGCGG,0.53479
CCTGAATATCCAAACACTGGAGG,0.65603
CCTGCCTCCAGCCACACAGGTGG,0.67792
AGAGCGGGAGTCCATCATGAAGG,0.73772
GGAGATCAGGTCGATACGGCCGG,0.65103
GCGAAAGCGGCTGCTCAAAGAGG,0.48887
AGTGGAATTCGAGACCAGCGAGG,0.71656
GCAATCAAGCAGATCATCAAAGG,0.53332
AAAGCTTACCTGTTCTGTAGGGG,0.65351
TTAAACATCCCCTACAGAACAGG,0.49835
ATGTTGGACCTGACCTCCCGCGG,0.68402
GTGTGCGCTACACGCCGCCTCGG,0.46277
TGACCTCCCGCGGACAAGTGGGG,0.63351
GACTACAGAAGAGGAGAAAACGG,0.45398
GAAGTGGGATGGGTCAGAGGAGG,0.56997
AAGACTCTTTGCCAAAGAAGAGG,0.49898
CTTATGACAAAGCAAAACGGAGG,0.7431
GTACAAGATGGTGAAGCAGGTGG,0.73458
GCCATCACCAGTATGTGCAGAGG,0.85906
GCTGAGAGCACAGGTGATGGAGG,0.67581
AAGCAGGTCAGGTGAAACAGGGG,0.86257
GCTGCAGAAATAGAAGGAGCTGG,0.51486
AAAGACTGCAAAACCGAAAGTGG,0.42986
GTGTCTTCAGCAATCAGGGAGGG,0.86436
GCTCTCCGATACCATCCCCGTGG,0.97112
GGAAGTCTTCAGACAGACAGTGG,0.7008
AGACGCGTGCACCACGGGGATGG,0.67908
CAGCACAGAGCTGTCAGTGGTGG,0.60241
GAGGCTCAGAGAACTTCTACAGG,0.58927
TCTGGCAGATGTGCTCAAGGTGG,0.79477
GAAGATGAGCACCTATCTGGTGG,0.84409
GCATTGGCATCAGGAAGGGGTGG,0.61036
GCTCTGACACCATGAAGGAGTGG,0.69601
GCATCTCCAAAACGTAGTGATGG,0.63478
GGTTCCCCAGAAGGTCAGCGTGG,0.81751
TGTACGGGAGCCCGACAAGGAGG,0.77563
GCACCTACAGAACCAAGGAAGGG,0.68618
GAAGCAAGAGCACTACATGAAGG,0.74888
GCTCATCCTCCCAGAAGAGGTGG,0.52879
GATAGTTGTGCACACAGGCGAGG,0.65079
GGTAGGCTGTACCAGCAAAATGG,0.47486
GCAGTCTCACACCATTTTGCTGG,0.31229
CCTGTTGGGCCTGCCGACGAAGG,0.49195
ACCAGCCTTATAACAAAGACTGG,0.38816
ACAATTATTTCCCAGCCTGTTGG,0.33609
ATATGTGATAGAGGGACTGTTGG,0.46911
CAGCCTACCAAGAGGCCAGAAGG,0.60855
TCTGTGAATGAATGCATGGAAGG,0.74952
GGTATGTCTGGGTATCAGCTCGG,0.59698
TGGCTCCCAGGACTGAAAGGCGG,0.86162
TATACAACCAGACCATTTGGAGG,0.78645
GAATGAATTTCACGTTGGAGAGG,0.60233
CAGTGCTGCCGACAGGAACGTGG,0.56262
TTTTGTGTCAAAGGTAGAGGAGG,0.62257
CAAAGACCAGATTTCACGAGTGG,0.65863
GTCATCCCTGTAGACCGGACAGG,0.60314
CCAGATCTCCACGTTCCTGTCGG,0.62454
AACAGTACTTGCCCGTGTCCTGG,0.38259
AGGCTGGCTGACCTTAACGATGG,0.82428
GGAGATGCTCAGCTACGCCCGGG,0.8204
GCAGCCGGTGCAGCTGCAGGTGG,0.56681
GATGAAATCAGCCAGTGCAGGGG,0.66332
GGACGCCGACAGCTTTGTGAAGG,0.82185
GGACCTGCAAGCCGGCAGGGAGG,0.75056
AGGGAGGATATGAAATGGCATGG,0.65197
GAGATGTGGGAGCGCGGCAACGG,0.41255
ATCTGCTGCCGCACAAGGGGCGG,0.52243
GTATAACCGGGGTTTGACGGTGG,0.74222
ATTGGAGGCAAGTATAACCGGGG,0.91916
GGTAGATACATGCTTCCAGGAGG,0.95774
GAGATGGGGCACCCAGAGATAGG,0.45682
CTGTCATGACAGCCGGGCGTGGG,0.60735
CAGGAGGTTAGCATCATTGATGG,0.46822
GCAGCCACCAAAGCCCTAGGAGG,0.56853
GCAGCAGCTCTGGAATGCCTGGG,0.4812
GCCATAATGCAGGCGGGCAGAGG,0.49528
GAAGAGGTAGACGTTTCGGACGG,0.78309
GTTGCTGCCCCAGTCAGGGTAGG,0.73065
GAAGCTGACTCTAGACTCAGAGG,0.74605
GGTAGGCCAAGCATTCCTCCAGG,0.44033
TAGGGGACCAGCGATCCCTGGGG,0.79884
GGTAGCCACCATTGCAGCTGAGG,0.63909
GAAGCTGAAAGAACAAGCAAAGG,0.48871
GCAGCCCTCTAAGGAGGAGGAGG,0.51162
GGAACAACTGAACCAGACCTTGG,0.71224
AATGAAGGCCCAGGAGGTGGCGG,0.47554
TGCGTGAGCAGAGAAAGCAGCGG,0.69335
GGAGCGTGTGGAGCTGAAGATGG,0.48752
GGGGTTTCCATTGCAGACGAGGG,0.55422
GCAAGATGATAAAGAGGAGGAGG,0.52969
CAGGAAGAAGGCAGAAGCCGTGG,0.53339
AGAGTCACCACATTGGGGAGAGG,0.56217
GAACTGGTTGCACAGAAATGGGG,0.62378
AAGCAGAGTGCACAGAAGAAAGG,0.50227
TCTTTCTAGATCCCATACAGTGG,0.88283
ACAATGGCCAAATCCAACTATGG,0.57738
CTCCAGAGAATTTCTCCCCGAGG,0.68807
GGAGAAGATAGAAGCTCACCTGG,0.51811
AAAATACCTGTTCTGTTCCCAGG,0.48673
CATGACTAAAAGAGAAGCAGAGG,0.60584
GTGGTGAAGCAGGCGTCGGAGGG,0.84338
AAACTGTGGCGTGATGGCCGCGG,0.46359
GCCAGCCCCAGCGTCAAAGGTGG,0.48907
ACTCACCCCAGCCTTCTCCATGG,0.62614
TGCTGTAGGCTCATTTGCAGGGG,0.55478
GTTCACACCCATGACGAACATGG,0.57547
TCGCTCAGACACCATGGGGAAGG,0.66351
TAGCACTCACCATGTAGTTGAGG,0.68993
CAGGTCCACCACTGACACGTTGG,0.76489
TGCTGGCGCTGAGTACGTCGTGG,0.66334
GGTGAGAAAGGACCTCCAAGAGG,0.77544
GAGAGAATGTCTTTTCGAGGCGG,0.6358
GGTGGCGGCTTCAACCGAGGTGG,0.66933
ATACAGACTACACGTTCTGGAGG,0.79223
CGTGGAGGCTTTAATCGAGGTGG,0.62894
TTCAGAGGAGGAAGAGGTGGTGG,0.46604
GGTACCAGCGGAGTCCGCAGTGG,0.68854
CTGGTTTGAAAACCATGGCGTGG,0.64777
GAATGAGCCTCAGGTAACAAAGG,0.68358
GAGCCTTGCGACTTGACGGAAGG,0.7071
TCAATGGCAACAGCAACAAGTGG,0.72267
GAATGGGCGCATGCGCCGAGCGG,0.68197
GTATTCCTGAGGCGTCCTCGGGG,0.70046
GGCTGGAAGAAATTTTGTCTGGG,0.50773
AAGAAGCATTTCTTTCCGCGAGG,0.56559
AGGTTGAGACGACTTCAGCGGGG,0.84957
GTGCTGCAAGGGATCCGCCCTGG,0.35499
GCTGCTGATTCCCTGAGACGGGG,0.50188
AAGGACTTGAAGAAACCTCGCGG,0.85471
GAATCGACGTAATTCCAGTGAGG,0.72254
ACTTAGCCTGTCTGAAGGGAAGG,0.52599
CACGGTACTAGACTCCGGGATGG,0.77256
GGTTGGCTGCCATTTAAACGCGG,0.55942
GCTGGAGGAGACCTTAAGGATGG,0.67042
CTGTAAGGCCAACTTCAGGGTGG,0.67404
CAGATGAAGATAGAACCCCACGG,0.87194
GAGGAGGTTTTCCTTGCCCAAGG,0.61363
CAACAGCTCCTTCATAGTGGTGG,0.79638
AGTGCTATTATCATCTCTGGAGG,0.82251
AGTGTAGACAAAGTAGCTGATGG,0.47959
TTGCAGCTGGAGAATGCTGGAGG,0.55499
AAGCTGAGCTAAGGAAACAGAGG,0.63248
GAAGAAAGAATTGCCAACAGTGG,0.61447
GAGGCTCTGAACACCACTGTTGG,0.76162
AAGGTGCTGCCAAACTGCTGTGG,0.564
AAGAAGCCTAGGAAAGACCCAGG,0.76531
CAGAGCCTCAACAAAACCAAAGG,0.59575
TGAAGTAGTAAAACCGATGGAGG,0.69214
GGGCGGGAAGGAGCCAGCAGCGG,0.56699
GCTCCAGCACAGCGATGCTGCGG,0.51602
GTATGATGACAGAACTGCACGGG,0.83071
GAACACGGCCGACCAGGCCCGGG,0.58476
TCCGCCTCATGGTGACTCGGCGG,0.74808
GGTGAGCGGCCTGGAACCGCTGG,0.56351
TGGTCCTCGGACCAAGCCAGCGG,0.84651
GCAGGAGGAGAGAGAAACGCAGG,0.61804
CAGTGCTAGAGAGATTGGCGGGG,0.75215
GAGGTCAAATCATTCACTGCAGG,0.39499
GTCCTTAGTAGCACTATCAGAGG,0.71208
GCAAGTGAATACGAGTCAGAAGG,0.53116
TTAATGGTTAGGTTGCTGCGTGG,0.63255
GAGAAGGTCTTGAAGATACTTGG,0.43701
TAGGAGCAACTTTCAGCCAGAGG,0.62626
GAATGCTTTGGTTGACAGTGCGG,0.716
GAAAAGCCAAGATTAGCTGGTGG,0.60534
GTTGCACGCGCTTAGAACGGAGG,0.80257
GGTCTCCACGGCCTTCGCAGAGG,0.70752
TGGCGGCGACGACTACTCAGAGG,0.89605
CGACAGCAGCGTGTCCAGGGCGG,0.76609
CGAGCAACTGGAGCACCCAATGG,0.65972
GGAGCACTTCGAGGACACCAGGG,0.76062
GGCTGGCATCACTTTGAGGGAGG,0.51487
GTGGAGGATTTAATAAGCGTGGG,0.60507
GAGGGATCCCAGTGGAGCTGTGG,0.39754
AGATGAGGAGAAGTTCAACGTGG,0.73727
GCAAGATGAGGAGAATCCAGAGG,0.68169
GCAGCTTTAGTAAGTACTGGAGG,0.70744
GGTTAGCTGAGACTGATGGGAGG,0.93661
GCAGTTCCTAACCTTAGGCGAGG,0.87934
TATCAGGAAACACTTCACGAAGG,0.68342
GATCTGCAGCGGAGATGTACGGG,0.60671
CTCACAGCTGGAGTTGATCAAGG,0.4092
AAAGTTCCGGACCTGAGTAGAGG,0.79208
CTGAGTAGAGGGGACGGAGAAGG,0.41298
GCTCCTTCTTAATGGCCTGAAGG,0.57835
GAGATTCCCAATGAATACACGGG,0.84482
GTCATAGTCCAAGTCAAAAGAGG,0.46322
GATACACGCTGACGTTTCGAGGG,0.7814
GTATCTTCTCCAGAATGCTGGGG,0.67476
AGAATGCCTCCTGGTCGGGGTGG,0.44969
GATGATATGAGCCCTCGTCGAGG,0.79572
TGACCGTCGCGGACGCCCAGTGG,0.66575
ATGATGTTTGATGACCGTCGCGG,0.77356
CTTCTCACCAAATTCACCATTGG,0.38642
GAGCCTACCTCTTCCAAGGTAGG,0.52654
TGGAGACCGTTACGACGGCATGG,0.57806
CTGTTGGGACATACCGCTCGGGG,0.74469
CAGACAGCAGTGGCCCCGAGCGG,0.71067
GAGAAGGATGGGTCCACCAGTGG,0.44154
AGTCATCCGAGTCCCCAGGGCGG,0.7416
TCTGAAGATCGAATACGCAAAGG,0.52475
CCAGAAGATCTCCCGCCCTGGGG,0.73402
AAGCCATAGACCATGAGCACAGG,0.62442
CCTGCCCTCACCATATTCTGCGG,0.54775
TTTGCAGATCTGCGATGAGCTGG,0.3766
GTTGTTGTTGAGGTGGGTAATGG,0.55465
GTATGACTGACCAGGCATGATGG,0.89371
GGCGACGGAGATCAAAATGGAGG,0.77765
GACCTGCTCAGAATGAGAAGAGG,0.56918
GAGATCATTGCAAAGCAGGGAGG,0.74903
GGCATGGAGCGCATGGGCGCGGG,0.39223
CAGGCCAGCTCCCATACCTGCGG,0.6039
GACGCGGAGAAAATGGCGGCAGG,0.48334
AGTTGGCTGGAAGAAACTGAAGG,0.65945
ATGGGAAACATAGGTCCCGCAGG,0.62598
GGCTGCGCTGGACGACGAGGAGG,0.55579
GGAGCTAGGAGAGGAGAACGGGG,0.57916
GGGGACGAAGAGGAAGGCGCGGG,0.55689
GAGGCCGCGGGGAAGAGCAGCGG,0.5479
GAGGCAGGGCCAGCAGCAGGCGG,0.3965
GAAAGACCTACCAGAACATGCGG,0.83625
AGAGTAATCACAGGGAGAGGTGG,0.56731
GTTCCGAAGACCACTTGCAATGG,0.55572
GGAGCTGGAGAGAAGAAGAGAGG,0.6228
GGATTGCTGAGAAAAGGCAGAGG,0.66724
GGGCGAGCACAATATATCAGAGG,0.79414
GTGGAACGCCTGCTAAGAAGAGG,0.63076
TGTGGCTCACACGGAAATGAAGG,0.72673
AGGTCATCCAAAGACTCCCTTGG,0.63011
TCTAAGATCAAAAGCACCAGTGG,0.63497
AAAGGCCACAACTGAAGGGGTGG,0.68633
GGGTACTACCAACTCCTGCGTGG,0.7517
GAAGTCAGCAAGAGTGACATAGG,0.65304
CAATCTGAGGAACTCCACGAGGG,0.6894
AGGCTGCGGCGCCCACGAGACGG,0.40981
GTTCCTCACCTGGTGGCGGGCGG,0.66744
ACCTTCCATAACTGCCACGCAGG,0.60811
ACTTTGACCAGGCCTTGCTACGG,0.54898
AAGACAACATGGCACTTCAGAGG,0.63458
GAAACGTTTTGGACCACCACAGG,0.5045
CTGGGGAAACATTCCTGTGGTGG,0.57695
AGCCAGTTGATTTTGAGCAATGG,0.45329
GATCTCTGTCTGAGCTCTGAAGG,0.36228
GTGCATAGCGTTTCTGCAGAAGG,0.38721
TTTCCCATACAGGCACATGATGG,0.70915
GCTGCTGAAACTGTAACCAAAGG,0.62528
AACAGTAGTCGCTGTTGGATCGG,0.2842
CACTCCTTTCAACCAATACTCGG,0.48471
ACCAATACTCGGTCAAAGAGTGG,0.57765
GCTGTTGGATCGGGTTCTAAAGG,0.36139
GTTCTTCTCCCAGAATATGGAGG,0.64075
CAAGCAACAGTAGTCGCTGTTGG,0.41635
CAACCAGTTAGCGTGAAAGTTGG,0.47115
GGATATTAAGACTGCAGCCAAGG,0.59752
AGGACATCAGCACCATACGGAGG,0.92261
AATCAGCTACCCACCAGCGAAGG,0.60613
ACTTCGGGCAGTGGCCAGGGCGG,0.66033
GTCTCAGCACAACCTGCCCATGG,0.63585
ATAGCTATCCGTATGACTGGAGG,0.92195
CTGGAGGACCAAGAAACCTGTGG,0.81732
GAATGGCATGGTTGAAATGATGG,0.57936
GGAATGCATGAACCTTCGGGAGG,0.78625
GTTCTGGTCCCATGCAGAGGAGG,0.68788
AAGTTATTGGGTACACACTGTGG,0.72609
GACAAGCCAGAACTAGACCATGG,0.836
AAATCGGTTCTGCTATGCAGAGG,0.67886
TATATACCTTAACCTCCCGAAGG,0.68798
GGGCTCCAGAAGTACTCCTGAGG,0.79655
CAAGTGCAATGAACTTCCGTTGG,0.64561
GGGACTGGCTTAATATAAGGAGG,0.64832
GAGAGGCTCTGGCCTTACAGGGG,0.71226
ACGTGGATGATGAATACCGATGG,0.79245
GGCGCCCAGCGAATGAACCGAGG,0.80248
GCACGGGAAATAGGTATCGGAGG,0.6399
GTAGTCGTCCTGGTTTGCGAAGG,0.75259
GAAGACAGACCACCGCAACGTGG,0.84767
CAGTGAGCTCCACGTTGCGGTGG,0.71979
GTACCGCAAGGCCCGGGAGGAGG,0.42386
GACAGGTGTGACCAGCCACGTGG,0.90282
GCGGGAACTGGGGTCTCGGGAGG,0.54153
GCCGAGGACAAGATGACCAGCGG,0.73221
GTCTCGTTCCCATTCAGGGATGG,0.61548
GTTGGACAGCACGTCGCCGCTGG,0.67064
GGGCTCCCACCTGGACGCTGGGG,0.55276
CCAAGAAGCCCGAGTAGAGGTGG,0.72006
TGAGCAGGTAGAACATCTTGCGG,0.7441
GTGGGATCATAAGATTCCTGAGG,0.8573
CCTACAATGAGAAGACCCCAAGG,0.82622
GATGCTGACTAAGAAGCCCGAGG,0.79151
GAATCTGCGGCGGAAGGAGGAGG,0.49141
GCAGCTGCAGAGGGAACTGGAGG,0.54091
GGAGCAAGAGAAGAAAGCCAAGG,0.66994
GCTTGAGGAAATCCAAGAGGAGG,0.63335
GCGGCGTGTGACCCGTGCTGCGG,0.67232
AGAAGGTGCAGCCAATGCCATGG,0.82422
GAAAGGCTGGCGAGTCCCGTGGG,0.58884
AAAGCTGCTTAAAGAAGTGCAGG,0.49491
TCAGGACACACCACGTGCAGGGG,0.66295
GAAGATCGAGATCATGCCAGAGG,0.78322
GATCCAGTTGGAGCTCCCAAGGG,0.82906
TGCAAACCCAGATGGAATGGTGG,0.5344
ACCTCTGCATGAGGAAAAGGTGG,0.73666
CGAGCGGGAAGAAGAGAAAGCGG,0.73328
AGGATATTCGGAATCAGCGGAGG,0.76823
GCCTCCCACCACAGAACTGGAGG,0.56585
AGCGAAGAGAGAGAAAGCCCAGG,0.71298
TGGTTGGATGAAATTCAAGGTGG,0.60388
GATGGAGTCTCAGACAGGAGAGG,0.617
CTGGAGGAGGGGCTTAGGAATGG,0.28219
TATCAGTGTGTCTAAAGTGGAGG,0.67402
GGAGGAGCTGCAGTCTGGAGTGG,0.45302
GCGGCAAATGGATACACCTGGGG,0.7815
AAATGTTGGAACTGGACTGGTGG,0.43971
CCAGCTCATTAGCCACTGAATGG,0.47789
CTTTCCTTTCACCCATTCAGTGG,0.54618
GGGAGGAAGGCAGAGCTCCTTGG,0.40944
GGATGAAAAGGGGAAGATTGTGG,0.53562
AGATGCAATCAAGGCCGCCCTGG,0.38984
CAATTTGTAATCAGCCAGGGCGG,0.68287
GCAAGCCGGCAAGATGGCGGCGG,0.45122
GGCCCGACTCTATCACAAGAAGG,0.74836
AGATGAAGAGAAGATGAAGGAGG,0.67492
GGTTGGTGTTTAATCAAAGGTGG,0.62213
AGTGCTATCCAGAGGAAGGGAGG,0.74956
GTGAAAGCAAGTCAGAGCAAAGG,0.51779
CAAGAAGCTGAAGCAAACTGGGG,0.58611
AGATCTGCTAACCAGTGCAGTGG,0.78846
GGTTTAACAACTTCAGGTGATGG,0.43833
GTTTCTGACCCAATAAGTGCAGG,0.49882
AGGACCCACACCATTATCAGTGG,0.83243
GACTGACATCACCTTAAAGGTGG,0.72287
GGCCATGTAGAACTCACAGGTGG,0.88257
GGGTCCTGAGGAAGAGAGCGTGG,0.67595
GAATCCTGGTAAAACCAAGAAGG,0.54723
GAGATCGTGATAGTCTGCATAGG,0.7037
GTTGATTCGCCGGAAGGGTGGGG,0.62963
GCTGATGAATTGCTTGACTGCGG,0.61296
GAACCCCTGCAAAGCAGCAGGGG,0.57132
CAGAGATCCCAGTAAACCAGTGG,0.68454
GTGACATTGGCCACCAGCTGAGG,0.52851
TGTGTTCTTTAATGAAGGGGAGG,0.61789
GAGTGGCTTCAAATGTGTGCTGG,0.35313
ATGGACACCAGAACAACCTGAGG,0.83126
GATGGCAGTTAGCACACTGGTGG,0.80248
TGAATTCCTCAAGTACATGGAGG,0.80298
ACAGTCAGACTATGACATGGTGG,0.90953
GGAGATGAGGATCACACAGATGG,0.57396
CCAGTACATGAGGACTGGGGAGG,0.56657
GTAGTTGGAGCTGGTGGCGTAGG,0.53088
AAGAGGAGTACAGTGCAATGAGG,0.55359
GGACTCTGAAGATGTACCTATGG,0.68569
AGTAGACACAAAACAGGCTCAGG,0.49257
CAATGAGGGACCAGTACATGAGG,0.53635
AACATCAGCAAAGACAAGACAGG,0.6319
TTGGATATTCTCGACACAGCAGG,0.57955
CAGGACTTAGCAAGAAGTTATGG,0.42204
CTGAATTAGCTGTATCGTCAAGG,0.43148
CCACACAGTCCCCAATCCAGTGG,0.61783
GCCATAAATGGCTTCAGGGGTGG,0.51268
GAACATGCTTACCCAGCAGGAGG,0.89379
CAAGAGAGAGACAGACACGATGG,0.62959
GGGAGACTTCCCAGAAGCCCTGG,0.33953
GAGTAACAAGGAGAAAGCTGAGG,0.66304
GGTGACCACCCATTTCACAGAGG,0.88618
GAAAGGATGTTGAGAAATGGTGG,0.59375
GGGATGCAGCCCGCACCCTGGGG,0.6167
GCTAAAGACAGAGATTCCCATGG,0.71589
GGCTCACTGGCATCCAGTGGAGG,0.47383
AAACAGTCCCGGAATTACAGAGG,0.74122
GGCTGGCCCTACCATGATCGTGG,0.6829
GACTGATCAAAATTGGCCCGAGG,0.74079
GAAGGTCTGGTCCATTCTGTAGG,0.5598
TGAGCCCTACAATACTGCAAAGG,0.60946
GACGGCTCAGAATCACCCCATGG,0.81913
CGACATGGTCAAGGAGGAGGTGG,0.53571
GAGGTGGTGGCCAAGGGCCGCGG,0.27946
CAGAAGCAGCAGAAAGGCCGCGG,0.40656
AGGACGGGGACAAGTTCTGGCGG,0.71657
ACGTGCAGATGACTTCTCGCAGG,0.66034
GCTGCCGCGGATGTAGCACTCGG,0.58457
GGGGATGCGCAGGTACTTGATGG,0.53082
GCATTTATCCGAGGAAACAATGG,0.58749
TATGGGGATGCATTTATCCGAGG,0.64852
AATTCTGGAGTGGATTATCGAGG,0.78627
AATCATCGGACGACCAGTTGTGG,0.54955
AAATATGTCTGCAGGGGTCCTGG,0.36206
CATATTCTTCTGTCTGCTCCAGG,0.23385
GGGGTCCTGGCTTGCCTGGATGG,0.36991
TGTAGCCATCCAGGCAAGCCAGG,0.53121
GAAGCGCAGCAACGTGCGGTGGG,0.67629
AGGAAAAGTAGAAGAAGCCCAGG,0.55017
GTAGAGAAAGAAGGCGGAGCAGG,0.50818
GTAGAACGTAGGATCAGACGAGG,0.84001
ACTGCTAAGGTCCACAACGTCGG,0.84783
TACTTGCAGAAGTAGAACGTAGG,0.81054
AGGTTTACTCACCGACGTTGTGG,0.55726
GCAACAATTACAAGATCTGGAGG,0.63591
CCAGGCCTTTAAAACCCCAGAGG,0.88035
GCTTCGGACAAGGTTAGCAGAGG,0.74334
GAGATTAAAATGGCTTCCAGAGG,0.63401
GCAAACAATCTGATGACCTCTGG,0.3493
TCTTAGGAAACTTGGAGAGAAGG,0.51393
GAGAAAGTCTCTACAGACCTTGG,0.56391
CCTGTACACTCAACAGAAAGTGG,0.5274
TTAGCTGACTGCAGATGATGAGG,0.68149
TATTCAGGCAGCTATCAGCCAGG,0.52412
AAGCCAATTAACAGACGATGTGG,0.49687
CCATTGCCTCCACAACCCAATGG,0.51405
TCTGCTGTTAACCGATCCATGGG,0.64031
GACTTAAAACCATTGGGTTGTGG,0.42291
TTTGAGATTCTTGGTCCCAGTGG,0.71305
GTGCTGAAGATAGGTGACTTTGG,0.53623
CTTCCAGGAATTAGTCGAGAAGG,0.49015
GGGGAGAGAGGACATGAGGAAGG,0.52025
CAACTGGACTGTGAAACTGTGGG,0.65577
GTCCCAAGAAGACTGGTACAAGG,0.75378
GGGCTCATTGGAATCCAGCGGGG,0.60259
CAGGTCCTGCACCCTGGCGCTGG,0.35355
GCAGTATACAAGCGAAGGACGGG,0.58868
TATTGCTGAGGATGATGGGGAGG,0.7086
CAGACTGCTGCCAATGACCGTGG,0.72066
GGCGCTGGCCATTGTCACCACGG,0.54191
AAGGCAGTGAAGCGAAGAAAAGG,0.4675
CTACTGCCTGCATATTGCTGAGG,0.69465
GACTCTTTGGATGTCAGACCAGG,0.54787
TGTGTTGTCCACCTGAATAAGGG,0.57271
GGAGTTACTCACCCATGAAAGGG,0.83802
GCAGCCATGAGTGCAACCAGCGG,0.82102
GGGCAGGATGAACAACGCGAGGG,0.69705
GCACCCAGCAGACCACGGAGTGG,0.72475
GAAGCCCCAAGTGAACCAGAAGG,0.68942
TCAAAGGGAGAGGGAGGCCGGGG,0.40332
GCTGGTCGTAAAGAACCCCAAGG,0.73989
GCAAGTGGTATGACATGCCAAGG,0.49612
GCAGCTGGAGAACCACCAGCTGG,0.67944
GTGCAGCAGAAATTCAATGAGGG,0.72512
CAGACACTCTGAATTACCACAGG,0.56954
GGGCTCTCAAAGCCCCACTGGGG,0.5807
GGAGTTGGAACAAATGACGCTGG,0.63877
GGAACCGGAGAATGTAGTGAGGG,0.71867
GATGCCGCCCAAGAGCGCTGAGG,0.66183
GATGGATCCCATTCCAGTCGAGG,0.61958
TCTTCACTAGCAAAACGAGGTGG,0.77433
GCACTGTCTCCTGCCCGATGCGG,0.5496
GGACATCGTGTACCGCACCATGG,0.85319
CCAGCTCCTGAGGAACATGCAGG,0.6971
AATGGTGTCACTTACCACACTGG,0.63152
AGTATACCACGTTCAAGGCGGGG,0.69305
ACGGGGATACAGGAGCCTGGCGG,0.74733
GGTGTCTTCGAGGAAGGCTGTGG,0.5533
CCATCCTGGAGCTGGAGCAGTGG,0.43876
AGGATGAAGGCCGTGAGTGGTGG,0.57516
GGAGCCGTCTTGGCCTGCGCGGG,0.59199
GGGCCGCGGCTCTGGAAACGGGG,0.58319
TAAGTGAGCCTCCCGGGCCGAGG,0.55233
TGTGCCGCCGGGCCGAGAGACGG,0.58676
CAGAATATGCTCCAAAGAAGAGG,0.5429
AAGGGGTTGTTCATTTACTGTGG,0.67223
TCAAACTGAATCCGAAGCTCTGG,0.50226
GGACAAAGGGTGGCGGGAAAGGG,0.29944
ATGCTACTCACTGTTCGGCACGG,0.54079
AGAGAGCCAAGACAGTGAAAAGG,0.49583
GGACAAAAGAGGGGAAACTATGG,0.47229
TAAGCAGTCTGTTCGAACTGAGG,0.69907
TTATCCTGGCCAGGAGAAGACGG,0.5603
GCAGCGTACCTGGCAGGCGCTGG,0.35998
GAAATCCCGCAGGGACACGCTGG,0.52695
GAGTACCCACGTCCTAGGGAAGG,0.63317
TCAGCTGTTTGAAATCCCGCAGG,0.59829
GAAGATCGCCAGCATGCTGCCGG,0.51161
ATTGGAAAAGAGCATCCTGCTGG,0.46136
GGGCTGAGAGTTGTATTCGTGGG,0.58428
AAGCACTGTATGGATTACAGGGG,0.8744
GAAGGCAGCAGCCAATGGAGGGG,0.54475
TCCGCGAGAAGCCTCCCTGGCGG,0.76386
GTAGCCCCTAAGATTTCTGCTGG,0.54529
GCCATCCAGAGCGTCTGCAACGG,0.51321
GCGCTGTTGGGGTCCTCCGCTGG,0.39919
GCCCCGAACCCCTGAAGGCGCGG,0.48266
GAAGAAGCCTCGCCTCCCCGGGG,0.77526
ACAGAGGGTGGGCAAGATGGCGG,0.62298
GCGGCAGGCTCTGGAGAGCGGGG,0.69512
AGTGTTTCCGGGACAGAGGGTGG,0.53679
TTCGGGGCTCCACTTGGACGAGG,0.55244
CCCGACTGGCAGCTGAACTGCGG,0.53215
CCTGACCGCAACGATCGGAGGGG,0.66086
TATGAACATCCGCAATGCGAGGG,0.76729
TCAGTTTCTGAGCCAGACCGAGG,0.76549
GGTAGTTCTCGGGCAGGCAGAGG,0.57705
CAAATACTATGCAGATGGGGAGG,0.74369
CCAGCTCTCTTACATTGCTGAGG,0.79507
GAAGATTGTGGGGTATGTCCTGG,0.49975
GAGGTCCCGCTTCATGGCATAGG,0.55285
GAAGCTGCCCACCTGGGGCCAGG,0.27706
GACCCAGATGATGTGCCCCATGG,0.60588
AATGAGGTGATATGTCCATGGGG,0.93382
GAACAGCATGACGTCCGCTTTGG,0.39918
GTTGCCGTTATTACATCAGATGG,0.5182
ACGAGTATTCAGCTCTTCACAGG,0.43496
GTTGATGTAGTTCTCCAAAGCGG,0.83238
GGGGTAGAACAAGTGGTACTAGG,0.48368
TCTTTACAGGGAACACTGAAAGG,0.5445
CAGATTCTGCGCTTGATTTGGGG,0.33151
GGCAACCACACAACAAGCCCAGG,0.50374
AACCTACCTGTCTCAGCCTGGGG,0.56412
GACGGTTTCTGTGGCTTCGCCGG,0.31385
GATTCCAGCAGATTTAGGGGTGG,0.5879
GTGGGGCAGGAGAGCAAGGAGGG,0.50657
GAAAGAGATAAGGCAGCAGGTGG,0.57685
GCTGCAGGTTATGCTAGAGATGG,0.72385
GTGCTGCAGCAATTGTACAGGGG,0.7417
ACAGGTGGGGACCAATGCCATGG,0.54659
AGAGTTGGTGGACATCGAGAAGG,0.71011
GAAATTGCTAGAGGCCCACGAGG,0.66782
GGCGATGGCGCTGTTGGCCGAGG,0.35868
TGTCTCATAGATCTCAGCAATGG,0.70362
AGTCTGCAGACTGCTCGTAGTGG,0.62746
TGCAGACTACTACAAAGGCGAGG,0.68545
GCTGCTGGAGCAGTATCAGAAGG,0.69402
GCGGCTCAGAAGATAAACGAGGG,0.78842
GGAGATGCAGAAACTACCAGAGG,0.77314
AAGCAAAAGATGCCTGCCTGAGG,0.53779
ACTATTTCTCTGCTTTGGCGAGG,0.59516
CATGGGCAACAGCTTCCCTCAGG,0.57467
GCTTCTGAATATGGAAAAGCAGG,0.44235
GAATGAAGAACGCTTACGACAGG,0.64017
GAATCTTCAGTGTGAGGAGGTGG,0.72175
TAAAGGCAACAGCTAAACAGAGG,0.79034
TAGGTTGCTCTCCAAAGAGCAGG,0.59976
TAAACCACATCCACAAGAAGAGG,0.62672
AACATTCTGAAGATGACCCTTGG,0.58907
TGATTACACAGATGATCCCGAGG,0.87706
AAGCAGTGACAGGAAAGACGGGG,0.88484
CGGCACAGCGACGAGAACGACGG,0.70246
GGAGCGAATCAAGGAGCGTGTGG,0.52715
GTTTCAGACGCTGACCGGAAAGG,0.47272
GATGAGCCTCTGCTGTTGTGGGG,0.56519
GCATGCATCACCTTGTCTGTAGG,0.59944
TGACATTGAACCTACAGACAAGG,0.74335
TCAGAGCCAACACCAGGTGAAGG,0.57617
GAGGTGGTCTTAGGCAGTGATGG,0.59
GGTGAGGTGGGCATCGGCAAGGG,0.39178
GCTTCGGAAAGGAGCCAATGAGG,0.64027
TGAGGCTGATGTGAATCCAAAGG,0.73351
AACTATAAGCAGCTTCGGAAAGG,0.54785
CAGTAGCTTCTTGGTGAGGTGGG,0.48518
AGTTACATGACTGCTGAACGAGG,0.78567
AGCCACCAAAACCCTCAACAGGG,0.64215
TGCGCTCCAAGCAGGCCCTGGGG,0.60434
AGGTGCAGAATGATCTCCAGTGG,0.8221
AGAGACCAGCAACAGCGAGAGGG,0.66422
CTACTGGACAAAGAATGGGGTGG,0.66259
TGACAAAGTGATATACGCAGTGG,0.67947
TGAGAACAAGAATGAAGGGCAGG,0.49172
GAGGACAGTGACAACAGAGGCGG,0.78477
AAGGATTGTCACCAGTGAAGAGG,0.72555
TGTAAGGGTGTGAGAGCTGGAGG,0.6593
GTTGCTGGCATTCTTACGAGTGG,0.67402
GATCAATAAGCCGAGAGCTGAGG,0.59966
GCAAAGCTGAGCAACTCCTGGGG,0.7004
CCACAGTAAGCTCAAAACCAAGG,0.68941
TACTAGGCAGGCCAACAGGTAGG,0.6753
AAGTCAAAGTAGGACTGCCATGG,0.74856
GGTGATTCCTGAACTCGCACAGG,0.55332
ATGGGAAGCCTGTTTCGCAGTGG,0.62705
AGCTTTAACTCACCAAGACATGG,0.70062
CTGTAACCGATCACTCCAGGAGG,0.7576
TGTGAACCGAAGTTTAGCAATGG,0.53039
AGGCACAGTACTGCGTCAGGTGG,0.6072
CCGGTCTGCGAGCGATTGGGCGG,0.67439
GCAGACGAAGCCCCTCACCCTGG,0.60458
GATGGTGCGCTCCAGGGTGAGGG,0.45153
AAAAGAGCCCCTCTACGAGAAGG,0.61958
GAGCTGTCCTTCTCGTAGAGGGG,0.60769
AATGAGGAGGACTGTAGAAGGGG,0.63296
CTGTACCTGCTCAACAGCTGAGG,0.52213
CAGATACTGGGTCGTCAGGATGG,0.50915
GAGCTGACTGCAGACCCCAGGGG,0.73467
TGGTGAAGATACCTACACAGAGG,0.90801
GAGGCTTTTGTAGATTCGGGAGG,0.66555
GGACAGACTCAGCCCACCGTGGG,0.76664
GTGGTTCTTGAGAACAATGGCGG,0.86973
GACCGGCGAGAAGAGCACTGGGG,0.84927
TCACAGACTCAGTTATGGAGTGG,0.82577
GTCATGGTTGCCACCAGAGAAGG,0.53216
ACTACCCAGCATCTGACCCACGG,0.76767
GAAAATATTCAGGGAGCAGGTGG,0.569
GGGTGATGCCACGGGAAGGAAGG,0.59644
CAAATAAGGGTCAAAGCCAGGGG,0.60627
GGAAGGGAGAACAGGCCCAGTGG,0.65533
CCGTGGATAAACAGCAGCAGTGG,0.58492
AAACTAAGCTCACCTTGCCGCGG,0.8249
AAGGAATCTTGAGAATCCGTGGG,0.74101
GGTTCAGAAAGCCAGTACAGAGG,0.73884
GCTGTTCTTCTGTACTGGGATGG,0.57607
AGCTCTGGCAGAATTCACAGAGG,0.91352
GGAACTTCTCCGAAGACTGAAGG,0.59307
GACTGGGTAGGAGCTTGTGTAGG,0.69176
GGCAAAATGGAATCAACTGCAGG,0.34683
TCTAGAAACATACCAGCAGGAGG,0.66541
GTTAATTCCTGTACCAATGGTGG,0.52398
GAGCAGTCAGATCTGAAGAAAGG,0.52343
GGAACTGGACTGGGATTTGGAGG,0.38235
GACCCTTACTGTAAATGTAGAGG,0.69049
ACAAAACTGAGGATTACCTGTGG,0.71749
GAGCTGAGCACTCTGTCCAGAGG,0.72631
TGAGGAAATAGAAGTACTGGAGG,0.70233
AGGGATGAGAAAGATAGTCAAGG,0.65184
ACAATACAGATCCCTACAAGCGG,0.70214
CGACAACCAGAGTGAAGTGGCGG,0.77881
GGAACCAGTACTAGCAGTGGAGG,0.83462
GAAGGGCCCACAGAACCAGGTGG,0.56964
CCAGCTACCTCCACAAGCACTGG,0.52114
ACAGCCAAGCACCAACACCATGG,0.86609
ACAGCTACAAACACCAGCACTGG,0.55471
ATGATATTGTGCATATCCGGAGG,0.815
GGACCCGAAGGAGAACCCTGTGG,0.68967
AATAGGTAGAGCAAATGGTGTGG,0.74343
ACTGCAGGCAATGAAGGCCTTGG,0.49406
TATTCATGTTGAAGTCCAGGTGG,0.94855
GACTCTGGGCTCCACCACCGTGG,0.78639
ACAGCAGCTACTTCAACTGCAGG,0.49323
GCAGTACCATTACCTTAAGCTGG,0.53695
GATGATGCAGCTATCTGGAGTGG,0.71825
AGTGGGCTGATGGTCCTGCGCGG,0.88207
CGGATGAAGACCCCATCATGGGG,0.80234
TCAGCACAGCATCACCGCGCAGG,0.59106
GCGTCATGCCTTACGTGGGAAGG,0.62351
GCTGAATTTTCTGGAACGGAAGG,0.4988
GAATGGGAGACAAGCCAATTTGG,0.23781
GAGGTCAGCCAAAGTTGTGCAGG,0.3646
CAAAGAAAGAAGAAAGGCCGGGG,0.69017
AAGGCCGGGGTCCCTTCCGGTGG,0.53506
AATATGGTGAAGGAAACCGTAGG,0.78963
ATACCACCCGACCTAACCGTCGG,0.79585
AGAGCTCCTCCAGAGAGAGGAGG,0.58759
ATCATGAGCAAACGATACGATGG,0.6986
GCTGTATGGCAGCTACCCTGAGG,0.88511
GCAATGAGTGATGCCCAGGATGG,0.77571
CATGCCAAGTATCACCCCGACGG,0.81368
ATACGCAAGATCATCTGCCACGG,0.59828
GAAGAATCGGACCCAAGAACAGG,0.63579
TAAAAGGCCCTGGACTACAGAGG,0.6756
TTACCCGGTCAAGTTCCCGCAGG,0.64772
TCAGTTGGAATGCAATGATGTGG,0.70155
GATTGTGCCTGACATTGTGTGGG,0.80239
GACCTGTAGACGCGACCCCGGGG,0.83752
AGTCTGAGCGGCGATGGCGGCGG,0.37833
GGAGCCTGAGGAGCTGCTGCTGG,0.31027
GGGCTCCCGAACCAGGCCCAGGG,0.4441
CCTTTACTTACCCTTTGGGATGG,0.50801
TACTCACCATTGCCTGGAGGTGG,0.50744
GCGGGAGCTGTTGTAGTTGGTGG,0.50774
GAGAATGGGTACGTATGGTACGG,0.52465
CCAGACAGCAAGAATGGCCCAGG,0.48463
TCTTGTAATCCCATACGCGTAGG,0.50039
ATGGTACGGCCAAATCAAGATGG,0.72924
ATTCACAGGACACAGAGAATGGG,0.6258
AATATGCATTGAGTGGTCACAGG,0.51328
TCAGTAGCCATCATGCCCAATGG,0.65768
TGTATGGGTCGTAGCAACAAAGG,0.55105
GTAATGCCATAGTGCTTCTGTGG,0.65947
GCAGACAATTCCTGAAGATTTGG,0.22554
ACGAGAAATCAGTGAAAGCAAGG,0.49191
GTACGCAGTCAGTCTCCTTGGGG,0.58952
TGAGACATTGAAACCCTTTGGGG,0.58233
TAGCCCAGGAAACACCACCGAGG,0.82234
TCTTGCTACTAGCATAGCCCAGG,0.58045
GAAACAACTCTGGAGACCGTAGG,0.84594
GGGAAGAATTTCGCACGATGTGG,0.42431
GGAGGAGCTGAATGATGCTGTGG,0.57304
AGGGTGTAGGGTATGCACTGGGG,0.63445
GGTCTGCTCAAGCTCAGTGTCGG,0.76872
ATGTCCTGTCACGATTCCTGAGG,0.69315
GAAAAGCTGGTAAAGGTCGCTGG,0.45342
GCTTGCTAGAAAGTCAATGCTGG,0.54177
AGGTCACTTACCGCAGGCAGAGG,0.53291
CGCGCGGATCAACATCTCGGAGG,0.58835
GATGCCGGTGTGACTGAAAGTGG,0.68524
GAAAGCCTTAAAGATGGCATTGG,0.549
TATGATCATCGACAAGCTGGAGG,0.82972
AGAGCGTCTCCAGCATGACCAGG,0.53797
TCTGGGCCCCGGACATCTGGCGG,0.52634
GCACCCCATGCCCTTCTCAGAGG,0.73319
GTCGGTTAAGAGGATCCGCGAGG,0.79297
GACACCGGTGTGATTGAAGGTGG,0.86607
CAAGATCAAGGAAATACGAGAGG,0.75005
TACAGGGGCTCAGGTCCAGGTGG,0.59712
AGTTGGCAGTATCATCGGAAAGG,0.71808
AGTTAAGAAGATGCGCGAGGAGG,0.74984
GTGTGTCAAACAGATCTGCGTGG,0.73401
CGGCTTGGGCCGGTACGGGATGG,0.51846
ACAAAACTTACATCTGGCTGTGG,0.4423
ACACTGCTCGACATGGACACCGG,0.79838
GTTTGTCCAGGAAACAGGCAAGG,0.6864
GCTCCAGCTGGAGTTTGGAGAGG,0.56101
GTGATCCACATCATGAATGGTGG,0.87834
GATTATCGGACACTGCGCCAGGG,0.56362
GAAGCAGCAGGGCTTACCTGTGG,0.68733
GTTGCCTCCCGTGCAACTGAAGG,0.62416
CTTGGAGAGAAAATAGGCAGTGG,0.57567
CAACAGCATCAACAAACCCTTGG,0.55046
TAAGTGTACAGTTACCAAGGAGG,0.87282
AAACTGCTTCACCTTGGTGATGG,0.40396
AGAAGCGCCAGACAGCACGCGGG,0.80127
GGCCTTCTTCCAGCCGGTGAAGG,0.4672
CCATTTCCAGGACGAAAAGGAGG,0.70562
GGAGGTTGTGCTAAAGGGAAAGG,0.41007
GGTGTCCTTACTCTCAGCCCAGG,0.78979
AGTCTGCAGCTCCATCAGGATGG,0.65904
GAAATGTGACCTTCACCGGCTGG,0.64845
TGTCACAACAGTGCTCACCAGGG,0.87254
GGTTTCTGTCACTTGTGTGATGG,0.73065
GCGAAGATGGCGGAGAACAGCGG,0.67475
GGTCGCGCCGGCAAGAGCAGCGG,0.52133
CAAGAGCAGCGGGAGCGGCGCGG,0.50431
AGATGGAGTTGAATGAGCACAGG,0.70719
TTTGGAGAACAACAAGGAGCAGG,0.48222
GCCACTCCTCACCTGCTCTGCGG,0.789
CAAAGCAGCTGAGTTGGAGATGG,0.5068
AACTCGTAAGTGCTACCGCATGG,0.64064
CTACATCGACAACCTCATGGCGG,0.88258
GTAGGCGTTCCACCCGGCCATGG,0.53445
GTTCCTCTTCCAGCCAGCTGAGG,0.54553
CTTCGTACCAAGAGCACCGGTGG,0.58216
GCAGGATGGGGAATTTAGCATGG,0.54105
GAACTCACTCTTGTCAGTCTTGG,0.46532
ACAAGGACTCGCCCTCCGTCTGG,0.40017
GTAGCAGCGCCATGGCCGGGTGG,0.6674
GACAGGTCCCGTCCGCCATGAGG,0.71015
CCAGTCATCACTGGTAGCAAAGG,0.55037
CAGGATGAGCCCAAAGGTGGCGG,0.49513
GGACTCATTTTCTCATCCCGTGG,0.66461
TGACCGATTCCGTGGAGTGCAGG,0.47527
CCACAATGTCCTGCACTCCACGG,0.55275
TAATTGGTTTCTGTACCCACGGG,0.71898
GAAGATGCGAGGAAGCTGGCTGG,0.56064
CACTCACCACCACTGACTTGAGG,0.55176
AACCAGGCTCGCTTTGATGCTGG,0.36947
CGAGGTGCTCAAGAGTGTGGTGG,0.57515
GGGTCGAGACAACACTCGCAGGG,0.69271
GCTAGGAAGCTCCTGAGCATTGG,0.50158
GGAGTCAGACCTGGGCCCGCTGG,0.38434
ATAATGGGGTACTGGAACCAAGG,0.64825
ACCTTTGGAGCCTGTAGGGGAGG,0.48604
CTCAATCTCAGACCTACAGATGG,0.69218
CCTCACAGCTGATCACCCAGCGG,0.82104
AAAGTGAGAAAACCAGCCTGCGG,0.78114
GAAGCTTCGGGAGCTGGAGGAGG,0.50758
GGAAAAGACAGTAGAAGTCCTGG,0.5851
GAACCATGCTATTGAGACAGAGG,0.66845
GGAGGATGAAGAAAATGGGCTGG,0.62061
GATGAAGACCATCCTAGATGAGG,0.48538
TCTGCTCTTTAGCCCTGTGGTGG,0.52679
TGTGATCTGTGGAGGACCTGGGG,0.64397
ACTTACGTCCTTCTCCTGGATGG,0.60052
GCCCAAAGATTGTCAATCTGGGG,0.53738
GGAGTGCACCATCCAGGAGAAGG,0.62963
ACATATGCGCACCAGAGTGCAGG,0.53351
GTAACTATGGATCTTACCAGGGG,0.88961
TAATAGGCATCAGAGACCCCAGG,0.88922
CAGATACTGCACTCTCCCCGAGG,0.82216
GGTGCACCTGGTGATGGAGAAGG,0.39849
AAGTGAGAAGATGATCACGAAGG,0.73534
CTACGAGGAAAACAAGGCCCGGG,0.67517
GAGCACATCAGCCGGAACAACGG,0.67266
GTGCTCCCAGGCACACACAAGGG,0.70652
GCAGACCTACCTCCCACTTGGGG,0.7165
AATGTAGTGGCAATCGGCACTGG,0.47434
GATTCAAGATGCAAAGCAGGAGG,0.69159
GTCTCTGCTCTGGTTGCGGGAGG,0.58028
GCCTTGCCACAGTGCAGCTGAGG,0.38558
GCAAAGCAGGAGGAGGAAGTGGG,0.58482
GGGAACACCTTTCTCAAATGGGG,0.54437
ATACTCGTAAGGATGTACGGCGG,0.89974
TGTGCCAGTACTGTGCCCAGCGG,0.78637
GAGTAGGCCTAACATGTCCACGG,0.72447
GGAGTGTGGCACGCCCGTGCTGG,0.42119
GCAATGGGAAAATTTCTCCGAGG,0.67783
GTGGAGGTTCATATTGACAGCGG,0.83802
GTAAGAAATCACAGCAACGATGG,0.53774
CGGTGGCGGAACCTGCCCAGCGG,0.73761
TGAGCACCATGAGGAGGCAGAGG,0.60454
GTACCCAAATGAGCAAGCTGCGG,0.75626
GAACCAGGAAGTCCTCACACCGG,0.87799
GCACGCAGCGGAAATGGGAGAGG,0.62251
TGAGGACCACCACAGTACGCAGG,0.8144
GCAGCAGAATGAGAGTGCAGAGG,0.59657
GCGGGCTGGCGACGTAGAGGAGG,0.66512
TCACCTACGAACACTGGCAATGG,0.58853
TGAGAGTGCAGAGGACGAACAGG,0.50799
AGTCCAAGGCTCTAATCCCAAGG,0.7073
TAGCACTCACCTACGAACACTGG,0.65872
AGACCATTGCCAGTGTTCGTAGG,0.70018
TTTCTTGTAGCTTGGAGGGACGG,0.52813
GTACTTGGTCATGTATGGTGTGG,0.74423
GGGTGTCATGTCAGACAACGAGG,0.58897
GATGTGTGCCCCTGTGATGGTGG,0.59766
CTCCAGCTCCACCATCACAGGGG,0.70883
CGACGACTTTGATGATGTGGAGG,0.80386
TGACTTGGAGAATGCCGAAGAGG,0.72091
GTACGAGCGAGCCCGCGTGCTGG,0.49505
TCCTTCATGGCAATGAGCAGAGG,0.68543
CCTGCGGTCGCTCCCCAGAGGGG,0.63158
GAACCGCATTCTGCTCTACGCGG,0.76356
GAACTGTGATTACCAGCAGGAGG,0.91651
CAACAAGATCACGCACGAAGTGG,0.50124
GCTGTACCCCAAGGAAGACAAGG,0.65607
GCCCGACGGGACTTACGAGCCGG,0.47501
GTATTCGCTTCTGCCAGGAATGG,0.52482
TCTCAGGTGCGGCCACAAGGAGG,0.72361
CGTACGGGACACGATCGCCAGGG,0.82388
GCGCGGAGGCAGCCATGGTGCGG,0.66623
CCATGGTGCGGTTCAAGCACAGG,0.53484
GCCGAAAGTTCCGTGCACCCTGG,0.57078
CCTTGCACCCGCGAAGCCGATGG,0.46768
CATCGAGGCTTAGGCGGCAGCGG,0.40328
GCCTGCTCCATCGGCTTCGCGGG,0.36813
TTGCAGAACTGCACTGATGAAGG,0.49471
TGCTCAGAACTCGGTCATCGAGG,0.60914
AAGAAGCTGCTTATTAGAGGAGG,0.6336
GTACAAGACGCGCTTGGTGGTGG,0.51429
TGGGCACGACATCAGAACGCAGG,0.76992
GGTTTGTGAAATCACCGCCCTGG,0.54597
GTTTGGGCCAGAGTTGGCCATGG,0.49778
GTGTTTGGAGAGGTCACCGAAGG,0.75068
TCACCTGTTTCATAATCCAGAGG,0.73221
GTTCTCACCACAGCCACCGCTGG,0.56823
GTGGCCAGCGACTCCAGCGGTGG,0.53109
GGGCCGCAGCCTCCAAGCTGGGG,0.42645
GGTGGCTGACAAGTTCACAGAGG,0.9024
TCTGCAGCTCCAGAAAGCAGTGG,0.55606
GGACGTCAAATACTTTGCCCAGG,0.66887
GGAGGTCATAGAACTGGCCATGG,0.50249
TCTCCCCAGATCATGCACGGAGG,0.83518
GCTGTGGATCTGACCAGAGCAGG,0.58349
GTAGGTCAGAGCCCTGGAGGTGG,0.55583
GCTGTGAACTGGTGGAACTGAGG,0.62336
GTCGCTTTGCGGCATGGCGATGG,0.37018
CTTCAGAGCTCCATCAGCCGGGG,0.56912
CGCGCTGCGAGACTACGAGACGG,0.82798
AGGACCAGAAGAAACTGCACCGG,0.68735
GGGCTGCTCATCGCTGCGGGCGG,0.47615
GACAGGCATAAAGAATGGCGTGG,0.7675
GAAGCGCAGGAGCTGACAGTGGG,0.69812
GTTGATGTGCCTGGAAGCGCAGG,0.46966
GCAGGGCAACAAGGCAGAGAAGG,0.42872
GCAGGGGCCTCGACAAAGGAAGG,0.43349
CAGGGTAGAGAATTTGCAGGCGG,0.71649
GAAGATTCGGAGCCTTGATGTGG,0.77799
GAGGTAGATATATGGAGCAGTGG,0.58439
ACATTCTGGGTGACACGCTGGGG,0.53908
GCAGGTGGATCCCATGAAGAGGG,0.64488
GAGGATGCCTGAAAAGCTTGAGG,0.59599
TTATTGTCACAGGCATATGGTGG,0.80358
CAGATTGTATGCAGGCCCAGAGG,0.81105
GGTGTTTCAGCAACCAAGAATGG,0.55509
CCACAGAAATCCAAACACCAAGG,0.80054
GAAGGAGCACAAGATCATGGTGG,0.65107
AGCGTGCAGCCTTGGCGCCGTGG,0.61466
CAGGGAGGCTGAACACGCTGGGG,0.69513
GATGAGGAGGAAGGATGGGTGGG,0.46343
GCCATCCTGGACCTCCCTGAGGG,0.5979
ATTGGTGCTCTCCCTCAGGGAGG,0.75733
GTGGGTTCATGATCCATCAGAGG,0.88471
AGTGGGCCGGGCCTGCTGTGTGG,0.43595
GGAGGACAGGAACCTGCTGGTGG,0.57287
GAATGATTTGAAAGCAGCCTTGG,0.45604
GTTGCAGAGAGAATACGTGAAGG,0.69744
GTTAGAACTTGAACTGGCAGAGG,0.57721
ACCAACCATAGTGACACCGATGG,0.70084
TACCTCAATGAAATCGTCGGCGG,0.72793
GAAGTCACTGCTGCCCGAGAAGG,0.49095
GCTCAGCAAATACCGGCAGGTGG,0.56657
GGAAGGGTGAAACACCACGCTGG,0.72626
GCTCAGGAGATAGTCGCCAGTGG,0.6331
GGACCGCACCTGATCATCGGAGG,0.73179
CTAATCATGTTTATGAGCGGCGG,0.72024
CAGAATGGCCGGGATGCTGGTGG,0.50939
GAGACGGGCAATGACACGGCAGG,0.7012
GGGTTTCTCAGAGCCTACGGTGG,0.79042
GGAGCTTAGTCAGCATGCCAGGG,0.81188
GCAGATCAAACAGATGATGGAGG,0.63653
GCAACTGTACCTGACAGGGGTGG,0.62146
GAAGACAGTGAAGAGGGTCCTGG,0.47203
GGGGAGCAATGCCCATGGCATGG,0.49238
AATGCACCTTTGGGTTCTGGAGG,0.56512
GAGGCAGCAGAAGAGGAGGAAGG,0.71715
GAGGAGGAAGGAGGAAGCTATGG,0.37132
TCACCGCCTCCACCACCCAGGGG,0.85644
GAAGCGGACATACCCCTGGGTGG,0.82009
GAGCAGCATGATGTTGCAGGCGG,0.56902
GGTACCGCAAGATGAAGGAGCGG,0.79628
GAGTGGGGTGAAGGCCACGCTGG,0.4531
GACACAGCTGGATCTTTCCGGGG,0.57417
GCAGCAGGTCCCGAGATCGGCGG,0.80261
GTCGATCTCCCAAAAGGAGAAGG,0.56845
AATGGCTAACCGTACAGTGAAGG,0.68993
TCTTCCAGAGCACTAACTCGAGG,0.90541
GATATTGAGGGTTGGTGCCATGG,0.56578
GACGGGGCTTGTCCAAGTCTCGG,0.5491
GGACGGGCCTTACATCACAGCGG,0.91765
GTATCTGCAGAAGAGACGGATGG,0.74968
AGGGGTGTAGAACACAACCGGGG,0.77531
GCTAGAGCTGGACCCTGAGGAGG,0.65874
GTAGTGTGAACTGCCAGCGCTGG,0.73619
GCAGAACTTCCCGACACAGGTGG,0.6529
GGATCAAGCAGAACAAGGCCCGG,0.55521
GCGGCAGCACAACTACCTGAAGG,0.82897
AAGACAATGTCACCTCGCAGAGG,0.75797
TGACCGAGAGAATCCTGCAGGGG,0.70753
TATGATGGTCGACAAGGATGAGG,0.63477
AAGTGACACAGCCCTAGAGGAGG,0.69021
CTATAGACAAGGCGTCAAGGTGG,0.74744
CAGGGCAAGAGCAGACACTGTGG,0.65862
CCTAGAGGAGGCAGTAGCAGAGG,0.65718
GGGCACCAGAGATCTTGGACAGG,0.53828
CCATGTGGCACTCCAAACAACGG,0.68658
GAGCAGCTCGACAACCCTGCAGG,0.48782
ACAAGACGAGACACAGGCAGTGG,0.67375
GACAGGTTTGGAAAATGTGAGGG,0.77407
GGCCGGAGACCATATGGTGTTGG,0.64778
GGAACGGGCTCCAATGGACATGG,0.52175
GATGTGTCTCCATTCCTGGAAGG,0.75817
CAGATACCAACACAACGATATGG,0.58485
AGAACAGGACCTGACTACAAAGG,0.67175
AGTACGAGCTGATTGGGAACGGG,0.50472
ATAAGGAGACCAACACCATATGG,0.4847
ACCCTTCAGAATGTTTCCATTGG,0.39417
TGCCTGGAAAGCTACAGCAATGG,0.46686
GGAAGACTTTCCTTGAGAAAAGG,0.42614
AGTAGGCCTACCTTTTCTCAAGG,0.45398
GCTGGAGGAGCCCCGTCCGTGGG,0.59311
ACCTTTAATTCCCACGGACGGGG,0.49948
TACCAGCTGAGCTGTAGGAATGG,0.44792
ATCTGGACAAGTTTACCAGACGG,0.65027
GTACACCAAACCTATATGCTTGG,0.53662
GATGAGCTCAATCGGCACTGGGG,0.79157
ATAGCATCTTGCAGACAGAGTGG,0.84188
GGGTCTTACAGTGTGAATGACGG,0.76823
TCCGTCAGGAGAGAATGTAGAGG,0.83852
GCTGTGCCATCGGCAAAGCCAGG,0.47183
GAACTAGAACTCAGCTGGGTTGG,0.4752
GCCAAAGTTAGATCTGAAGTTGG,0.43338
AGCCAGGCAAGCTGCAAAGACGG,0.44193
GTACAGCAATGAAACACCAAAGG,0.70649
GGATGGAAGGCCACATGCATTGG,0.37721
AAGGGACATGGCTTGCAGTGTGG,0.63405
GCTGTAACCAACTGCTCACAAGG,0.53645
GTTAAAGGAAAACGTCCCTTTGG,0.45508
ATTGGCTGGGATAAGCACTATGG,0.63584
AGTGACCCTAGTGGAAATTACGG,0.33385
GCAACACTAACAAGAGAGAATGG,0.43083
TGCATGTCCAATAGCTTCCATGG,0.44371
GTGGCGGTCAAAACCGGCGCTGG,0.46467
GCTTCTACCAACATGTCCCGTGG,0.91825
GGATCACACTTATATACCTGAGG,0.86159
GCATACTTACAACAACCAAGAGG,0.72993
TTGTTTAACTCCCGCTGCAGTGG,0.51258
TTACATCAGTAGCTGTCAGAGGG,0.70788
ATAAGCTGACAGCAGATCCCAGG,0.61624
AACCCACAGTAGTAACCTGCAGG,0.48503
GAGGGTCGGCTCTACCAAGTAGG,0.69622
TGGGTTTAAAGCCACTGCAGCGG,0.67413
AGGCGACAAGAACATAGTCGGGG,0.75069
GAGGATACTGAGAGTCAGGAAGG,0.63739
GAAGACAGTCAGCCAGGTTTCGG,0.47537
GAGGAGGTTCACATGATATGGGG,0.73464
TAGTCCATGTAATACAGCGCTGG,0.58637
CTACCTGGCAGCCTTGGCCAAGG,0.44384
GAGGTCTAGAGAGCAAATGAAGG,0.67239
TCAGCCGGAACTTGAGGCGCTGG,0.4903
GTACCATGTTGGGCTCCCAGAGG,0.82242
GGGCCGTCATGGCCATGAAGGGG,0.57423
TTATACCCTCATGAGCATGGTGG,0.78492
TGAGCCAGTCATTGCCGGGTTGG,0.49988
AGACCTCATCGGCTGCCCCATGG,0.68489
CCGTTTCTCATACAAGAGGTTGG,0.60287
GGTGTATCAGTACAAAGGCATGG,0.5778
CCTGCTAGGCACCATGGCTGGGG,0.41819
TCCATGGGCACCATGATCTGTGG,0.61993
CATGTTGGCAAGCAGTTTGGAGG,0.53991
ATCTGTGGCTGGGATAAGAGAGG,0.59401
CAAAGGCATGGGGCTGTCCATGG,0.31791
CTTCACTGTCCACGTAGTAGAGG,0.50359
CTTTCCAGGCCTCTACTACGTGG,0.83492
GGTCCAGGGAGTCTCAGTGATGG,0.75863
GCGGACTCCAGAACAACCACTGG,0.4329
GCTGCTGTGTGGACCAGTGGAGG,0.55374
GTTGATGCTACCTACCGGGAAGG,0.68683
AAGCCGAGAAGTTTCCACTGGGG,0.86287
ATACCGGGAAGACCTGATGGCGG,0.7463
GCAGGCTGGGACCCTCAAGAAGG,0.59403
GGAGCTCCCGGAGCCTCCAATGG,0.58694
AAACTGCACGGCCATGATAGTGG,0.72701
GCTGCCAGCAAACTGCCACTGGG,0.60185
TAACCTGGTCTGATAAGTGCTGG,0.45318
CAGGGTCAAAGTCAGAGTGGTGG,0.66446
TTAGGTGCATGCCGTGATAGGGG,0.75761
CAGGCAATCTGTACAGAAGCTGG,0.52242
GGAGACCTATGCAGATATTGGGG,0.52051
TGATGGGCCCAAACTCGTACGGG,0.49969
AAGGACGACAAGCCCATCCGAGG,0.71969
GCAGTTTGCCAAGTTTGTGGTGG,0.67898
GATAATCAATGCTGATTCGGAGG,0.68634
GGTGGACCTTAGTGATCAGGTGG,0.88516
GAGCTTGTACAGAAATACGTCGG,0.82896
GCATACCTGGCAACCTGTAAAGG,0.34996
GATGTCACATACAGTGATGTTGG,0.84251
GGAGGTGCTCAAGATGTCCACGG,0.63745
GACCTGGACTCCCAGAGGAAGGG,0.55802
GCATCCACCAACCCAATCACAGG,0.6074
GGAGGTAGACGAGAGGCCCACGG,0.67578
GGGGATCCAACCTCCAAAAGGGG,0.58528
GGAGGTGCAGAGGACAATGCTGG,0.59841
GTTCCCGATGCCCAATGAGGAGG,0.57932
CAAGCACAGCAATGCACTGGTGG,0.65175
GTGATGTACGCGGACATCGGAGG,0.70781
GACCATGTTGGCAAAGGCGGTGG,0.51306
GAGATTCGATGCTCAGACAGGGG,0.6943
GCGAATCCAAAGCATCCCGCTGG,0.64092
AGAAATTGTCCGATGACCAGCGG,0.68528
GGATCAGAATACAGCCATCGTGG,0.54366
TGCACTCTCAGCCGACAGGGAGG,0.81461
GATCCGGCCCTGCTACGGCCAGG,0.59756
GAATTATGCTCTTGGAGCAGGGG,0.61403
AAAGGAAGACAACCTCCTGATGG,0.77843
GGATCAGCCTATCAGGAAGGTGG,0.54921
ACCAGAGCCACAATAAGCCATGG,0.71
AAATCTGATATGCCATCAGGAGG,0.72287
AATGGCAACATACCTTCCCAAGG,0.88175
GGGCGCAGCCATGATCACCTCGG,0.65648
AAGATATCACTCACAGCCTGAGG,0.65752
GCAAACTCTTTTATGCACTGTGG,0.52797
CTGGAGAAGTATCCTTGGGAAGG,0.67857
GGAGTGGAGGATGTCGATGGAGG,0.53361
TGAGAGCGGTAAGATGGCGGCGG,0.48735
GCAGTAGATGGCATTTGCTGTGG,0.4917
GCTTTGATTTTAGGCCGACGTGG,0.52396
CATTCAGGAAAACGATGAAGAGG,0.72198
GGAAGCAGCTACAGGGCAGGAGG,0.53869
GGTGGACTACAGCGCCACGGTGG,0.72267
GGGTAGGCGCTGATCCACCGTGG,0.91708
GCGCATCGTCAAGATGGAGGTGG,0.62991
CGAGTGTGCGAAGCTAGCCAAGG,0.69429
ACGAATGGTTACCGAAGGCAAGG,0.59214
GAGGCTCTGCCTAGCTGTGAAGG,0.57589
GATTCAGCTGGATCAACATGAGG,0.58237
ACAGTGCTGTACTTATGTTGAGG,0.56627
GATTTGGTTCACCGAATAAGTGG,0.56662
GCGTTGGTCCACACTTGTTGAGG,0.58731
GAACCGATGTCACACCAGGAAGG,0.77003
GCAGGAGAGAGCCTTCACGCTGG,0.6033
GAAAGGCAGTATAGACGAGGTGG,0.73535
CATGAAGAATGATTTCCACGAGG,0.64054
TCAGTTGTTGTGCCTCATGGAGG,0.85016
TGAGGAATACTGACCGGCAGTGG,0.582
CAGACTCTGAAGACTGCCTGGGG,0.7021
GGTGATGAAGGCCCTTTCGGTGG,0.61264
CAAACGAGTCCACATGACCTGGG,0.77805
GCAGCCCCAGCAGTCTCCAGCGG,0.59954
ATGACGCAGAGAAGGTCCAGCGG,0.77217
CAGTTTTGCCAACACACTGGTGG,0.59124
GCTTCTCGTCCGTGCCGCCGGGG,0.5911
GATGCTCGTGGAACGACTAGGGG,0.67335
TCGGCTAGTGGGCTCCCAGGAGG,0.72305
GAGTGAGCAGAGGCTCCCGCTGG,0.64432
CAGGGTAGTACAGAAACAGATGG,0.7287
GGAGCTGAGTGAAGATGTCGAGG,0.60197
GATATGGGGAGCCTACACTCCGG,0.76157
CAGAAGCTGCAGCTGCCCGCCGG,0.4401
CTTCTGCACGGGCATCCGCGTGG,0.69872
GGAAGGTGGCAAGATGGTGTTGG,0.43757
GGCAAGATCACCTTCTGCACGGG,0.48718
CATTGATGCCAGCTCAGCTATGG,0.45178
CTTTGTGGGAAGCCCAGTGGAGG,0.63152
AGATGTGTCCATAGCTGAGCTGG,0.42506
TGTTGGAAAGCACTATGGTGTGG,0.88117
TAGGACTCACATGGGCCACGCGG,0.86711
CCCAGTGGAGGACAATGAGAAGG,0.52521
GGAGCTGGCAGTGCAGAAGGTGG,0.68788
ACCACACTGAGCAGCACCAGGGG,0.64662
GATGTGAAGCCGAAGGACCTAGG,0.76918
CTAGCCAGGGAAAGAATAGTTGG,0.55865
GTGTGTCGCGATGCCGGAGCTGG,0.36981
TCATTCAGAATCGGCAAGGTTGG,0.4317
TACAGAAGCGTACATTTCAGTGG,0.64232
GTGTGGTGGATCATTTCAACCGG,0.56947
GGAAACCAGAAGCGTGTTGTTGG,0.46505
CACGTGTTCAAATGTTTTCGAGG,0.48278
GAGGACGGCAAAGGATGTGGTGG,0.70336
GCAGTGACTCCTCCATGGGACGG,0.85693
GGGGTCTCACCGCTTAGCTGGGG,0.56842
GGCTAGAAGAAACAGACCGGAGG,0.75822
ACAGGGACTGGGATGACCCACGG,0.66717
GCCGTGAGTGTAAAGAGCCGTGG,0.58179
TGAGAGGACTGACTTCAAGGAGG,0.74669
GCAGGCATCACTACACGTGGTGG,0.70839
GAGGCTAGTGAAGAGCGACAGGG,0.76275
GCCGGCCAGGAGAAATTCGGTGG,0.69354
TTTGTTGCCACACAACACAATGG,0.57478
CCTACTTTGAACTGGACCTGGGG,0.78098
CAGCTTGTATTGGTTGGTGATGG,0.48715
AACATCCCCATTGTGTTGTGTGG,0.53511
GACAACTGCTCTCCCGGATGAGG,0.54869
AGTCAAATGACGTTTCACGAAGG,0.70601
CCTGAAGATTCTTCTTTCGGTGG,0.52264
ACAGGTCATCATCCTCATCCGGG,0.61012
GGAGACTCAAAACGCAATGCAGG,0.55949
GAAGCATGAGCTGCAATCGGAGG,0.80276
GGAGCCAAACCAATTCCTGGTGG,0.87023
ACTGACAGTGTATATACAGGTGG,0.64224
GATACAGATTCTACAAGCCAAGG,0.53605
TGTGAACATCCGGCTAGTGGAGG,0.82875
AAGAATCATGAGACAGATGGAGG,0.63371
CCCAGGAACAAATGTAGCCATGG,0.52196
CGTGGGCAACGTCGACGGGGCGG,0.5588
GCAGCTCATGACCGTGCCGTAGG,0.76352
GTTCTCGCGCATGTGCACGAAGG,0.77215
CGGGGCGGATACGACTCCGGAGG,0.74168
GTGGCCGTGCAGGGCTTCGATGG,0.58573
GAAGGCGAACTGTTTCATGACGG,0.78005
GCAGCCCTCTTTGCGCCCTACGG,0.42104
GATTTTCGTGGGCAATGTGTCGG,0.54259
ACGCGTCATCGAGTGTGACGTGG,0.66464
TGGTGGAGATGTCGCGCCCAAGG,0.43048
GAGAGGAACGACAGAGACAGCGG,0.58607
AAGATTATGAGCGAGAGAGGAGG,0.60023
GAGAAGACCAGCAAGCGTGGCGG,0.70747
AGCCCAGCTGCTACATGCGGTGG,0.57357
AGACTTGGAAGTTGAAACCAAGG,0.85814
GGCAGCTCTCACTCAGGCAAAGG,0.46997
GACATGTCTGGCACAGAATGGGG,0.53695
GACCAAAGAAAAGTATGGGAAGG,0.58692
GCCTCGGCTGGACCCACCAGAGG,0.64479
GTAGGTGTTGGAACCCAGAGAGG,0.73289
GGACCACACCCTACTACAAAAGG,0.33762
AGCGGGCTTCAACAATGCCTCGG,0.49218
TAGACCACCAACATATAGTGTGG,0.81165
CCTGTTCCAGGATTGCCAGGAGG,0.77016
TCTTCTGCTGCAGGAGGAGGAGG,0.44036
CAAGTTGAAGTAGTTGGCAGAGG,0.49795
GTAATAATCTGAGTGCACGGAGG,0.82868
AGAACGGAGAGAAAGAGAGAGGG,0.71812
GCAAGAGCCAGAATCAGAAGAGG,0.62065
GGAGGGCGATTCAAATGAGGTGG,0.67305
GGAGGAAATCCTGGAAACTGCGG,0.51649
CAGAGAACGAAAGAAAACCCGGG,0.81549
GTAGGTGCTTCCAATAGTCCTGG,0.62013
GTGCTGGGATTCCCATGGGAGGG,0.6688
AATGTGGTTTGGTTTTGAGCTGG,0.51727
ACATCTCTACGAGAGGGCAGCGG,0.81607
CCTTAAGCTCCTGTATCACGTGG,0.51802
AGCCAGAGACATGAATGGAAAGG,0.75153
TCCCCGTGAGGGAGGTCCCCTGG,0.41005
AGCAGTGGAATGGGAGGAAGAGG,0.48099
AGCCGCGGAGCACCAAGAGGTGG,0.75282
CCCATGTGTCCTCCCCGTGAGGG,0.62119
GATTTTGCTCATTATGGTCGTGG,0.45733
GGTGCAGATCTCTTAGGAGGAGG,0.51042
TGTGCGAGAAGAGGAAGAGGAGG,0.53726
GGAGAGGGACCACCTCAGGAAGG,0.63487
CCTGGGCCCAAACAAAATGGTGG,0.76488
GGCCTGATTCCACCAAGAGAAGG,0.58831
GATGTCATACACGTCCTCGGCGG,0.86724
GAACTGCAGCTGCGTCACCCGGG,0.60815
GCGCCGCCCAGACCTGCTGATGG,0.4549
GCTTTGGCTGGAATCCGGGTAGG,0.69102
GCGTCGATGATGTAAAGGCAGGG,0.77736
ATCCGGGTAGGAGTTGAAGATGG,0.70294
GCACGATGCAGAACCGGCTTTGG,0.36483
ATAAGTGCCATCCACAGCGAGGG,0.74439
TGATGGAGGACACATGGAAGAGG,0.51494
ATGGTCGGCCAACTGAGCGAGGG,0.63129
ATGAGCAGTCGATAACGCGGCGG,0.85827
GACACAGTTGAACCCTCTCGTGG,0.70166
CGTACCTGGAGCAACTCCCGAGG,0.70386
AGGTGGTGACTGCTACACTGTGG,0.62684
GATAGTGCTTGAAGACAGCACGG,0.69667
ATCTCTGATCTAAAGAGCGGCGG,0.67327
TATTCCCCGTAGTAATGGGACGG,0.85624
ATTGTTCTTCCTCCACGAGAGGG,0.65649
ACAGGTGGATTCGAAAGCTATGG,0.63322
GCGGCTACACGCAGTCCCCGGGG,0.6754
GATCATCAGACATGCAGAGAAGG,0.58455
AAGGCTTGTCCAAGACCTGAAGG,0.5489
GATTTCTTTTCGGCTTGAGAAGG,0.58206
GGAAGTGATCAATGCACACATGG,0.51665
ACTAAGCAAAGCCAACAGCCAGG,0.66516
CTATGGCAGCTCCTCATACGGGG,0.71831
GAACACTTCATCAACCAAAGTGG,0.61118
CAGCACTACATACCTTCTGGCGG,0.77028
AGACTCACCAACGGGCGGGGCGG,0.53108
ACTACTTACCAGGGACACCTCGG,0.82568
TATGAGCAGCTGTCCTCTGAAGG,0.56372
GAATCCTGCCTTACCTTCAGAGG,0.56951
TCACCTGTCAGCCCCAGCACAGG,0.61277
TTCTCCCTACCTAGCCCTGGAGG,0.64152
GGTGGAGCCGCACCCGGATATGG,0.37314
CACACACAGAGAACTTAGGGCGG,0.62741
TCGAAGGTTCCTGGAGACGGTGG,0.60392
GCTTGCGCTGGTTCCCGTGCAGG,0.46897
TCGCGACACCCTGTACGAGGCGG,0.80828
GGCCCAGGTTTAAATAAGGCAGG,0.52502
GAAGAACTATGATCCCCAGAAGG,0.67754
GCGGTGCGGGAAGTCCTGCACGG,0.61383
ATTCCACGAATCCTCGGCCCAGG,0.50569
CTGTGACGAGGCTAAGGCCGTGG,0.56053
TCTGCAACTCCACCGTCTCCAGG,0.4573
GCATCGCAGACAAGAAGCGCAGG,0.61249
ACACAGAATCAGCAAAGAGGAGG,0.64364
CGGATGCGAAGTTCCCGCATGGG,0.41045
GACGCGAGCAGCCAAGGTGTTGG,0.49746
GCTGTCCACTGCACAGTTCGAGG,0.358
AAGCGCAGGACAGGCTGCATTGG,0.28582
AAATCAGCTTTACCTTCTGCTGG,0.34363
GTGAAAAGGAGAACCCCATGCGG,0.62299
AAGGTGTTGGAGCAGCTCACAGG,0.44987
GGATAACGTACCAGACCCAGGGG,0.83799
CCAGTATACCTGAGGTGCACCGG,0.58423
CATTCAGAACAGACAGGCCCAGG,0.52027
TCTTCTGCAGTTAAACACAGTGG,0.77351
GACCCCAACGAGATCAAAGTCGG,0.68775
CAACATTACAGCCCACTGACTGG,0.41609
AGGAACCATTAAAGAGATCCTGG,0.40412
AGTTGGTGATGACATTGCCAAGG,0.8209
GTGTTCACTTACGTTCCGGACGG,0.61367
AGCCGGCCCGTAAGATCCGCAGG,0.52949
TACTCACCCTGAGCTCCTCCAGG,0.4469
TCTCCACCAGACGTAAGGCCCGG,0.68629
GAAAGCTCGAGTCATCACTGAGG,0.81212
CCGGACGGGCATGACCGGTCCGG,0.56918
GTTGGCCTGCAGGGACTCCGTGG,0.59513
GGCGCCCAGCCGGAATGGCATGG,0.5211
ACGTAAGGCCCGGCAAGCCAAGG,0.52894
TAGCTCACCTTGTCGTAGGGCGG,0.70354
GCGTCTGAAGCCTACAAGAAAGG,0.48414
CCGGAAGAAGAAACAGCTCATGG,0.66422
CATCCCACCGCCCTACGACAAGG,0.63286
CCTCCCTCTAGGCCGGAAGGTGG,0.70486
CTGCCCCACAAAACCAAGCGAGG,0.56291
GTAGGGGCCTCGGGAAGGGTTGG,0.49196
GTGGTGGTCGTACGCTGTGAAGG,0.63321
TGCCGTCAAACACCTTGAGACGG,0.6145
GAAGATTGAAGCCAGAGAAAGGG,0.56029
GTGTTCTAGGCTTTGGTCGATGG,0.48911
TCATCCTCAAGTTTCCGCACAGG,0.51892
TTGTCGGACATACTTCTGGTGGG,0.83499
TGTCCGACAAGCCTGGCAGAAGG,0.67274
GCCTGCTCCAAAAGCTCAGAAGG,0.40491
ATGAGGTCCAAAGGAGACATAGG,0.79079
CGGGTGGCCTATGTCTCCTTTGG,0.34127
CCAGAAAGCACCTGCTCCAAAGG,0.37074
GGTGTTCAGGCGCTTCGTGGAGG,0.68181
ACAACCTCTTCAACACAACCTGG,0.5525
GGGAAAGGGACAGAGGCGGCCGG,0.6434
AGTTATGGTCCCCACAACCACGG,0.86795
GACCATAACTGATGATGTGCGGG,0.7442
GGCCCGCAGCCGCATCCTCAGGG,0.56687
GTGGCTGTGCGGGGTTCCTGGGG,0.5609
GGCCTGATACTCACTTGGTGTGG,0.52233
GACAGGCAGCTTACAGCACTGGG,0.58301
ACGTGGAACTGCTTGACAGCCGG,0.60168
TCCCGAAGTTCTTCACCCGCAGG,0.40727
GCTACGAGAGTACAAGGTAGTGG,0.68164
GGTGCCGGGCACCCATGTCTCGG,0.54539
GGGGCGGCGTGTGGCATTTGGGG,0.35509
AGAGCACGCCATGAAGGCCTCGG,0.45805
GTACTCACGGGAGTTGGCATTGG,0.4635
TCTGTGTGTCTAGTATGCTCAGG,0.67935
CTTACGCCAGGAGCTTCTTGCGG,0.41925
CCTGACCAGTGACCAGGCTGAGG,0.49498
TCACATGGATGAGGAGAATGAGG,0.58203
GCGCCGTGAAGAGCGCCTCCAGG,0.39004
GAATGCCAGAGAAGGTCACATGG,0.64588
GCGCCGAAAGCGAAGAAGGAAGG,0.6532
AGGCCCAACTCACCGAATCAGGG,0.57736
AGTACTGACTTGTTTCTCCTGGG,0.5111
GAAGCTGTATGACATTGATGTGG,0.78405
TAAAGCTGAAGCCAAAGCGAAGG,0.62243
GTCTTCGGCCGCCGGAAGGTGGG,0.76007
GGCCGAAGACACTGCGACTCCGG,0.41619
TAGGCCTGATGGAGAGAAGAAGG,0.61584
ATCCTCGGAAGAGCGCTCCCAGG,0.57611
TCCGCACGTCACCCACCTTCCGG,0.41923
TTTACCCCACAGGGCTGCTAAGG,0.43971
AGTCGGCTTTCCTTTCCAAGAGG,0.61284
TAGCGTTTTCCACCAACTCGGGG,0.76967
CGGGGAGCTGAAACTTTCACAGG,0.3999
AGCGGGTACAAGATCTACCCCGG,0.7166
ACAGTCCAGTTTATCTGCCGAGG,0.6599
GCCGAGCAGTCAAATTCCAGAGG,0.68507
GCCGAGGATTCCTCTTGGAAAGG,0.35267
GACACGGGAGGCGCTACGCCAGG,0.47755
CTACGCCAGGACCGACGGGAAGG,0.63881
ATTTGCTCTTAGGTTGTACGTGG,0.55105
AGAAACCATTGAGAAGATGCAGG,0.6277
GCGATCCATGCCCATCCGAAAGG,0.4946
ATGCACCTTCCCACATTCGAAGG,0.44401
ATCTTCCTTCGAATGTGGGAAGG,0.69046
TGAACGGGTGCAGCGGGAAAAGG,0.40088
CGTAGGCATTCACCCCAGCAAGG,0.69854
GCTTCGGTCGGAAGTCACAAAGG,0.53306
AATGGCACAACTGTCCACGTAGG,0.79933
TAAACGCAAGGCCCGACGGGAGG,0.58567
ACTTGACCTTGGCCTCCCGTCGG,0.5468
ACGCAAAGCTGTCATCGTGAAGG,0.62761
ATGGCAGCTGTCACTTTGCGGGG,0.53389
CTTTGTCCCCAGGTACTCTGTGG,0.62463
GGACAAAACTGTCGTCAATAAGG,0.26924
ACAATCACCTAATGCCCACAAGG,0.62316
GGCGATCTTCTTCTTGCCCATGG,0.36889
GTTCATGAAACCTGGGAAGGTGG,0.68435
AGAGGTGAACAAGAAGGAGGTGG,0.60695
GACCTGCCTCACCTTGCGGAGGG,0.6298
GCACTGGGCTCACCTGGGTGTGG,0.3939
GCCTTCTCTGTGGCACGCGCTGG,0.38382
GCGGGTGCTCACCCTCCGCAAGG,0.61833
TGTAGAGACACCACCCATGGTGG,0.7465
TGAGATGATCGACGTCATCGGGG,0.8383
GACCCACCGAGGCCTGCGCAAGG,0.50698
CCGTGTCATTGCCCACACCCAGG,0.58633
GAAAAGTGGGAAGTACGTCCTGG,0.44828
GATGGTGGCCGCAAAGAAGACGG,0.63117
TCAGAGTCTGCTTGTACCCCAGG,0.60731
CTCCAACTCGTTATGAAAAGTGG,0.42742
ATACTACAGAGTGTGCACACTGG,0.74251
ATTGAACTGGGCACAGCATGCGG,0.45564
AGAAGCATGCCAGAACAGACTGG,0.75127
ACTGGTGTCCATCACTACAGTGG,0.69198
ACACTGGCTATCATTGATCCAGG,0.59448
ACTCTGAAGATGATCAGACAAGG,0.82052
TTAGATGGCTCCCGCAAAGAAGG,0.49402
AGAGGGATACTCACACTCCATGG,0.66135
CAGTCGCCAAGAGCCCATAAAGG,0.43612
GCTTCAAGAAGCGTGCACCTCGG,0.66434
AGATCTACAGACAGTCAATGTGG,0.84138
GTTTTCTGGACAGCCGCACACGG,0.62675
TCGGGTTACCACTTCGTTGATGG,0.4025
GCGCAGTGAAGAAAATGAGTAGG,0.70735
GTTGCTTCCATAACCAATGTTGG,0.48012
ATTTCCTTCAGCGTAACTGGCGG,0.74525
AGGGTTCGTAGAAGATTCAAGGG,0.73754
CGTAACTGGCGGAAACCCAGAGG,0.82809
ACGATCTTGGGCTTCACAAGGGG,0.53914
GGAAACATTGTGAGCGATCTCGG,0.39679
TTCACTGCGCAGCCTGGCATTGG,0.25576
AGCGTTTGACATACCGACGTAGG,0.69967
TTACCCCTCGAAGTCTGCCTGGG,0.54631
CTTTCTAGGTCCCGAACCCCTGG,0.62901
TATTGTAGGAAAGCCTACGTCGG,0.85998
CACACACCACATGCAGATTTTGG,0.24492
CGATTTTCTGCTCCTCGATAAGG,0.23879
GTGCTAAATGTGTTCGTGACAGG,0.4186
CAAGCGTGCTTTCCTTATCGAGG,0.51733
CAATTCTATTACCAGGGGTTCGG,0.28088
AGCACACATGGAACCACCATAGG,0.63944
TCACCTTGTAGAATTTCCTGAGG,0.86131
TTACATCTTAGAGAGCTTGGAGG,0.6282
AGTACGCGGTCAAGGCCTGAGGG,0.65303
TCTTCGCGGGAAGAAGAAGGAGG,0.70744
CAATGGATTTCCGGACGACTCGG,0.45144
TCAAGGCTCGAGATCTTCGCGGG,0.55578
CCGCCGGCTCAACAAGCACGAGG,0.66761
AGGAGCGGCTGTACCCGCTGCGG,0.71966
GAAACAGCTGGACGACCTGAAGG,0.6923
ATCAGCAACACAGTCACTCCTGG,0.57514
CATTGGACACAGAATCCGAGTGG,0.80394
GTGTCTTAGGCTGTGGTCCAAGG,0.43108
CATCTGGGGAAAAGTAACTCGGG,0.59316
ACTCGGGCCCATGGAAACAGTGG,0.64386
AGCGGGGTCTCCGGAACCAAAGG,0.44099
AACAAAACCAGAGTCATCTGGGG,0.65533
GAACCATGCCACTGTTTCCATGG,0.38814
GGCCCATGGAAACAGTGGCATGG,0.5489
GCGCGCCATGGAGTTACTGAAGG,0.70548
CAAACACACCAAGTTCGTGCGGG,0.6642
GTGGCTTTGCCCCGTACGAGCGG,0.77891
CATAGGGTAGCGTAGGGCCATGG,0.50177
CATGGCGCGCCGCTCGTACGGGG,0.60751
CGTGCGGGACATGATTCGGGAGG,0.77298
GGACGCACATCCGCGCCAAGAGG,0.61289
GGAGGAGCTGAGCAACGTACTGG,0.62716
GCAACGTACTGGCCGCCATGAGG,0.82783
CCTCCCGCTTCCTCTTGGCGCGG,0.63173
AGGCCTTAGAGCCACAGCGGCGG,0.61553
CACACGTTGTGCCGCCGCTGTGG,0.53107
TTTAGATAACTGGAGTGCCAAGG,0.65776
ACAAACTGTACCTGAATCTGCGG,0.70982
CCTCATTCGACCAGTTCCGGTGG,0.76974
TGCAGGCATGGATTCCGTGAAGG,0.51771
ACTTTCTCTTGCGCTTGGCAGGG,0.59091
AGGGTAGCCACATTTGCCACAGG,0.5094
AAGTCGACCTGTGGCAAATGTGG,0.50896
TGCATGAAGACAGTGGCTGGCGG,0.70236
CTAGACTCACTTGTACGTCCAGG,0.60997
AGCAAGTGTACTTGGCGTGCTGG,0.40625
GGCGGACTTTACCGTGACAGCGG,0.70223
TTTTCTTCACCATTTTCCGGAGG,0.59593
GTCCGCCATCAGAAGACTGAAGG,0.60479
CAAGATGAAGAGACGAGCTGTGG,0.46113
GCTGTGGGGATCTGGCACTGTGG,0.6926
GGTAAATACGGGACCCGCTATGG,0.37881
ACCAAGAAAGTCGGGATCGTCGG,0.50811
GTTGCAGCCTCGGAAAATTGAGG,0.61347
ACATTTGGCATCCTTTCGTCGGG,0.48171
CAGCAGATACCTTTACACCCTGG,0.71786
GGTCATCACTGACAAAGAGAAGG,0.68805
CAGTGATGACCAGGGTGTAAAGG,0.47026
TCGGAGTACACCGATATCAGTGG,0.65067
AAAGAGCCCTTCGAGCACCACGG,0.80964
TCTTCTTTAGGACTCTGCGATGG,0.6467
ATTACCAGGGATGTTTCTGAAGG,0.54856
ATACGTTTCCAAAAGCACCCTGG,0.59041
GTGTGCTCGCCCACTGATATCGG,0.4859
TAAGGCAGCTGCTGCAGCAGCGG,0.43486
ACAAGCCAAATCAGATGAGAAGG,0.64472
ATACGCCATCTGTTCTGCCCTGG,0.40672
GTGAAATTTAGAAGACGACGAGG,0.66498
GAGGCTTGTCTATCCCTCACAGG,0.6117
TTTAGTACCAAACGATTCCCTGG,0.57436
AGTACATCGGAAGCACATCATGG,0.75766
GGATCGGGTAGCTCAAAAGAAGG,0.58843
CCGATCCTTCTTCTGAGCAAGGG,0.5974
GAACAGCGTAACTCCAGACATGG,0.74276
GCCCTGAAGGGAGCTGTGGATGG,0.44507
TGCATCCAAATAGCAGGTGAAGG,0.61876
GTACTCTCACCTTGCCCCTGTGG,0.69608
CACTGGACGCCACAGGGGCAAGG,0.46035
GAAGCCAAGAAGGTTGATGCTGG,0.64584
TTCGTAGAGGAACTCGATTGAGG,0.50904
TCAGAGCAAACACAGATCGCAGG,0.62751
GGATGATCAGAATGGTCCCGGGG,0.80941
GAAGAAACCCGAAGCCAAGAAGG,0.54275
GGACAGGGTTGCGGCTGCAATGG,0.34359
GTTTTCAGCTTCGAAAGGCAAGG,0.62314
CGTTTGTCATCAGAATCAGAGGG,0.6453
AACTCACTCTACACCCTCCATGG,0.55686
CGTTTTCACCACAGTATCAATGG,0.38656
AGTGAGCCCAAAGGTTCGAAAGG,0.62529
GCAACACCTTTCGAACCTTTGGG,0.26149
TAAATACGGCATCATCTGCATGG,0.64528
ACAGAACCTCACCTGTTTGGCGG,0.67334
TCACCTGCTCGAAGGACAGGTGG,0.68279
ACACGACGTGGATCCCATCGAGG,0.74897
TAGGGAAGACAAAGGCGCTTTGG,0.38413
TGCCCAGCCGAAAGGAAAGAAGG,0.49084
CGGGCCGAGAAGAAGGCTGCTGG,0.37262
TTACGAGTTCACCTGTGTGAAGG,0.64104
AGCTGTCGTGAAGAAGCAGGAGG,0.64921
GCACCACAGCCTTCCCGCGAAGG,0.53202
AGACTGCTGCCTCATATCCGGGG,0.64197
TGAAGTGCTTGATATCACAGAGG,0.857
GAACTGACTTCTCCAGAGCTGGG,0.65725
CAGGGGCACCATTGAAATCCTGG,0.35581
ATTGTGGGAGCAGACAATGTGGG,0.76698
TACCTTTTCAGCAAGTGGGAAGG,0.64145
TGCCATTGTCGAACACCTGCTGG,0.37757
GACGCACCGCCGTGATGCCCAGG,0.46343
GGACAGCGTGGGTATCGAGGCGG,0.70364
CCACCACTTACCTGCAGCAGGGG,0.56441
GGACGACGACCGGCTCAACAAGG,0.77446
CCTACCTGCTGGCTGCCCTAGGG,0.39077
GAAGAGTCAGATGATGACATGGG,0.71067
CATTGAAGACGTCATTGCCCAGG,0.52335
ACGGCTACAGCCCCACCAGCAGG,0.54167
GTAGCCGTCTCTGCTGCCCCAGG,0.5205
GAATGTATTGGACACCACGGTGG,0.67725
AAGGCTGCTGAGTCCCACGATGG,0.70521
CGAGAGCACAGCAGCTGCAGAGG,0.48491
GCTCTGATCCTTATCCACGGTGG,0.84435
GACATACCCAGCCAAAGCCAAGG,0.54225
GTAGAGAGTGTAGGTGCCAGAGG,0.7413
AGAGCGAAGAGCAGAAGCAACGG,0.53853
TGACCTGAGGAGCATCGTGGAGG,0.66429
GACTGAGCCATCCATTAAGGAGG,0.68567
CAGCTCCTCAAGCACCGGGGCGG,0.52755
GCGATTCTCTCACTGAGCCGGGG,0.55584
GCCATGGTACACTTAAACTGGGG,0.80518
AACGACGTCTTCACAACCAGAGG,0.58833
ACAACCCATACATCATCCGCTGG,0.66045
TCTCTGTCTTGGCTTTCCAGAGG,0.70365
TTACGGAGAGATCCCCGCCCCGG,0.67875
GCGTCTGCACAAGATGCCGGTGG,0.64427
AGAGCATGGCCACGCTGCGCCGG,0.45518
TCCTGAGCCAAGCACAGTGGTGG,0.54956
TCGCAAACCAGTAAGTGCCGCGG,0.64307
CGAGCTGGAGGGAACGCCAGAGG,0.52823
GAACGCCAGAGGTGTCCTGCCGG,0.43411
CAGGTCGACATTACTGAAGACGG,0.64458
GCAACCACAAGTCGCGCCACCGG,0.60809
GGGCTTCAAGACACCCAAGGAGG,0.77533
ACTGCGCTCACCTGAAGCAGGGG,0.58312
CCGATGTTCTTGTAGTACCGCGG,0.75089
AATGGACACATTACCAGTGAAGG,0.59031
ATAGTCTCGGCGGATGACAATGG,0.82221
GAGGTTCCCCGCACCTCCTTGGG,0.33202
CTCAAGGTCACCAAGGCTGCCGG,0.52134
CTGGCAAGGAGAAGCTCCCGCGG,0.68194
AGTGCGCTTCAACGTGCTCAAGG,0.56158
CGTTTAAGCATTGCTGCTGGAGG,0.51217
GGCTCACCCTTCCTCGGCCATGG,0.3542
AAGACTGCCCTCATCCACGATGG,0.64093
GTAACCCACCGCCATGGCCGAGG,0.64946
AAGAAACTAGGAGAATGGGTAGG,0.76988
TATGTATGTCAAGTTGGTGGAGG,0.64698
CTGCAACCAACCACTTTACGGGG,0.57734
ATCCACGATGGCCTAGCACGTGG,0.6845
GGATGCAAGCACACAAAGATGGG,0.50662
GTAATCCTGAGAGATTCACATGG,0.9236
GTCTGATTCTAATAGAGAGCCGG,0.54457
AGAGAGCCGGATTCACCGTTTGG,0.40847
TGGGTCGCATGCATGCTCCCGGG,0.6529
GTGGGGACGCTGCGTCGATAGGG,0.61469
CTGTTCGAAAGCATCTTGAGAGG,0.52841
CAGGAAGGGCCTGTCCCAGTCGG,0.52285
ATTGGGAGGGAGGACTCGCTTGG,0.41753
CAACATAGCAGCATATGGTGAGG,0.63362
GCCCGATCTTCATACCCGAGCGG,0.71064
TTTTCTAGGACCAAGACCCCTGG,0.76341
TCCCCTCTGACAGCACTCGCAGG,0.52098
TCAGAAATGGCACCTCGAAAGGG,0.41067
TATGTTGGCTGCCCAGGATGTGG,0.59411
CATATGGTGAGGATTCATCTCGG,0.65858
CCGAGCGGGCAAGGGCTCTGAGG,0.44478
CACACACCTTGATCTCCACCTGG,0.4911
AAGCATGGCCGGCCCGGCATCGG,0.30793
GTAGGATGATCATGTCCCGCAGG,0.77546
CTTGCGCAGGCGCTTCAGCAGGG,0.54756
TGCTGCCCACCATCTCGGGTAGG,0.53785
ACCTACAAGCCCGTAAAGCATGG,0.63552
GCTTCATCCCTCTCAAGTAATGG,0.42728
CGAGATGATCGGCCACTACCTGG,0.4668
GGCCAACTTACCCAAACTGGCGG,0.59572
TACTCTTGAGAGCATCTGCCAGG,0.53852
TGACGTGCAACTCAAAGACCTGG,0.54299
CGAAAAGAGAGGCAAACGCCAGG,0.58401
TCATCATCACAGTGAGAAACCGG,0.57239
AATGGTGCGCATGAATGTCCTGG,0.47951
AGCACGGCCTAATAAGCACCTGG,0.54946
ATCAACAATGCCGAAAAGAGAGG,0.45654
CTGATGAAGCGAATTCAGAGAGG,0.78068
GTAGGTCTCAGCCTTGGATCAGG,0.41485
TCACGGTTTTGGTGCGAACGCGG,0.47936
GGATGAATTTCAAAACGCCTCGG,0.37398
GAGAGACAATTATGTTCCTGAGG,0.73556
TCGTGTGGAAGTCGTTGCCCAGG,0.50345
ACTTACCTTAATGGCAGTGATGG,0.49296
TGAATCCAGGTCCTAGCCAATGG,0.73632
AAAGGATGGAAAATACAGCCAGG,0.55759
GAAGTGACGCAGCCCTCTATGGG,0.47166
ACACCAACATCGATGGGCGGCGG,0.62756
TCTTGGACACACCCACGGTGCGG,0.69128
ACCAAGACCACTGGCCGCCGTGG,0.54996
CATTGACCTCACCAAGAGGGCGG,0.69391
GCGCGGCACCTGTACCTCCGGGG,0.71838
GCTCCAAGAGTGTGGCCCGCCGG,0.51362
AACTGGTTCTACACGCGAGCTGG,0.52423
ATGGGTGGATACCGTCAAGCTGG,0.54757
GTACCTCCGGGGTGGCGCTGGGG,0.41816
AGAGATCTGGACAGAATCGCCGG,0.63718
GTGTGTGCTGACTTGATAAGAGG,0.58495
AATGCACTGACCCTTTTCCAAGG,0.62552
ACCAGTTCGAATGCCTACCAAGG,0.65083
GAAGTGTATTCGAATCCCCGGGG,0.9584
CACTTCTCAAAGTGTACTGCTGG,0.40081
AAGCCGCAACGTAAAATCCTTGG,0.44469
CTGCTGGCCCTCTGTATCCATGG,0.31321
GTGGTGAAGGTTCTAAGACGTGG,0.63642
ATTGCCACCTCCGGCTCCACGGG,0.49861
AACACCCGTGGAGCCGGAGGTGG,0.43085
TACAAAGATGACATCCGGTGTGG,0.57703
GGACATGTGGCAGATTGCGGAGG,0.4904
TCGAAGGCAAGAGAAAGCCGGGG,0.65106
CTGTGGCAAGTATTTACAGGTGG,0.61521
GGTTCTCCCCACCCTGTGGACGG,0.69148
GCCAGGCGTGCCTTTTGGAGAGG,0.41911
AGGTAGAAGTGCCAGGACCGTGG,0.68617
TACAGGTGGCCGTTACCTGGAGG,0.85455
CCAAGTCACCGTCCACAGGGTGG,0.70889
GGTGAGCAGAAGTGGTCCAAAGG,0.69233
TAAGGACGACAAGAAGAAGAAGG,0.63499
TACACCCCTCACCTTTACTAAGG,0.50515
AGACCCAGTGAACAAATCCGGGG,0.749
TAAACTTATAACCCCAGCTGTGG,0.69046
GTCTCTCAGAGACCACAGCTGGG,0.57968
GTGGTCCAAAGGCAAAGTTCGGG,0.59248
TCTGAGAGACTGAAGATTCGAGG,0.5411
ACACTCATAGGTTGAACCCTCGG,0.77524
GGCCCGTACCTCGAGGGTGATGG,0.58225
GCTTTTCAGGTGGATGAGAATGG,0.56383
GCTGGCAAGCAGCTGGAAGATGG,0.51963
GGGGAAGACCATCACCCTCGAGG,0.72035
TTTTCGTGAAAACCCTTACGGGG,0.81938
ATCAGTCTCTGCTGATCAGGAGG,0.45331
CAGAAGGGCACTCTCGACGAAGG,0.59014
TTCGTGGTGGTGCTAAGAAAAGG,0.46465
TTCTGATGAATGTGGTGCTGGGG,0.59933
GCAAATATCCAAGAAGAGGAAGG,0.61733
TGAGTTTCTTACTCGGGAGCTGG,0.3903
CAGACATACCTGTTATGCTGTGG,0.50291
GGGACTGGCTGGGGCATGGCAGG,0.34185
GTGGTGTCTGGGAAACTCCGAGG,0.78832
AGTTAACAGGGTCTCCGCTGTGG,0.59092
ACTCGGGAGCTGGCTGAAGATGG,0.53235
GCGCCACGTGTTGCTCAGACAGG,0.35015
TGCAGGATTCCAGACAGCATTGG,0.44944
AAGCTACTTACTGGTTCCTTGGG,0.39072
CCGTGACAAAATGTGTTCCATGG,0.58906
CAGACGAAGCAAGTAACCATCGG,0.79611
CTTGTTCTTGCCAACCGCCATGG,0.3481
ACGCTCGTCACCAGGACCCAAGG,0.7427
CACGGGTAAGATCCATGCCATGG,0.69458
GATGGAAATCATGACCCGAGAGG,0.8802
CAAGAAGCATCTGAAGCGGGTGG,0.64253
TATTACACCTGAGGAGGCCAAGG,0.58018
TCTCAACTTGTGGGGACCGGTGG,0.55841
ACACTCACCTTGGCCTCCTCAGG,0.37021
TCACCTTGATGAGGGGATCGGGG,0.77839
TCTTCCAGGGCAACAAACCATGG,0.56702
GGGTGGCAGCTCCAAAGCATTGG,0.54236
CCTGTCCCAGGATGACCGAGTGG,0.71503
CATACACCTGCTCACAGGCGAGG,0.67032
TCCACACGCATTGGGCGCGCCGG,0.42317
TCACCTGGTTCACACGGCGCAGG,0.446
GCTGTGCACAGGCGCTCGTGAGG,0.56298
ATGATGCACGGCCGCAACAACGG,0.54022
TGAGCTTCTTGCCGTTGTTGCGG,0.52274
TTCTCTCTAGAACCCTCTGCAGG,0.49317
GAAGGACGAGCTGGAGCGTGTGG,0.47919
TAGCTCTTTTGGGGCCCAGGCGG,0.67797
ACTGTAGTATCAGTCAGTCCAGG,0.69329
AGTGGTGGGAACGACAAACAAGG,0.72939
GAAGTTGCTGCTGACGCTCTGGG,0.43924
GGAGGCTAAGGAGAAGCGCCAGG,0.53583
GTCCGCCTGCTACTGAGTAAGGG,0.54983
CGTTTGTGCTGCAGGACACGTGG,0.66566
TAAGGAGAGAAGGATATTCCTGG,0.36714
CAAGGTTTCCCCATGAAGCAGGG,0.70369
CTGACGCTCTGGGTGAAGAATGG,0.35765
GCATGTCGTCTTTATCGCTCAGG,0.41288
ATAAGCAAAAGCGTCCCAGGAGG,0.77902
TAGGAAATTGAAGTTGGTGGTGG,0.60337
GCTGAATATTACGGCAGCTAAGG,0.45939
GGCTGCCATCTAGTTTGACGCGG,0.58366
TGTGCACGATGCCATCCTTGAGG,0.68152
AGTCCGGCTAGTACGCGAATTGG,0.48969
GAAGCCCAATGGCGAGAAGCCGG,0.60261
GCGCCCAGCTGCCAACACCAAGG,0.57448
GCTCGCACCCACCTTGGTGTTGG,0.48553
AATTCCCCACGTCCAACCTCAGG,0.41409
CAGGTTGTACTCGTAAAACAAGG,0.68083
TCACTCACACTCTGAGCCCCAGG,0.67675
ATCCCCTTTTCAGACTCCTGAGG,0.654
GCACAAGCGCCGCAAAACCGGGG,0.62212
ACAGCACACCGTACCGACAGTGG,0.71262
GGTGGTACCTGATATGGCGCTGG,0.54952
TCCCAGGCAACGCCCTGCTGCGG,0.51194
AGAGAGACGCCTGCAGACCCAGG,0.6881
CACCAGGCGAGTATGGGCTCCGG,0.44597
CTGCGGCGGCTGGTCCGCATTGG,0.22085
GCTTGAAGACCTGGGTCTGCAGG,0.35756
TGGGCTCCGGAACAAACGTGAGG,0.80854
TTCCAGGGTCCGCAAGCAGGTGG,0.68692
AACCTGGCCAGTATTCCTGGAGG,0.89554
CTTCTACAGAGATCCTGAAGAGG,0.72142
TTGGCAGGGAGCTCACTCAGTGG,0.57565
ATCCTCCAGGAATACTGGCCAGG,0.48848
TACCTTGTTGTTGCATGGGATGG,0.41915
CATAAATCTCAAGAGGACCTGGG,0.58096
TGAGAAGGCAGTGACCAAGGAGG,0.79038
GAATTGCTGAATAGGCACAGAGG,0.71313
GTACAGTGGGGTCACCACAGTGG,0.69168
GGATCTCTTCATGAAACGAGTGG,0.77194
GGAGTACACCAGCAAAGATGAGG,0.66833
GCGATGCATGTGATCAAGCGAGG,0.7291
GTAATCCAAGGCTTGTACAGTGG,0.6753
GGTACCAGCATTGAAGAGAGTGG,0.58624
GCTCGATATGTGGATCAAGGTGG,0.62614
AAACTACTATCCTGTACCAGAGG,0.72783
ATTCCCCAGGATCTGAGCAGTGG,0.6978
AAGCAGATTGGGCCTTGCGATGG,0.43196
TGATGCTGTCAAAATTGAGCAGG,0.41825
TCAGGAGGTGCAGGTTCCAGAGG,0.56326
TCTCCCAGGGGAAAGAGTGGTGG,0.51237
GATGGGCGACCCGGAAAGGCCGG,0.59268
GGTGGAGCGCTTTAGTCAGGAGG,0.57063
GCTTTAAGCTTGTTCCAGTGAGG,0.527
TGTGGGTCGAGCAGCGGCGGCGG,0.43969
GTGGCGGTCCCACTGGCAGGCGG,0.61831
CAAGAGGGGAGTCCGGGCGGCGG,0.39333
GCTGCAGGCTGACTCACAGGCGG,0.74539
GAAGAAGACTCAGCTACTGAAGG,0.44535
AGCACTCACATTAGAAACGATGG,0.66856
GGACCACCATGGTAAAGAAGCGG,0.72591
TGTCCGAGTCGATCACGACGCGG,0.79593
GACTCGGACACAGAGGACAGCGG,0.71298
GCTGCGAATAAAGGAGACCAAGG,0.74498
GTGTGAGACAGAGAATCCCATGG,0.67322
GGACCAGCTCAGCAATGCCCTGG,0.55971
CTGCAAAATGAAGATTGAGGAGG,0.61772
GAGCGGCTTGGCCAAGCAGGCGG,0.44843
ATAGGACTCAAAACAGCCAAAGG,0.65193
GTTGGATGCAAAGATGACGATGG,0.69377
GAGGACATCACATCCCCTCACGG,0.65897
GGAAGGAATCAACATCAGTGAGG,0.8209
TGGGTCAGCTGGCGGCACGGCGG,0.547
GACGGAGATCATCGAAGGGGAGG,0.5681
GTGGCGCGAGGAGGGCAAGGCGG,0.65666
GATGCGGGTCAGCACCGTGTAGG,0.85381
GACAGCCACAACCAAAGTCCCGG,0.55143
GTGCTGGAGATGATCCGGGAAGG,0.47862
GGGGAAGACGGCCATCGCCATGG,0.38883
AGGTTTCTTACCCATGGCGATGG,0.47598
GAAGGAGGTCATGCAGGAGGTGG,0.53565
GGAGAACTACCAGACAGAGAAGG,0.62874
GTTTCGGGTGGATAAAGGAGGGG,0.80689
AGAGATGATTACCACCGCAGAGG,0.74715
AATGTGGTAAGGAATCCCCAGGG,0.90784
ACAGGAGACCAACTCACGGAAGG,0.72633
GACAATCGGAGAGAAAATGAAGG,0.6366
GAAGGTTCCCAATCTCTCGGAGG,0.83573
AATGTAGCCCCGACTTCCCAAGG,0.60045
AAAGGCAATGAAAGTGCTCAAGG,0.5922
ATGTTTCTCTAAGGTCACCAAGG,0.74675
TCTAATCAAGCGAGACCCGCCGG,0.65432
GCTGGTGATGTTTATGGCACAGG,0.42932
CACTTGATTCATGATCCCCAAGG,0.58297
GTGGCAGCTTACCTCTTTGGTGG,0.39966
GAGGATTCAGTGTTCGGAAGAGG,0.65015
CAGATTGGTGGGAATTCATGAGG,0.54771
GATAACAGCTCGATGTCCTCTGG,0.58752
GGAGGATGACAAACAGGAGAAGG,0.58296
GGACAGCCTCATGCCAGAGGAGG,0.58063
TGAGAGGAAGAAGGAAGAAGAGG,0.53406
GGAGAAGGAGAAGGAGCGGGTGG,0.48974
GGAGCAGGGGCTGGAGGCAAGGG,0.42501
AAGATACTCATCTGGAGCAGGGG,0.68454
GGAGGAGATCCAGAAGCCAGAGG,0.56866
GTGGCTGAAGATGGTGGCGGTGG,0.41257
TAGTTGAAGAGGCTGTGCTGTGG,0.56824
GCTACCTGGCACATACGCAGGGG,0.84101
GCGGTCACGGTTGCTCTCGGAGG,0.62269
TGACTACCCTGAGATCGCCGAGG,0.79642
GAGCAGAGAGATCGACAAGGCGG,0.70171
GGACTTCCAGCATCGCCCCGGGG,0.74134
GGAGACCATCGACATCAACAAGG,0.79931
GCGAGCAGCCAAGGAGGCCAAGG,0.36188
CGCGCCTGAGAAGGTCAAGGTGG,0.69554
AAGATCGCCAAGACTCACGAAGG,0.71406
GCCAGGATATCATGCCCCTGTGG,0.69569
GGAGGTCTGTGCTCAGCAAATGG,0.33303
GGAAGTGACAGCAGATTTGCTGG,0.28158
ATCATTAAGCAATGCCACAGGGG,0.70074
GACCTCCAAAGATTGCAGACCGG,0.52663
ACGCTCTGGGGAAATTATCATGG,0.50618
GCACAGATTCGAGAAATTCAAGG,0.45012
GAAGTTGGCTCAGCAGCAGGCGG,0.69371
GACAATGCTCACCTCAGGGATGG,0.49884
GGCTCACCCACACGGAGAGGAGG,0.5063
GGATCTTGGGGCCCACAGAGGGG,0.56111
GACACCCCTCGCACCCGCTGGGG,0.47778
GGAGTTCGAGACACGACTGAAGG,0.60072
GAAGTATGAGGAGCATGTGCGGG,0.75319
GCAGCAGGCTCAAGTAGAGAAGG,0.5877
GGAAATGGTGGAAGCAGCAGGGG,0.5833
GCAGCTCCAAGATCTTCCCACGG,0.71314
ACTGGCCAGGAACGATGCGACGG,0.62623
GGACCACATGATTTAAACCAAGG,0.79223
GCTGTCCAATTCCCAGGAGGCGG,0.57262
GACCTGGATGACCCTGAAAGAGG,0.56042
GAGAACCCTCACCTGCACCAAGG,0.70439
GTGGTGATTGCCCTGACAGGAGG,0.66187
GAATGAGTACACAGAACGGAAGG,0.7006
AGAAACAGTTCCCACAGCAGCGG,0.81325
GGTGGGAGGGCTCCAGGAGGTGG,0.29556
GATCCGAATGGAGGCCCTCGGGG,0.44154
AGGTTAGTGAACCGCTGCTGTGG,0.47124
GTCGTTCGGCTGCTGAGCCATGG,0.51076
GGCTTAGGACATCCCCACGCTGG,0.64898
GCAGTCCAAGTACATCGGCACGG,0.6676
GCCACGCCGACACCACCAAGTGG,0.65508
ACCGCCAGCCGACAAGCCCGAGG,0.63102
GTGCTCCAGCTGGCTATGGATGG,0.64784
TGTAGGAGCAGTACGAGTCGCGG,0.86526
CAATGGCGAAGTAGTTGAGAAGG,0.65508
GCAGAGTCTCAGTTCTCCTCGGG,0.5171
GAAAAGATGCTTCAGCCTTGTGG,0.45972
GATCGGTTCCGGAGTCGTGGCGG,0.7405
GGAAGTCGTGGAGGCCGCCGCGG,0.49329
GGCTTGGAAGAGTCCTGCGGCGG,0.59178
GAGGTTGGTGGAGTGGCGGGCGG,0.48547
CCACCCACCCCGCCAAGCAGCGG,0.47419
GGTCCGGGTGGTCCCAAAGGCGG,0.56436
AAAGGCGGCAAAATGCCTGGCGG,0.63031
CCCAGCGGTTACCTTCGGCAGGG,0.6893
GGTAGACTTAGGTCTGTTAGAGG,0.57235
AAGATGAAGATGCACATGTCTGG,0.42978
TTGGGATGATGACAATGTAGAGG,0.8222
CACATGTCTGGGAGGATAATTGG,0.12772
AGAGCTGAACTAGAGAAACATGG,0.68183
GGGCGACTCGACCACTGCGGCGG,0.53397
AGTATCTGCACATACCTCAGCGG,0.90813
AAGACAAGGAAAAGGACAAGGGG,0.55932
GCCTTGTCTGCAGACCCTGGAGG,0.62842
ATAACAAGACAAGATGCCGTAGG,0.71027
GAAGGAGATGACTTTGGCTGGGG,0.51011
CCTGTGGAAGGGGAACGCGGTGG,0.79638
GGGGCTCGATGGCTACGTGGAGG,0.74541
CGGGACGGCCGACTGACAGGCGG,0.75972
GGCCAAAGGCTGCTGTGCGCTGG,0.28679
CCCTACCTCCCACACAGTGGAGG,0.6325
TGTCCATTTCTCAGGAGCAGTGG,0.58824
ATACTGGAACCATCGTACAGGGG,0.6709
GAAGCGGATTGAGAAACTGGAGG,0.64051
TGAGAAGCTCAACAAGGAACTGG,0.36355
GAAGCGTATGGACAAGGTGGAGG,0.56174
TAAGGAGCTGAACCAGGTGATGG,0.72185
GGCCTCCAAAGGCAATGCGGCGG,0.57741
GAAGAAGGAGCGCTTGACAGAGG,0.67636
GACAAGAGCAGATTAAGCAGAGG,0.56035
GGATGCAAGAGATAAAATGGAGG,0.84232
GAAAAGATGACAAATCGGCAAGG,0.58337
GGATAAAATGAGACGAGCCCTGG,0.47607
AAAGCTGCCAAAGTATGCCCAGG,0.59707
GGAGACTGGAAAGACAGCCAGGG,0.63334
GGAGACACTCACAGAGCCAGCGG,0.83561
GGACAGGCTCAACAAGAAGGTGG,0.7906
GGACGGGACGCACATTGGGATGG,0.57187
AAGGGACAGCACCTCTCCTGTGG,0.55577
GACCAAACCGCAGATGCAGGAGG,0.63048
GGAGGGCATTGATGAGATGGTGG,0.71764
GCAGTTTGAGTCTGATGAGGAGG,0.87675
GCAGGCGCCGAGAAAGGTCCAGG,0.52357
GTCGCAGCCGCTCTCCACGGAGG,0.69245
TCTTTCAGTCGAGAAGGGGAAGG,0.61623
CTACAGGACTCACCCCTCCGTGG,0.67767
TACCGGGAGCGTCTTCGGTGCGG,0.57258
TACTTTTGTGGAGTCAAAGGAGG,0.61206
GGCGTTCCCGGTCCACATCCCGG,0.43389
GCGTTCTCTCTCCCGGGATGTGG,0.55189
CTCGGGAGAGAGATCGGAGAAGG,0.50159
GTGATGACCCCACAAGGAAGAGG,0.73311
GGAGGTCTCATACCAGGAGGTGG,0.58254
GCACTTACCTCGCATCCCAGGGG,0.73817
TGAACTCATCACAGTCACAGAGG,0.64969
GGTGCTCCTCGGCCCATAGGTGG,0.34845
GGAGGAGCAGAGAATGGAGTAGG,0.58548
GGCATCATACCAGGGCGAGGAGG,0.76143
AAAGCGGCTGCATTTCAACAAGG,0.60082
GGTATCATCGCCCCTGCAGGAGG,0.53328
GTTTAAACTTACGAAGGCTGGGG,0.50612
TCAGCGGGTCCTCCTCGCCCTGG,0.50858
GAAAGACACACTGCAGTGGAAGG,0.54472
GGGATGATGCCAGTGGGACCTGG,0.42792
GAGTGGGCACCATCATGGGACGG,0.73168
TGAATTGAAGAACGGAACACAGG,0.81086
CAGGTCCATGGAACAATCACAGG,0.65008
TCAGTTGCAGGAAGAGGCAGAGG,0.60478
CTTGAGAGACATTATCGCCTAGG,0.57848
GAACAGAGAACCTGTACAGCTGG,0.50827
TCTACCAGACAGTTTACCTCTGG,0.57827
ACTTGTGGATGTTGAACCTAAGG,0.54156
AGAGGAAGAGGAAGAGGACGTGG,0.49526
GTGGCCGTGGCAGAGGAAGAGGG,0.54628
TCCACAAGTAGTGTATCCAGAGG,0.83162
GAAACTCCTGGGCCGCGTGAAGG,0.50337
ACCCAGCACTCACCTATCGAAGG,0.65241
TGTGAGCACAGAGAGTGGACCGG,0.74274
GCCGCGTGAAGGCCTTCGATAGG,0.55845
TGAGGTACCCAAGAGTGGCAAGG,0.57229
TCTCCAAGATGTTCCTGCGCGGG,0.64428
CTGCGGAACCCGCTCATCGCCGG,0.488
GAATGCGCTGGCCATTCAGGTGG,0.5738
GGAGAATGCATGACAGGCGCAGG,0.50143
CCAACAGGCTCGTGAAGCTGTGG,0.51503
GACAAACGTCTGGCTGCTGATGG,0.41774
GGATGGGGAGGCACGTGAGAGGG,0.51235
GTGTAGGATTTTGGAGATGGAGG,0.53123
TATGATGCAATTGCTCGACAAGG,0.46032
GGAGGTTCTAGCACAACTGCAGG,0.49807
GGAGCTGCAGGAGTCGTCGGTGG,0.61345
AGGGCTTCCAGCACCATCCATGG,0.42406
GCCTGTGGGGATGACAACGGTGG,0.67602
GGAGTTGCCAGGACAGCCAGTGG,0.66966
GCCAGTGGCAACGACAGCGCTGG,0.52361
ATGATGTTGGCACAAACCCAAGG,0.77337
GGCACTGCTTGAGAAACCAGGGG,0.88576
CAGATTCTGGCAATTAACCGTGG,0.66184
GGTGGAAATGAATTGGGACATGG,0.66989
GCTGAAGAAAGTGAAAGGGCTGG,0.50336
GACATCTTCAGCAGACGTTGAGG,0.59261
GGGGCATTCTTCTTCACCCGAGG,0.65805
AATGCCCCACAGATCAGTGATGG,0.72822
GAAGTTGAAGAACAACAGGAAGG,0.75887
GAGCTGAGGGTGAGCAGGGGAGG,0.36716
GATAAGCTGAACCCCTCCAGGGG,0.74946
GCGTCGAATTGCTTCCACCATGG,0.57249
GCTGAGGAAGAGCCGAGGCAAGG,0.41497
GAAGGCCCTTCCAACAGCTGAGG,0.40158
GGTGTCACTATCATGAGATGAGG,0.6171
GCTGTGTGACAGCAGAGGGTGGG,0.64114
CAGAGTTCCCGGCTGAGCCATGG,0.55225
GAAGATACAGGTGAAACTCATGG,0.59605
GCTATCACTATCTTCAGACATGG,0.82269
AGTCAGACGGACACGAAAGAAGG,0.53767
CGAAAACTTGTCAGGAGTGTTGG,0.49717
GTCATCAAAGAATGCTTCAGAGG,0.67615
CTCTCTGGTAACAGTGATGGCGG,0.57419
AACTCTGAACCTCAATAACGAGG,0.73929
TGAAGAAATCCATGCCATGAAGG,0.60026
GGAGAAGCCCAAGGACGCCGCGG,0.561
GGGCTGAGTTCGTGGCGAGGTGG,0.55298
GCATGATGTGGACGTCAGGGTGG,0.89983
TGACTCGGTGGATGAGACGGAGG,0.61511
ACTACAAGCTGGATTTCCGGAGG,0.87674
TAAGTACCACCCAGATGAGGTGG,0.66402
GGGCCCTGCAAAACCGACTGAGG,0.52605
GGAGCAGGCAGGAAAGCCTGGGG,0.55526
CGGGTCCTCGAACTCAACGAAGG,0.84516
GACGCGGTGTATGGTCGCGACGG,0.58278
GGTGTGATTCGTGGCCCCGCAGG,0.48314
GAGGAAACTCCACCCGCAGACGG,0.73511
GCGGCAATCGTTGTTCCCTGCGG,0.52796
ATCGACCTCAAGAATCGCCGCGG,0.60258
GAGTTTCCTCGAAGCGGCCGTGG,0.47412
GTCACCGCCATGTCGGGAGGTGG,0.68818
CCGCAGAGACGCGGAAGACGCGG,0.61993
GCAACCCACACACTTCGGAGTGG,0.89922
AAGTACCTGCGACGAGGTGGAGG,0.56068
TCAACAAAAGCAAAGCCGGGTGG,0.57791
TTACCTACGAGACCTAGAGAAGG,0.82491
GATGCAGTCCGAGAGCTAGATGG,0.60372
TGGAAACAATGGCAACAAGACGG,0.54488
GCCGCCTCGGAACAAGACAGTGG,0.68144
GGATGAAGATGATGAAGCCGAGG,0.86924
TAAGAGAAGCAGCAGCAAGCGGG,0.55524
AAAGTTGCCTGTCTCTGGGGTGG,0.59111
AGTGGCACAAGATCTTACAGAGG,0.92333
GGTGGCACTACAGTGTTCAGAGG,0.87439
ATCATTAGGCTTGTTAGCAGTGG,0.49337
GTCCTGAGGATAACGGAATGAGG,0.7072
GGGCGGACGACCATTTGGTTTGG,0.45329
GAGCCCAGTACAGTCTCCCGGGG,0.7261
GGAGAGAGCCCAGTGGGAGGTGG,0.41592
CGAGTGGGCCCGCTTCGAGGTGG,0.72382
GAATCTAGAAGTGCAGGCGATGG,0.58459
GAAGCCTGGAATGTGGACCAGGG,0.76728
AGAACTAGCAGGCCTTACGGTGG,0.83591
GGTGAGCAGTGTTACAGTGGTGG,0.84509
CAAGGGGCTCGGGCCTCTGGCGG,0.49221
GCACTTCCTGCAGCACGAGTGGG,0.61641
GGTGCTGAACATGTACGGGAAGG,0.77918
GGACAGCAACTTTTCCGAGGAGG,0.56742
TGTAGGTAGACGAAGAGCGGCGG,0.83223
CCAGTGGGAGGATGGAGCAGAGG,0.52961
GCCGCCTGCAAAACCTCTGGAGG,0.59202
GAAGGGCTACATCTACGTGGAGG,0.80165
GCATCAAACAGCCTCTGTGGAGG,0.79755
AAAGTTTGAGGACCAGCCAGAGG,0.78514
GGAATACGATGAATCAGCCGAGG,0.85043
GAGCTGGTGGTACTGAGGGGTGG,0.52944
CAAGAAATTTGTGGAAGAGGAGG,0.48738
TGATGATGAAGATGAAGGGGAGG,0.78444
CAAAATCATCATCCTCCAGGCGG,0.76998
GGAAGGGGAAGAAGGGCAGGAGG,0.50987
GCTGTGATTACCTAGACCGAGGG,0.9193
TATGGACGAGAACCAAGGGAAGG,0.83342
CAGAGGAGAAAGCAATGCCGAGG,0.63833
ATTGTGGGCTCGGCTCCCGGCGG,0.70043
CAGATGCTAGAGCCATGCAGCGG,0.82487
CATTCAGGCCCCACAAACAGTGG,0.56262
GTATCGGCGTAACCATGCAAAGG,0.80092
GGACAGCTTCAAGATCCATGAGG,0.85022
GGGACGAAGGGCAGAGCAGATGG,0.45906
GCCTGAGCTCCCACACCGGGCGG,0.534
TGAGGAGGAGGAGCGAGAGGTGG,0.56582
GGGGATCTACAGCAAAAGAGCGG,0.67082
GCAAAAGAGCGGAACTCTGGCGG,0.56929
GTGCTGCAACACGTCGAGCGAGG,0.65478
CAGGTAAGGTTTGGAGGCAGTGG,0.41729
CGGGATGGCAACAGCCTCCGGGG,0.53511
AGACAAGTCCGAGGCCCCGGAGG,0.75976
AATGAGTGGAAACAGGCTGGTGG,0.62154
AAGCATGATGGGAGCCACGAAGG,0.44391
TGTGTTAGAAGATGGACCAGAGG,0.86417
CCAGTTAATACTGAACCGGAGGG,0.85026
GAAGACGCTGAACAAATGTGAGG,0.89382
AGATTCTCCCCGAGGAGAGGCGG,0.58703
AATGAGTGACACTTTGACAGCGG,0.7081
TTTACCAGGCACCCGACAGGAGG,0.75141
AGAGTGAACGATTCAACCCGGGG,0.79388
GGTGGAAACATCATACCCGGAGG,0.96717
GGAAGGGGAACACGAAACGGAGG,0.73808
GGAGGTCGCATCAGAGGTGGTGG,0.354
GGCATATTAGGATCAAAAGGAGG,0.76066
GGAGGTATCCCTCCTGGAGGAGG,0.4251
GTACCAGGAGCAGTCACAGGAGG,0.6362
AGAAGTGGTAGAGGAAGGGGTGG,0.46713
GAAGCTGCAATAGCAACCTGGGG,0.79434
CCAAAAGGCACAAAAGGCGGTGG,0.6573
AAGACATTTGGAGGAGGTGGTGG,0.53847
AAAGGTAGAGGAAAAGGCAGGGG,0.61451
TGCCTGGTATCATTTCGAGGAGG,0.76964
AAGTCAGTTTTAGAAGGCAGTGG,0.48066
TTAGGTTCTCAGCATAGTGATGG,0.6915
TGACTACGGAAACTATGAAGAGG,0.91355
GCTCAAGAAAGGGGCAGCGGAGG,0.42411
CGAGCTGGAGAAGATGACCGAGG,0.88825
GCCAAGGAACTGTGACCCGATGG,0.70415
GCTTGGCAGAGGAGTCGCTGGGG,0.6627
CTGGAGGATGAGCTTGGCAGAGG,0.45623
GATGTTCTCAGACCAAGTGCTGG,0.74844
GTATAAGTGGGACAATGACATGG,0.75846
CCAGTCAACTTCATCAGCGCAGG,0.47976
CAGTGGAGGAAAGACCCAAGTGG,0.637
CAAATACTCTTACAAGACCGTGG,0.78435
GAGCCGCGCATACTCCTCGGCGG,0.75414
GAAGCTCTCTGAGTTCGACGTGG,0.68109
GAAGGACTCACTGAGGCCCGAGG,0.71297
GAACTCCCTGGAGAAGATGGAGG,0.73373
TGAGACCAGGAGGAAAGTGGAGG,0.54931
GCTGGCCTTCCACCACGAGGAGG,0.5089
CGTGCGGCTCTACACCGCGAGGG,0.77761
GTTGGCCACCATGGCCGCGATGG,0.40558
GCTGCTGCAGCATGACGAGGTGG,0.6269
GAAGCTCATTGAGTCCCGGCAGG,0.64838
GGAGCTGGAGGTGGAGATGATGG,0.54602
ACAGCTGGCTGCGGAGCTGGAGG,0.47383
GCCAGCTGTTGGGCCCTGAGAGG,0.44803
TGATGGCCGATATGTACAACAGG,0.4866
GAGGAGGCACACACTTCCGGTGG,0.82049
TCTGCTTCCTTGTAGTGAGGAGG,0.66085
CAGGCACACAGACTCGCCCTTGG,0.54594
GGATGAAGAGCTGATGAAGAGGG,0.70931
CCAGGTACTTAGAGACACATCGG,0.85518
GAGAGCTGGTCTACCACCGGCGG,0.80453
AGGTGGCGGCAGCCCCACGAGGG,0.52659
CCTCACCCTTGCACTTCCGGTGG,0.65831
GTACGAGTCGAAGTTCGGAACGG,0.67961
ACAGGCGTTCCCTGTACTGGTGG,0.49951
GGCGACCATGGGGAACGTGTTGG,0.53772
CAGGAAGGCTCACCTGAAAATGG,0.43214
AGTAGCCCTCAGCACAATCGGGG,0.71034
ACTTCGGGGTCACATATGTGGGG,0.87446
GAAGAAGTTGGAAAATGAGGTGG,0.61628
AGATCGATGGCCTGAAGGGGCGG,0.53106
GAAGTTGATGGAAGTAGAGAAGG,0.46968
GAGGAGCTTAAACAAAGGAATGG,0.50152
GGAGTAGACACAACAGGAGTTGG,0.53399
GCTTTGGCAAAGAAGAACTGGGG,0.78209
GCTGCTGATTCTCAAAACAGTGG,0.71629
GGTGGTCCCAACTCCTGAGGTGG,0.38757
GTGGTGCCACATCGTACTGATGG,0.60748
GCAGCCAGCACATCCCGCAGAGG,0.62933
GCGGCAGTCACCAGGTGCAGCGG,0.63183
GGGGAAACTGCCACAACCCGGGG,0.66375
CAAGCTCCTGCTGAACCTGGTGG,0.56992
GAAGCAAGGAGAAAAGGACAAGG,0.57941
GGTGTCAAGACAATCACGTGGGG,0.73988
ACATCATGCAAAGCACCTGGTGG,0.8449
TGTGATTGTGAGGAATGCGGAGG,0.82407
CAACATGGAAGGCACAGCAGGGG,0.72232
GGAGTGTGCCATGAGCGAGAGGG,0.79537
GGTATCAGCATAGTGTTGAGTGG,0.82724
CAGAGCTGATGCGTAGACAGGGG,0.71214
GCCTGACCATGAGTACGTGCTGG,0.6145
GTACGTGCTGGTCGAGGAAGCGG,0.61444
ATGTAGGTGGTTCTGAACGTGGG,0.80493
ATTACTTTCGAAGCAAGGGCTGG,0.48372
GGTAGGCAAAGCCATCCAGAAGG,0.70971
GGACCTTCTCAAACAGGGCGCGG,0.47041
GGTGGGGATGACAGCGGTGAAGG,0.6778
AGGATACGGTGACTTCCCCATGG,0.88635
AAGGTGGTAGCAGATGGAGCTGG,0.5488
CTTGTCAGGGAAGATACAGGTGG,0.76025
AGATGAGGTCTCCATCAAGGAGG,0.78413
CAAGGAGGCAGCCGAGGCGGTGG,0.49752
GCGCTGGCAAGCACGTGCCCCGG,0.41973
TTCTTCAGTGAGACGGGCGCTGG,0.42983
GCTGCGCTTGGTTTTGATGGTGG,0.45581
TGAGAGACGTTCCATGAGCAGGG,0.69008
AAGGGCAGCCATATCTTCACGGG,0.46977
GCAGCATCCAGTTTGTGGATTGG,0.43627
AAGTCTACAAACACAGCCCGGGG,0.83491
AGGTTCTAGATCCACCAGGATGG,0.80974
TGTTCCTCGTGCCATCCTGGTGG,0.74959
CATTGTAGTACACAGAGATGCGG,0.82497
TGGCAACCAGATCGGTGCCAAGG,0.57564
CACATCCAGGCTGGTCAGTGTGG,0.54599
AAGCTGACCACACCAACCTACGG,0.49765
AAGGTGGTTCAGATCCCCGTAGG,0.77952
TCATGGTGGCTGAGACAAGGTGG,0.79573
TGTTGACTGCCAACTTGCGGAGG,0.81563
GCACTTCATGGACCTCGCGGAGG,0.85616
GTACAGCAGGTCCTCCACCACGG,0.76926
GCAGAGCCGGACCTTCCTCGTGG,0.67351
GGTCACAGCGGAGTAGCTGGCGG,0.67537
GCAGGTGAACCACGCCCTGGCGG,0.63497
ACATTCGCCTTTGTCCACCGAGG,0.69564
GCGGACAAGATCCTCAGCACAGG,0.72355
GGAATACTCACTTCTTGCGACGG,0.70065
GGAGAAGTATGGGGAAGTAGAGG,0.48765
GGTGGGGAACGTGTACGTCAAGG,0.74912
GCTGCCGTCAGTATGAGATGGGG,0.78701
GGCTTCTCTGAAGTCCGTCACGG,0.57062
CACAGAGAATGCACACGAGGCGG,0.68539
GTGGTGGAGGTGGCGGCGGACGG,0.32912
AGAGACCGTGGTCGTGGCGGTGG,0.51148
AAACAAACCTGGCTAAACGTCGG,0.72798
GGAGTATGAGGAGATCGTGGAGG,0.6658
GGAGCCGGGACCGCAAACGCCGG,0.57955
GTAGCCCTTGGAGAGCCCCGTGG,0.7568
GGGACAAGGAGAACCGGCATCGG,0.44623
CAGACCGTCAGGGGTCATGGTGG,0.71655
CTCACCAGGCACATAGACGGAGG,0.82707
GATGGGCGGCCACCCGACTGAGG,0.65127
CAGTGAAGCAGACATAGACGAGG,0.68415
ATGACCAGGGCACTGCCCAGTGG,0.62445
CCAGGCAGGTAACCACACCGGGG,0.80536
GCTGAGCACAGAACTGGTGCAGG,0.39102
AGAACTGGTAGCCTTAGCACAGG,0.80692
GGACAAAGAGGTCCTCACAGAGG,0.79389
GATTGGGCTGGGCTGCGGGGAGG,0.33012
GACAAGCCACCAGAACCGTGTGG,0.67719
TCCGGTAGTAGACACAGCGGCGG,0.87442
CAAGACCATCACCCTTGAGGTGG,0.74738
CAAGACCATCACTCTGGAGGTGG,0.5879
TGAGCCTCTGCTGGTCGGGAGGG,0.50972
CTGGTCCTGCGCCTGAGGGGTGG,0.43152
GAAGGCCAAGATCCAGGATAAGG,0.52536
GCCAAGATCCAGGATAAAGAAGG,0.46845
GAAAGAGTCGACCCTGCACCTGG,0.58605
TCAGACGCAGGACCAGGTGCAGG,0.46328
GCATACCACCTCTCAGACGCAGG,0.73428
GAAGGAGTCGACCCTGCACCTGG,0.60788
GGTGCTACTAGAAGAAGGCGAGG,0.65873
GGGTCCTGGAACAGCTACAGAGG,0.54201
GGAGACCAGCTGCTTCAGCGTGG,0.87379
AGTGGTCAAACCCCTGGAGAAGG,0.5815
GAGATCAGCTGCCAGACCTGCGG,0.53438
CATCTGCCGCACTGAAGTGGCGG,0.52713
GCTGACGGTGAAGGCGCTGCAGG,0.42298
CCAGGTGCCAGAGGACGAGCTGG,0.57428
GCGGCTGCTGTTCAAGGGCAAGG,0.36421
CACTAGGTTGAGCTTGGAGTTGG,0.45447
AGTGGTACCATCATATGCCCGGG,0.84609
AAGAACATGATATCCCCTGGAGG,0.84905
CGAGTACCAGGAGACAATGGTGG,0.75103
GAAGGATGTCAGTCACCTGGAGG,0.75382
TCAGTCCCACAATACCCGGCAGG,0.61018
GAACATCAAACGTCCTCCAGGGG,0.79609
AGTAAAACTTGAGGGTGTGGAGG,0.75376
GCTGCCCATTGATGACACAGTGG,0.92386
GACACAGTGATCCACTGCGAAGG,0.54546
TGATAGGCTCCCCTTCGCAGTGG,0.72517
GTTCTGGCAGACTCATGGCGAGG,0.72715
TCATGGATGGCCTAAAGCAGAGG,0.6586
GGATGAGACCATTGATGCCGAGG,0.61729
GCAGACAAACCCATCAGCCATGG,0.72
GCAGACAATGAAGATCGTGCTGG,0.53708
GCAGAAGTGCCTCACAGCACAGG,0.67352
GCATGACAAGCGAGACCCTGTGG,0.79596
AGAGCATACAGCATCATCTGAGG,0.82187
GCATCATCTGAGGACGGCTCAGG,0.51455
GAAGATGATGATGGCTGAGTTGG,0.70742
GTATAGTCTGTGGAGTAGGTTGG,0.50696
GTATGCTCTTGAACTGTGCGGGG,0.67304
GCGTGTTTGGAGCTGAGCCATGG,0.50629
GAAACAGAAGACAGAACAGTTGG,0.46316
AGAACAGTTGGGACTAACAAGGG,0.7759
GACCCTCTCTGGCCACATGGAGG,0.83665
GTGTAGACTGGACAGACACAGGG,0.69912
ACTAAGGTCGGCAATTTCAGAGG,0.66323
GAGGCAGCAGGGATTGAGAAGGG,0.63536
CTTGGACAAACACATGGAAATGG,0.39849
CTGAGGAAACTGCCTCCATGTGG,0.65464
TGAGAAGGGAACATCATCTACGG,0.55859
ATGTTGACAGCAGACCACGGAGG,0.84674
GATGTTCCAGGCACATAAGGAGG,0.62815
GCTGTCGAGGTGCCTGGTGCTGG,0.34109
CTAGTGGGGAGTTTACCCTGTGG,0.84705
GGCTCACGACAGCCCAGTGAGGG,0.72567
GCCCAGTGAGGGCCATGACGTGG,0.69832
AAAGAGACCAGAGAGATATGCGG,0.63577
AGAACCAATTTCTGTAGCCATGG,0.50529
GTCATTATGTGACCACGTCATGG,0.62459
GCAGAAAAGTCTCACAGCAGAGG,0.57254
TGAGAGGCACCAAAGCAACGTGG,0.85731
TGAAAGAGACATTCAAACGGAGG,0.76752
GCCAAATATCCCACACACAGAGG,0.72324
GGAAGCGATGGAGCCCGGGAAGG,0.57983
TTCCTGAACATAAGGAGCCGAGG,0.63975
GAGGTGCAGGGATCCCGACCAGG,0.52411
GGATGCCAGGAGCAGAGACAGGG,0.72923
GAGGACTCTCCTTAGCGGTGTGG,0.67741
GATGGGAAATACCTAGCCAGTGG,0.80435
GAAGGAAAACTCTGAGACAGTGG,0.74686
GGAGGGACATCAGCTGGGAGTGG,0.48645
GGAGTCCGGGGAAAAGGTCAAGG,0.50706
GACAAGGAGCTGGGAGTCCGGGG,0.49884
GCTGGATGCAGCAATGGGCAGGG,0.52696
GAATATTCTTTGGACACGAGAGG,0.50857
GGTCAAGGAGCGAATGGGCATGG,0.4581
TGCAACGTTCAGCACCCAGGAGG,0.76726
AGAGGACCTCCCCTATGAGGAGG,0.56851
GGGCACGGTCGAAGGTGCGGCGG,0.49109
ACGCTCGTCGTTCACCACGGTGG,0.84019
GGCTCGGGACGTGTACGAGGAGG,0.7262
AAGACGCTGTTGAGGAGCAGGGG,0.54098
GATCATCAACACCTACACAGAGG,0.91186
GCTGTACGCACAGCTGGAGGAGG,0.57869
GCAGAAGCTGTAGATGGCCCGGG,0.56969
TATCAGACACCATATACCCGAGG,0.9223
GGGTTTCTTTATACTGGTGAAGG,0.45851
CTGGTGAAGGAGATACCGTGCGG,0.94836
CTATCTTTTGAGAACTGGGCAGG,0.50489
CAAGTGCAGTGCTTTTGTTGTGG,0.49692
GCTTCTTCACTATACATGGCAGG,0.57198
GCTGAAACAGGACTACCACTTGG,0.62089
CAATATGGAGACTCAGCAGTTGG,0.573
GAGAACTGCATCCAACAGAGGGG,0.71426
GTGGTGAATTGCTTATACCATGG,0.80867
GGAGAGGCAGATGTAGAGAATGG,0.67672
TAGTCGAATGGCTAAACCAGAGG,0.8615
CTTCCAAGGAACCAGTGCGAAGG,0.64393
AACAAGAATGGCCCAAACATTGG,0.45822
TCTCAGGGAAACTCTTATGGAGG,0.63768
ACTTCCAGAAAGCAACGGAGAGG,0.84777
GTTACTCCCTAATCAAGTGTGGG,0.80042
GGAGCTGCACGAGATCGAGGTGG,0.66372
AAGAAGAGTTACCTCAGCGGCGG,0.64423
GATGTAGAGGGTGTCGCCCGAGG,0.63862
CGAGGTGGAGACCATCCCGGTGG,0.80894
GGAGACCATCGAGACCACAGTGG,0.8759
GCAGAGCGATCATGGGCGGGTGG,0.59191
GCAGACGCGCGAGGAGGTGGTGG,0.45742
GGTGCAGATCAAGACCCTGGAGG,0.64126
TCAGTGGGACAGGCAGCAGGTGG,0.63274
CAGGTGGCCAGAGTGGGCTGGGG,0.41801
GAAGGTGCCCAGCTGCAGGGCGG,0.77785
CAAGTGGAGGATGATGGGGATGG,0.47866
GCTGAGCCAGCCCTGAGCGCGGG,0.48008
GCACATGGTGTCTCACACAGGGG,0.70455
GGAAGGTCTTGCCACAGAGGTGG,0.63675
GCAGAACCCTCACACTGTGCTGG,0.53571
GCGACGCCACTCTGGACGTGGGG,0.55567
GAAGCGTCAGAAGATACAGAGGG,0.73587
GGAGACGACAAAGAATGTGAAGG,0.67293
GAAGATAGGAATCCAAGAGATGG,0.66293
GAGAGGCTTGGACCCAGCACTGG,0.55242
GAAGAACAAGCGCCAAGACGTGG,0.59785
GAAGCTGGAACAAGAAAACATGG,0.5728
GACTTTCTTAGAGAAGGTGACGG,0.57088
TAAGAGACTCCAGAGACATGCGG,0.59549
GAGGTGAATGAGCTGAGCCGGGG,0.63322
GCGACAAGGAGCGGCAGCGGAGG,0.45907
GGATGAGGAAAGTGCAGCCAGGG,0.53121
GGAAGATAATCACTCCGACGAGG,0.73581
GCATGAGCTAGACTACGATGAGG,0.79238
GATGATGAGGAGAAAGGCGAAGG,0.55938
GGCATCACGCACCCAAGGGTTGG,0.5767
GAAGGTGTTGGGGACGGGGACGG,0.30772
GCAGTGGTTTTGGTGGCCTGTGG,0.56958
GAGGAAGCAAATGCAGAAGGAGG,0.59951
GACGAGAAGAAGAGGAGCGTTGG,0.48607
GGAGATGATAAGAAAGAGGGAGG,0.60084
GAATAGGCTACACCCGAAGCTGG,0.59775
GCAACAGCTGCTGCTTATGGAGG,0.49801
AGGATAGATGGAGAAAGTAGTGG,0.63646
ATGAAGAGGACATGTACTGGAGG,0.70035
AGCAAGAAAACCAAGAACGCCGG,0.57561
AGAACGCCGGAATGTGTCAAAGG,0.62827
ATTATCTCCATGTTGGAGGAAGG,0.4972
AGATCCTCTGAGCAGGGTCCAGG,0.47198
ACACAGCTCTTCACAGTCCAGGG,0.56671
AGAAGCAGTATTCCACACAGTGG,0.89338
GAACTCTCCGATGCCTTCCGAGG,0.68252
GTGCTTATGGCCCAGAAAGAAGG,0.58124
GGAACACCTGGCATTAATGGAGG,0.78584
GGGTTCTGTAGTTGTTGCAGGGG,0.74809
TGGAAGAACAGACATAGAGTTGG,0.63957
GGAGGAATATAACCTTGCTGAGG,0.75297
GGAGCACCAGGAATGCCTCCAGG,0.58438
TAGTACTGCAGCTAAACCAGCGG,0.79214
AAAAGAGGAATACCATGAGGTGG,0.73637
TAAGCAGGGAATGTAGGCTTTGG,0.34467
TGTGGGATGCCTGGCTGTGGTGG,0.46553
