GAAGGGCGGCGAGAAGGAGAAGG,0.51261
GAGAACGGAAAGGAGAAGGGCGG,0.75266
GAGAAGGGTGATACGGAGAACGG,0.4623
GTCTCCGGCCATAATGACCCAGG,0.65844
GGAGGAGAAGATGCCCGGTGCGG,0.43476
TGTACTTCATCACTATCTCCCGG,0.85558
GAGAACAGGGTACGATAACCGGG,0.56159
ACGCACGGACGTGTCCCAGGAGG,0.76639
CGGCACATCGTAGAGACGCACGG,0.7512
ATGTGCCGGCCAACTCCATGCGG,0.7647
TTGAGCCGCATGGAGTTGGCCGG,0.50216
GGAGTTGATTGAGCCAACACTGG,0.66043
CAGAACCGCATGAGGGAAAGAGG,0.4468
AGAGGAAAGTGGAATCTCTGTGG,0.68068
GAGGAACTCGAGGCCGAGCATGG,0.43599
AGTGGAACTTGCCTGTGCTGCGG,0.62216
TTCCGCAGACCTCCGCGCTCTGG,0.39785
GAGGAGCTGCCAGAGCGCGGAGG,0.6193
GTGGCGAGAGCACACGGAAGAGG,0.48174
CAGGGAGTGGCGAGAGCACACGG,0.52533
CGCCTTGGCATCGCTCGCCCTGG,0.2891
TAGTGCTGACTTCACCAAGCGGG,0.6382
TGCAGGGCATGTGATATATGTGG,0.58268
GCTGCCGATGCTGTAGAGGATGG,0.55464
CGATGCTGTAGAGGATGGAGAGG,0.66184
GGATGGAGAGGAAGCCGCTCTGG,0.41531
CGGCCTGCAGCTGTTCCGCCAGG,0.35571
GCTGTTCCGCCAGGTTGCTGAGG,0.53561
GGTTGCTGAGGGAGGACAGGAGG,0.44234
CCTGTGGCAGAGTGCCCTGCGGG,0.49916
TGGAGGAGCAGCAGGGCCTGTGG,0.48989
CCCGTGGTGGAGGAGCAGCAGGG,0.85566
GCCTCCTGCACGGCAAGCAGAGG,0.53626
AGCAGAAGATGACTCAAGACCGG,0.69494
TCAGCGACAGTATGACGAGATGG,0.80046
TCACTCACCAAGGGCCGCGCCGG,0.4997
TCTGCACTGTCACTGCGCTGCGG,0.56675
CGTGTGAGAATCCCTAAGGCGGG,0.61494
TTCCACGGCTCCAGGCCCGGCGG,0.86279
GGAGCGGCAGCGGGCACAGGAGG,0.51396
AACACGGCCAAAGGATTGAGTGG,0.64802
GGAACATGGCGGAGCGCGGCAGG,0.49204
AGTGCTGTGGCCTTGCTGGTGGG,0.4499
AGATGAGCAGGACTCAGAGGAGG,0.75266
AATCTTCCGGACGACCGGCATGG,0.56468
GGGTACCCGGGCTATGGCGCCGG,0.38154
CACAGAGGGCAGCGCTGCGCCGG,0.32385
AGAAGGTCTGGCGGCACAGAGGG,0.53725
CGCGACCACAGAAGAAGGTCTGG,0.51128
TTTACAGCCGCAAGCACCAGCGG,0.71348
TCAGCTGCCGCTGGTGCTTGCGG,0.3439
GCACCAGCGGCAGCTGAAGGAGG,0.47102
GCGGCAGCTGAAGGAGGCTTTGG,0.30188
ATCATTGGTTACCATAAGAGAGG,0.66563
TCATCCACAGACCATCATAGCGG,0.85178
TTCTCTCCAACCCGCTATGATGG,0.55234
GGGTTGGAGAGAAGCCACGAAGG,0.67574
CATGAGAGTGATACCTTTGGCGG,0.60847
AGCAACATTTCCGCCGCCAAAGG,0.41402
TTGCTGAAGCGGATCTGGGCTGG,0.37732
GGATCTGGGCTGGCTTGTCGCGG,0.56507
TGGCTTGTCGCGGTCCTGATAGG,0.38936
GGGTGCCACATTCTCGGGCATGG,0.33559
GGCCGCGCTGAGCTCACTCCGGG,0.51545
TTCTGCCCTAGGATAACGCTGGG,0.52135
GCGCAGCACCCAGGGTTCGGAGG,0.75326
TGGATCGCGCGCAGCACCCAGGG,0.65322
GCGCGCGATCCACCGCACGACGG,0.71166
CGGTCGCAGCCGTCGTGCGGTGG,0.67872
GCTGCTGCGAGAAGAGGTGTCGG,0.67743
GGAGTCGCTGCTGCGAGAAGAGG,0.5048
CGGCAGCTGGAGGATGAAGAAGG,0.48381
TTCACTGCCAGTTCTCCGCGTGG,0.86849
ACGGGTACCACGCGGAGAACTGG,0.46651
TCGGAAGAACGGGTACCACGCGG,0.86897
TCCGAGGCGTTACCATCAAGAGG,0.65508
TCCACTTCCTCAGAATGTGAAGG,0.49508
GCGCCGCCATGAACCTAGAGCGG,0.57031
CCATGAACCTAGAGCGGCTGCGG,0.53181
CGTCCGGCAGTACCTCGACCAGG,0.7325
AAAGTAGCTTCACTCTCTCGTGG,0.7223
TCGTGACCGAAGTGCATGGGCGG,0.7888
CGAGTCGTACTGCTTTGCCATGG,0.63917
GCAGGGAGGTGTTCAAGGCCAGG,0.36667
AAGGCCAGGCACCGCAAGACCGG,0.49094
GCACCGCAAGACCGGCCAGAAGG,0.61054
TGATGCAACCTATGAGACCAAGG,0.6868
CATCTTGACAAAGGTGGCGTAGG,0.41553
GGAGGTGAAGAAGCGCAAGAAGG,0.62827
ATAATATGTTACAGAACCACAGG,0.59005
TGTCACTGATTCCAATGCAGTGG,0.66434
TGTGGAAAGCAAGGTTAAGTGGG,0.62763
TGTAAAGGGTACCAGTGCCGAGG,0.56341
AACGGGAAGGGCCTCGGCACTGG,0.36356
GAGGCTGTGCTGAACGGGAAGGG,0.52258
GCGGCAGCAGCCAGACACTGAGG,0.66541
GACCGGAGGAAGCAGCGGGATGG,0.56438
AGGAAGCAGCGGGATGGAGGTGG,0.47828
GTGATGGCCTGCGGAGTGACTGG,0.37973
AACACTCCCAGTCACTCCGCAGG,0.69473
TGAGATGTTGAGAATGACAAGGG,0.60134
CAGCGAGCGCAACCTGGTAGTGG,0.53889
GTTGAAGAAGTTGCAGTACATGG,0.49386
GTACATGGAGAACTCCAGACCGG,0.75785
GAGAACTCCAGACCGGTGGGCGG,0.73627
GCTGGCGATGATTTCCTGCATGG,0.54207
AAACTTGATGTGGTCCACGCTGG,0.55663
CAAGTTTGACTTGGAGATCGCGG,0.60298
GATCGCGGTGGAGCAGCAGCTGG,0.32271
TGTCCGTTTCGCCACATCAGTGG,0.72321
CTGTCTTCTCACCACTGATGTGG,0.53033
GGCTGAAGGAAGATGGCGGACGG,0.67071
ATAGACATTTACGCGGATGTCGG,0.64082
TGTCGGCGAAGAGTTCAACCAGG,0.83075
CCAACTGTTGGTGATGATGTGGG,0.74816
AGCTCCAGCTGCTGAACCACCGG,0.4381
TGGATCTCCACAGCAGTCACAGG,0.56468
GCAGAATGCTGGTGACGGTGTGG,0.62249
TGCAGGCAGAATGCTGGTGACGG,0.5131
TGGCTCTGCAGGCAGAATGCTGG,0.53158
TGCTCAGCCTCTGGCTCTGCAGG,0.28303
GTCGACCTCTTGCTGTGCTGCGG,0.55165
AGATCTTATCCAGCTCGCCGTGG,0.84465
TCTACAAGTATGAAGCGCCCTGG,0.65095
TTCATCGCGTAGACTGTCCAGGG,0.68404
ACGCGATGAACTGGAGTGTGCGG,0.73021
ACAATGGCCCGGAGCAACTCTGG,0.51679
AGTCACGAAAGCCAGAGCTGTGG,0.67878
TATGTCTCCATCCACAGCTCTGG,0.68818
GGACTATGAAGATGATGAGGTGG,0.8834
CCCTTCTAGGGCCAGTGGGATGG,0.44587
GCCTTCTCCTGGATCAGCGTAGG,0.83388
GTCGCGACCTACGCTGATCCAGG,0.41785
AGGCTGTCACCGATCTGGGCTGG,0.57557
ATGGAGGACTCTGAAGCACTGGG,0.58922
AGGAGATAGAGAGCGAGAGAGGG,0.64811
AGAGTGCGAGGATGTCCAAGCGG,0.876
GTAGTGCTGGAAGTTGGACCTGG,0.55643
ACAGGACTCATGTTCAACACGGG,0.77885
GAGATGCCGAAGGTCAAGTCGGG,0.4991
TTAGCAGAAAGCAAACGGCTTGG,0.44425
CTAAATCGACACTGATAGACCGG,0.42181
TGACCACCCTGGGATGGAGGTGG,0.57679
ATGAGGTGGAGACAGCCCAAGGG,0.87875
ATGTGGTGAAGGAGGTGCTAGGG,0.60463
CACCACATGCTTCCTCTTGGTGG,0.47996
GCATGTCTCAGGCCACCAAGAGG,0.86987
GCGAAAGCGGCTGCTCAAAGAGG,0.48887
CACGATGGCGACCTCGGGCTCGG,0.37553
GTGGTGCACGCGTCTATCGCCGG,0.623
TACTGTCTGGTAGCGATCGGAGG,0.64768
CGCTACCAGACAGTAGGTGTTGG,0.66226
CACTGTCGGTGAGCTTCACGTGG,0.55239
GCGGGTTAGCGACGGCAGCAAGG,0.59865
TGAAGGAGGATAGGAGCTACGGG,0.5253
TGGCGGCGCTGAAGGAGGATAGG,0.46445
ATGGCGGCAGTGGCAACCTGCGG,0.67868
ACTCGCGGCAACACTACCGCAGG,0.55995
GGTAGTGTTGCCGCGAGTACTGG,0.37054
CACTGCAGACCCAGTACTCGCGG,0.62335
TCGGCAGGCATATCCGCTGGAGG,0.72984
CGGGAAGACAGTATCCCTGTTGG,0.6061
TGGAGATGCCCTCAGGCACCGGG,0.49065
GGAGTCCTGGAGATGCCCTCAGG,0.45232
ACGCACGCTGGACGCCAAGGTGG,0.51746
GCGGGAGCTCAAACGCACGCTGG,0.5434
CCAAGATGGCGATGGAGATGAGG,0.43745
GATGGAGATGAGGCTTCCAGTGG,0.61966
CTACGGACACAGGATTCATGCGG,0.70111
GCTGGAGCTCTTGTCGGACCAGG,0.35083
AGCTGCGCAAGATCCAGGCGCGG,0.54749
GCGGATGGGCGTGTTCGCGCAGG,0.61305
GGCGTGTTCGCGCAGGCTGACGG,0.53458
GTTCGCGCAGGCTGACGGCTCGG,0.48853
GGCGCCCTTGTATTGAGCCATGG,0.50844
ATACAAGGGCGCCGCGAGCGAGG,0.45801
GGAGAAGCAGCGCGAGCAGATGG,0.55324
GCAGATGAAGCAGCGCATCGCGG,0.77966
TCATTCTCCCGGATGGCACTGGG,0.40721
CTTGATGTCATTCTCCCGGATGG,0.72931
TTGCCATCAAAGACATACACGGG,0.65476
GGCTTGCGTGCGGAGATGAGCGG,0.54539
GCGGAGATGAGCGGGTCCCTCGG,0.47905
CGGGTCCCTCGGCCGAGCTGCGG,0.41847
GTTGGACGCGCTGGTGAAGAAGG,0.45801
CGCGCTGGTGAAGAAGGACAAGG,0.65467
ATGAAATCCATCTACTGCCCTGG,0.46453
AAACAAACTAATGCAGTCCAGGG,0.66691
CAGATCCCACATCAATAACCCGG,0.61381
GGTGACCGGGTTATTGATGTGGG,0.75482
GATATGATCTGTCCTGAATGTGG,0.8178
TTCAGGACAGATCATATCACCGG,0.76529
TTAGTGGAGGACTACAGAGCCGG,0.63496
TGAAGATGGCGTCTACCAGCCGG,0.76814
GTCTGCCAGCGCTGTGGAGCCGG,0.31077
TCCACAGCGCTGGCAGACACAGG,0.55392
TTGGACGAAGTCGCTCTGGAGGG,0.60464
TGAAGTAGCAATGGACGCGCTGG,0.56187
TACGGTGGTGCCGTCCGCCAAGG,0.46753
GGGCCGCCTACCTTGGCGGACGG,0.52201
GTTGAGTCTTCGACAACGTGAGG,0.62054
TAATGTTTATGAATAACGGTTGG,0.50313
GAATTTGTGAAAGTCTATCATGG,0.51008
GCAAGTGAATACGAGTCAGAAGG,0.53116
ACCAGTGCTAGAGAGATTGGCGG,0.63016
GTCCTTAGTAGCACTATCAGAGG,0.71208
GGCGGTGTCCCTGTCGATTGTGG,0.42997
AAGAGGCTGGCATCACTTTGAGG,0.33693
GCTGGCATCACTTTGAGGGAGGG,0.60641
GGGCGAGTCGTTGCAGCTGCTGG,0.20045
TCGTTGCAGCTGCTGGGCTAAGG,0.39001
GCAGCATGCATAGCTGTTCAAGG,0.44794
TTGCTGGAATGGCTACAGATGGG,0.60819
TGTGGACCCAGATACATTGCTGG,0.53
AGAAGGCAGACCAAGTGGCGAGG,0.56087
GCTCGGCCGATGAAGTGCAGAGG,0.72026
AGAGACGATGATGTTGGGCACGG,0.5173
GCGTAAGAGACGATGATGTTGGG,0.47301
GTACCTCAGATATAAGATCAAGG,0.64803
AGCCTACCTCTTCCAAGGTAGGG,0.57202
TGTATCTTCTCCAGAATGCTGGG,0.39217
TTCAGGAGTGAAGGCGACATAGG,0.56755
CGACATAGGACGGCGTGATGCGG,0.62546
CGTTGGCGATGATCTCCACGCGG,0.79807
GGAGGACAAGAAGGAGGACGTGG,0.49159
GCTGAGCAGCAGCAGCATCGCGG,0.78616
CATAACTGCCACGCAGGAGTTGG,0.61082
GGGTACTACCAACTCCTGCGTGG,0.7517
TACAGATCAGAAGCAATCAAGGG,0.74023
AGGCTGCGGCGCCCACGAGACGG,0.40981
GCTGCAGCAGCCCGTCTCGTGGG,0.74188
AGCTCGGCTGGCACTTATCATGG,0.39754
AACATACCACAGGTAAGCCATGG,0.74313
GGATTGCCATGGCTTACCTGTGG,0.70648
CAAGATATGCTCACCAGAGTGGG,0.61713
CACTATGGACATATACTTGCGGG,0.42771
GTTAGATTTACCTTCTATGATGG,0.47491
GGGAGGGAGCAAAGATGGAGCGG,0.48349
GGAGCGGCGGGAGGAGCAGCCGG,0.28645
ACCAGCCTTGGACTTCACTGTGG,0.70797
GTTCTCCACAGTGAAGTCCAAGG,0.78531
CACTGTGGAGAACGTGGAGAAGG,0.50308
ATAAGAACCTGGCTCAGAAGTGG,0.51833
TATGGACCCAGCCCTGCGTGAGG,0.62561
TTCATTGAGCTGGCGCTCCGCGG,0.52631
GCGTCCTTACTTCATTGAGCTGG,0.51356
CCTGATCGAGAAACAGCACCAGG,0.46971
GCATGTAGTAAGCTGTACCCTGG,0.76073
TAATGAGCTGGAGGCAATTGCGG,0.45593
TTCAGTGGCTAATGAGCTGGAGG,0.55943
ATTGCATCTTCAGCCAGCACTGG,0.52242
GCTGCCGCCTACCCGTGCTGCGG,0.64414
GGTTCCGCCGCAGCACGGGTAGG,0.59096
CACGCTCAGGATCTCGGCCAGGG,0.50799
GTCCTTCACGCTCAGGATCTCGG,0.37748
GCGTGAAGGACATCAGTGGCCGG,0.63728
GCCTTTCAAACATGGAGGAGCGG,0.4941
GCGCGTACAGGGCCAGCAGCGGG,0.48745
GTAGGGAATGGGAGGCAGGCGGG,0.45661
GCTGGGTCACCTGTAATTGTAGG,0.42856
TGCTCTCTCTCAGCATCGCCCGG,0.45179
ACAAGTGTTATCTCTGTACCGGG,0.536
TCCAGCGATGGATCCCACCGCGG,0.68982
GAAGGAGCCTGGAGGAGGCGCGG,0.39015
TCAGTCGCCGCGCCTCCTCCAGG,0.51792
AGGAGGCGCGGCGACTGAGGAGG,0.41856
ATGCTGAATTCCTCAATGGAGGG,0.62697
GGTCTCCAGCGCCTTCCTGCTGG,0.45573
GGCCACCAGCAGGAAGGCGCTGG,0.45543
CTTTGTGTCCTTGGCGCCGGTGG,0.49246
TCGGACTCAACCTCTACTGTGGG,0.52202
CTTACTCCTCCAAGAAGTCCAGG,0.61786
ACTGTTCCTGGACTTCTTGGAGG,0.58042
GACCTCCAGGTGCTGGCTGCCGG,0.35215
AGCAAATATGGACCTCGCGGCGG,0.74751
GTCCGCGCCAGGAGGAGCCGTGG,0.49569
TCCTGGTCCGAAGCCGAGTGCGG,0.65989
GCGGTAGGAACATGGCGGATCGG,0.52814
GGATCGGCTCACGCAGCTTCAGG,0.33983
ATATTATTGAAAGAGGCAGGAGG,0.69329
CAGCCAGCTAACCCTACAGAAGG,0.71602
ACGACAGATGCTGCCCGCATTGG,0.38788
GATGGTCAGGGACTACCTCATGG,0.73598
GTGTTACAGCGGCAGACTGAAGG,0.79605
GCTATAAAGCCCAACAAGGATGG,0.57733
TCAAAGGAGAAATCTACCCATGG,0.64882
TGAAACGGTATAATCGGAATCGG,0.44031
TTGCAGACTGGAAATAGCAAAGG,0.61441
TTGGCACTGTGACACGGTTCAGG,0.33458
CCCAGTTTGGCACTGTGACACGG,0.45507
AGATCTGGGTTTCGTCAAGTAGG,0.49143
TGGGTTTCGTCAAGTAGGTTAGG,0.47231
TGCGGATTAAGCGACAGGATTGG,0.40971
TCTGCAGCGGAGCCCTTAAGCGG,0.56796
GGAGAATCCTACCTCTGCAGCGG,0.82643
GACAGCTTAGAGCTGGAGCTGGG,0.43879
CCTGACTGACAGCTTAGAGCTGG,0.59287
GGCGTCGACGGACCCTGGAGCGG,0.59144
TTCCGTCAGACACCGCTCCAGGG,0.64937
GAGCGGTGTCTGACGGAAGTCGG,0.54364
GACGGAAGTCGGCAAAGCCACGG,0.44793
AAGTCGGCAAAGCCACGGGTCGG,0.67264
GAAGCACTCGGGCCGACCCGTGG,0.60764
GGATGTCTCGGCGGACGCGCTGG,0.39806
ATTCAGATGTGCCGGAGCAGAGG,0.57512
CAAGGTCAAATGGACCCATGAGG,0.64577
GTTGGCAGGACGAGCAGCTGAGG,0.42482
GTTGGTGAAGCTAACGTTGAGGG,0.51852
GTCGAGGTCATAGTTCCTGTTGG,0.62509
CTATGACCTCGACTACGACTCGG,0.7255
GCTGCACCGAGTCGTAGTCGAGG,0.8666
GCCGTATTTCTACTGCGACGAGG,0.76652
GAACCAGGCGAAGCTGGTGGTGG,0.49323
GCTGAGCCGCACCTACCGCACGG,0.84424
CACCGGAGGGCAGCATGTCGCGG,0.44114
TAGGTTGCTCTCCAAAGAGCAGG,0.59976
GGAGAGCAACCTAGAAGGCTTGG,0.40615
TATCTTCTCAAACATGACACGGG,0.80907
GGAGAATCTTCAACTGCTGGTGG,0.48422
CTGCTGGTGGACCGGCCCGATGG,0.51534
GTTGTGCAGACGGAAACAGTAGG,0.92049
ACGACCGGGTGTACTATGTGAGG,0.80652
GGTCCCAGGCATGTCGGATGTGG,0.47083
CTCGACGGAAGGCAGCGCCGCGG,0.77354
GGTGGTCAGCGCGATGCCCAAGG,0.53924
CGGGCGCGCGAAGATGGCGGCGG,0.37724
CCCGCTCCGCACCTCACACACGG,0.66763
GCAGGAGCAGTAGAGAACTGTGG,0.73035
TGGAACACAGCGCACCTCTCAGG,0.43889
CGTCTTGGCTGCAGCCTGAGAGG,0.5828
TCAGCATGTCGGGCTCGGCGAGG,0.72616
TCACCTCAGCATGTCGGGCTCGG,0.4202
AGGAGTACTTGCGCCTGTCCCGG,0.32108
GAGGCCGACACACTTCACCCGGG,0.83585
CGGCCTCTCCGCACGCACCACGG,0.53376
GCTGGTCTCCGTGGTGCGTGCGG,0.5449
TCGTTCAAATGGCTATGAAGAGG,0.72889
AAAGGAAGCTGAATTAGATGTGG,0.63163
AATATGCATTGAGTGGTCACAGG,0.51328
GAATGCATCAGAACCATGCACGG,0.74057
TGGCTACTGAAGAAACATTGTGG,0.79029
CCGCCGCTCGCCATGGATGCCGG,0.45385
TTCAGTCACACCGGCATCCATGG,0.54563
GATGCCGGTGTGACTGAAAGTGG,0.68524
GTCGGTTAAGAGGATCCGCGAGG,0.79297
AAGAGGATCCGCGAGGAGAGTGG,0.53557
CGCAATGTCAGAGCAGACGCCGG,0.65552
GATGTGCGGCTTGCTATTGAAGG,0.55537
ATGGTCAGCATATTGATGTGCGG,0.86169
GGCGAAGGGCAGGTTCTCCTCGG,0.48553
TGAGCTGCACCAAAGAGACGTGG,0.64387
TGCTGGGATATTAGCTCCAGCGG,0.54982
GTGCCTCCAACACCTTCTTGAGG,0.65075
CCAGGGCTCCATCCTCAAGAAGG,0.58676
TTCGAGGCGCGCCTGGTCCAGGG,0.55957
GACCAGGCGCGCCTCGAACATGG,0.52258
GCAAGAGCAGCGGCGCAGAAAGG,0.5717
GGTGGAGGCCGGGAGGACGAAGG,0.56582
GCGTTTGATCATCTCGTCCGTGG,0.72352
CGGCACTCACGACGCCACAGAGG,0.85064
GCCAGCTGAGGTGGGTGTCCTGG,0.29632
CTCTTCCAGCCAGCTGAGGTGGG,0.61125
GGGACGGCGGCCCAGACGGAGGG,0.50648
CTACATCGACAACCTCATGGCGG,0.88258
GTCGATGTAGGCGTTCCACCCGG,0.56909
CACAGATTCGCGCACACCGTAGG,0.6463
TTCGCGCACACCGTAGGCCACGG,0.57939
CACACCGTAGGCCACGGCGCCGG,0.48861
ACGGCCCTGAAGCTGTTGCTGGG,0.37674
ACTTGAAGGACTTGGCGGGACGG,0.57738
CTGCTGGGCGGATGCGGACATGG,0.3942
CTCCTCCGCCAGCTGCTGGGCGG,0.58268
GCGGAGGAGCTGCAGATCTTCGG,0.35829
GATCTTCGGCCTAGACTGCGAGG,0.69425
TTAGAGCCTCCTCGCAGTCTAGG,0.37102
GTAGAGCTTTGTGTTCAGTATGG,0.4828
TGTTCAGTATGGACAGAATGAGG,0.70136
CAGAATGAGGAGGGAATGGTAGG,0.44598
GCAGGTGGCCACATGGATCCTGG,0.44254
GTGCTTTAGGCTAGGCCCGCTGG,0.32475
CAGCGTTGCAGGAGCTGACGCGG,0.4555
GCGCCTGCCTCCGCCATGCACGG,0.32275
CTCTCTTGATGGTGCGCAGCGGG,0.38185
ACCATCAAGAGAGTCCAGTTCGG,0.60954
CCGGACTCAGGACTCCGAACTGG,0.53043
AGTCCTGAGTCCGGATGAACTGG,0.5007
GAGCCGCTTACCAGTTCATCCGG,0.42751
GCAGAAGCGAATGTCTGTGACGG,0.60696
CAAATACCCAGAGACGACTGAGG,0.67481
GATCCGCACGGTAGGCTGGTTGG,0.70357
AGCTCCGTGATCCGCACGGTAGG,0.82405
CATCATCGAGAACACCGACCTGG,0.64511
TCGGAGGGTCTTCATCGCTGAGG,0.58108
TAGCACTCACCTACGAACACTGG,0.65872
TCACCTACGAACACTGGCAATGG,0.58853
GCGGGCTGGCGACGTAGAGGAGG,0.66512
GGTGGCAGCGATCCGCGGGCTGG,0.32938
CCGTGGCTATCTGGTGACCCAGG,0.55014
CTGCAGCTGTGCCACGACCGTGG,0.66187
GGCGCGGCTCACCTGCATGATGG,0.70765
ACGACGAGGAGGAGACGTACCGG,0.61176
GGCTGCCATGGACGACGAGGAGG,0.55245
GAAGCAGAAGCTCTTCACCGAGG,0.86052
GGTGTGATCCAGCCAGGCCGAGG,0.57361
TCACCGCGTAGAGCAGAATGCGG,0.90693
TCCCTCCGCCTCACCATTCCTGG,0.25415
GTATTCGCTTCTGCCAGGAATGG,0.52482
CGTGGGTATTCGCTTCTGCCAGG,0.32148
ACTTACGAGCCGGGCTTCGTGGG,0.59205
GCCCGGCTCGTAAGTCCCGTCGG,0.4815
GTAAGTCCCGTCGGGCTCCATGG,0.5271
GCGTCGCCATGGAGCCCGACGGG,0.54275
AGGGATGCGCTGGATGCCCTGGG,0.43264
CTGCAGGCCGAGTACACCGAGGG,0.69196
GATCGTCGGCAACAAGTGGGAGG,0.60973
TTCACTTGTGGCAAGATCGTCGG,0.58063
CCTGTACGCTGCTTCACTTGTGG,0.43762
GCAGCGTACAGGGATGATCATGG,0.73151
CCGTGGGCCCAGTACCTTGTTGG,0.40299
GAACAAGAAGTTGGCCAACAAGG,0.55226
CGAGGAGCTGAACAAGAAGTTGG,0.63545
CTTGTTCAGCTCCTCGGCAATGG,0.45696
TGGAAATGGTGGACACCGTCCGG,0.46321
GTTCGTCCTGGTGGAAATGGTGG,0.5892
AAAGAAGTGGATGATGTGCTTGG,0.55582
GCACAACATCACCCGCAAGGTGG,0.65434
GCGGGTGATGTTGTGCACGTAGG,0.49657
AACGGGCTGATCGTGGAGGAGGG,0.6818
CTGCGGGAACGGGCTGATCGTGG,0.552
CAGCATGGGACAGTCAGGGAGGG,0.6878
GGTTCGCGGCATAGGCCTCGAGG,0.62282
CGAGTGCGGGTTCGCGGCATAGG,0.27787
GCGTGAACACGAACGAGTGCGGG,0.6421
GGAGGAGGCGCCGCCAAGACAGG,0.41054
CTCATCGCTGCGGGCGGAGGAGG,0.38001
AGCGATGAGCAGCCCAGTGCTGG,0.37914
TCGACCTGAAGCGCGTACAACGG,0.48207
TGAAGCGCGTACAACGGGAACGG,0.46477
AACGGAGCCCGGTACAGCTCTGG,0.44145
CCGGGCGCCAGAGCTGTACCGGG,0.563
AGCACCGCAGCGGTCCGCAGCGG,0.60233
GTGTGCGTTGCTCCCTGCTGCGG,0.54727
GGCGCGGGCATCCCTAGGAACGG,0.53475
GCGCCACTGGCTTCACCACGCGG,0.68789
GGGTCATTTGCATCACGGGCGGG,0.5442
AAATGACACCAATTACGATGAGG,0.62051
CTACAATGAGACAATGACAGTGG,0.77231
TAAAGCCAGAGTGGAGACACAGG,0.73786
GTAGAGATTGATGCTCACATAGG,0.65436
GCTTCTACCAACATGTCCCGTGG,0.91825
GAGGGTCGGCTCTACCAAGTAGG,0.69622
TGTGTGATGACCGGAATGACAGG,0.75307
CGTCAAGAAGGGCTCGACCGCGG,0.81383
GCGCAGGAGGCCGTCAAGAAGGG,0.43068
GCGCGTACTCCACTTGGAAGAGG,0.66582
CGACGGCCACCTCTTCCAAGTGG,0.76076
GTGGCCGTCGGGCGAGAAGACGG,0.71481
GTCGGGCGAGAAGACGGTGATGG,0.65978
GCGAGAAGACGGTGATGGCGCGG,0.70707
GTTGGAGACAAGGTACGGCAGGG,0.74943
GCTGGACAGTGAGATCAAGGTGG,0.75929
GGAGGTGCTCAAGATGTCCACGG,0.63745
CGTGTGGGATGAGGCCGAGGTGG,0.67433
GGAGAAGATGGCGACCGTGTGGG,0.59909
TGAGAGCGGTAAGATGGCGGCGG,0.48735
GGAGTGGAGGATGTCGATGGAGG,0.53361
GACCTTTACCGATGGAGTGGAGG,0.77201
GGAGGAGGGAGGCCGGGACAAGG,0.37219
GGGAGGCCGGGACAAGGCGCCGG,0.42323
GCTGCACCGGCGCCTTGTCCCGG,0.24468
GGCCGCCGCTGGAGACTGCTGGG,0.27404
GGACGAGAAGCCGAGCGGCAAGG,0.46545
CCCAACCCTCCAGTCTGAAGAGG,0.43857
GGAAGGTGGCAAGATGGTGTTGG,0.43757
GATGGTGTTGGAAAGCACTATGG,0.66017
TGTTGGAAAGCACTATGGTGTGG,0.88117
GGCAAGATCACCTTCTGCACGGG,0.48718
TAGGACTCACATGGGCCACGCGG,0.86711
CCACGTCTATCTGCCAGTCGAGG,0.51733
ACTCTTGATGCTCTGCTCCATGG,0.47802
TCAGGCCAAGAAGTACGCCATGG,0.80587
CCTGACGCCCGAGCAGCAGGAGG,0.643
GAATTTGAGAAGAAGTATGTAGG,0.58867
GCCGGCCAGGAGAAATTCGGTGG,0.69354
AGAGATGGCTATTATATCCAAGG,0.65071
GCGAAACACTGTGAATGGCCTGG,0.48865
AGACATGTCTGGCACAGAATGGG,0.3577
GTAGGTGTTGGAACCCAGAGAGG,0.73289
TTCGTCACAGGAGACCGCGCCGG,0.7802
GCCGGAGCTGGTGCCTGCGGCGG,0.34144
GTTGTCTCCCAGGTGACTGTAGG,0.75192
TGGAGCGCGGCGGTGATGGCGGG,0.30727
AGGACCGCGAGGCCTTCCAGAGG,0.71058
CAGGAAGTTGAGCCTCTGGAAGG,0.67714
GTCGCAGACTCACCTGGTACAGG,0.48932
CTGAGAGGACCATTGCGAAGCGG,0.59659
CAAGACGAGCCGCTTCGCAATGG,0.58071
GGCCTGACGGTGGCGGCAGATGG,0.32986
GAGAAGGAGGAGGCTGGCGGCGG,0.37326
CGGCGGCATTAGCGAGGAGGAGG,0.48104
AGGAGGCGGCACAGTATGACCGG,0.46032
ATGACCGGCAGATCCGCCTGTGG,0.58217
TATCATCATACAAATCCCTCAGG,0.51592
CAGAGGTATATGGAGGTCAGTGG,0.56906
TGCCTTTCAGAGGTATATGGAGG,0.77344
CTGGGCACTCACATCTTGCATGG,0.40371
CATCTTGCATGGCCCGAGTGCGG,0.66519
TCAATTCTGATCACCGCACTCGG,0.36928
GATCAGAATTGATCTGGTCCCGG,0.54473
GATGCTCACCAAGAAGTCCACGG,0.77922
TGAGGAGAAGGAACGGCTCATGG,0.50075
GGTTAAGTTGTACAGAAACATGG,0.58594
TTAACCTTGCAGAGAGCCACTGG,0.5587
AATGGCAAAGCTGATGCCAGTGG,0.66648
GCAGCTCCAAGATCTTCCCACGG,0.71314
AGTACATACCCTACTCACTGTGG,0.7937
GGCTGCCTCTGCTGGAGAAGTGG,0.41455
CATCTGAAGTGGTTAAGCAGAGG,0.69315
AGTGGTTAAGCAGAGGGCACAGG,0.62536
GGTATCCAAGGGTTGTATCGAGG,0.72672
ACTCGACCGCGTCGCTCCGGAGG,0.71384
TGCTCGCTTGTAAACGCCTCCGG,0.37851
GCGAGCACAAGAGCCTCCGCCGG,0.51715
GCGGAAGCGCAGTGCGGAGCCGG,0.38295
GGTGAAGCGGAAGCGCAGTGCGG,0.70409
CCGCTGTACTCCGGGTGAAGCGG,0.58831
CACCCGGAGTACAGCGGTCCTGG,0.32503
GTGTACTGCAAACATATTGATGG,0.55923
CAGCATGCGGGTACTTCCAATGG,0.37175
GTAACACCTGGAACTCCTTGAGG,0.61052
TAGAACTGATCATTGATTGGAGG,0.54454
TCACCTTGAGGCGGTTCAGCTGG,0.47573
GGCGGTTCAGCTGGTCGTGCAGG,0.30183
GGAGACGCTGCTGCGGTTGAAGG,0.41774
AGGAGGAGGAGACGCTGCTGCGG,0.52127
GACCAGGCAACATGCTGAGCCGG,0.53071
AAGGGACAGCACCTCTCCTGTGG,0.55577
ACCCGCCGGGATGAACCCACAGG,0.55021
GGGTCCGGTCAATGAGAGAACGG,0.71185
TCTGCAATACGAGTACAAGGCGG,0.87259
TGTACTCGTATTGCAGACTACGG,0.59929
GGGTCTGGCTATGGTGGTGCAGG,0.32468
GCTCTGCGATCTGCCGATCCAGG,0.32763
CCGCCCGCACACACCTGGATCGG,0.50139
CATTGCCTGGCCGTATTCTAGGG,0.44847
GGAAAGTAATGGACCAGTGAAGG,0.66749
GTAATGGACCAGTGAAGGTGTGG,0.48243
CTGCTCGATGTTGGTCGCCATGG,0.3883
ATGTCAAGTGGAAGGAATGAAGG,0.58715
AGGAATGAAGGCCAGCTGAATGG,0.68006
TATTTGTTTCACCATTCAGCTGG,0.36239
GAAACAAATACACCCATTGAAGG,0.47951
TACACCCATTGAAGGAAACCAGG,0.60534
GCGGCCTGACTACAAGGGAGAGG,0.74915
ACAAGGGAGAGGAGGAACTGCGG,0.59781
AGGATTAGGCCGCTTCACCAGGG,0.77241
GAGGACGTGTTCTACAAATACGG,0.41429
CATCCGAACCAAGGACATTGAGG,0.5905
GTAAGTTACCCACGTAGATGCGG,0.59482
GCGGCAATCGTTGTTCCCTGCGG,0.52796
CGCTACACCAAGGAGTCCCGCGG,0.74589
TCCTTGGTGTAGCGGTCCCGCGG,0.55969
GCGCCTCAGCGTGTCGGGCGAGG,0.53672
CAGGTTGTCCACCTTGAGGGAGG,0.80289
GGGTATGACCTCCCTCAAGGTGG,0.74771
CCACTCAGAGCTATGAGCTACGG,0.54754
TGGAAACAATGGCAACAAGACGG,0.54488
ATGGACCACTCCGAAGTGTGTGG,0.64156
GCAACCCACACACTTCGGAGTGG,0.89922
ATCACCTTCCATCTAGCTCTCGG,0.55249
TCGACAGTTCCACTCTTACACGG,0.6413
AGGCAAAGTGGACAACATCCAGG,0.63259
TACAGAATGATGGTCGACTGAGG,0.8295
GTTCAACGACGTCTATCAGGAGG,0.89317
GGTCGACATGGCAGAGACACTGG,0.48447
ACAGGAGGCGGTAAAGGAGGTGG,0.34276
TCCTCACTTGTGGAAAGAAACGG,0.3416
CTGCAAGAACCGCTACGACAAGG,0.63321
GTAGCGGTTCTTGCAGCCGTAGG,0.79081
CTTGCAGCCGTAGGCGGAGCAGG,0.37236
GTGCAGTCCTGCTCCGCCTACGG,0.46752
GCAGCACGTAAAGCCAGGCATGG,0.52095
GGCACGCAGCACGTAAAGCCAGG,0.43659
CTGCTACAACAACTCGCACCGGG,0.55351
TTCCAAAGGACGCTGAGTTGCGG,0.4649
GCGACACGTTCTTGAGCCAGAGG,0.54567
CTCAAGAACGTGTCGCGTGCCGG,0.4518
AGGATGAGACACGAGATGTGCGG,0.82885
GGAGGGAGACACTTACCATAAGG,0.46813
TGTCTCCCTCCAAGTACCCAAGG,0.63575
GTACCCAAGGGCACTACATGTGG,0.56491
TACAAAGGCGTTCGTGGTGCCGG,0.40698
GGTTGTGCGCGGACGCTGCGTGG,0.53396
GCTAGCTGGCAGGTTGTGCGCGG,0.64216
CACAACCTGCCAGCTAGCCGCGG,0.46876
AGCTCTACGCTTCGCCGCCGCGG,0.59313
GCGGCGAAGCGTAGAGCTGCGGG,0.56935
GTGAGGCCACTAAGGAGATGAGG,0.59052
AACTGCTGTGCCCAGTTACGAGG,0.64636
TGGGCTGGTATATCTGCTCATGG,0.49507
AGGCGCAGAGGGCCGGGCAGCGG,0.27881
GCTGAGCAAGGCGAAAGCCAAGG,0.4322
TCCTCCCACAGAGCTGAGCAAGG,0.58877
AGATGTTGGCATTAACTATAGGG,0.49367
TAATTCCACAGAACCAATGTAGG,0.7645
AACCAATGTAGGTGTCTGGGCGG,0.7754
CAGATGGTCAGTAGGACAGAAGG,0.69467
TCTTAATGCAGATGGTCAGTAGG,0.60521
CGGGTTGTGCCTGGAGGTGGAGG,0.29899
CGCGGACGGGTTGTGCCTGGAGG,0.46742
ACAACCCGTCCGCGATCTCCCGG,0.48826
CTCCGACATCTACAAGATCCGGG,0.59034
GTGAGGACTCACGGCTGATGAGG,0.62709
ACTCACGGCTGATGAGGTCCCGG,0.68497
GAGGATGCTGGTGGTGGAGGTGG,0.31582
CTGGTGGTGGAGGTGGCGAACGG,0.54773
CACACCCAGGCGCTCCCGGAGGG,0.50083
TCAGCAGCAGCGGGAGGCCCAGG,0.34099
CGGGCATCAGCAGCAGCGGGAGG,0.53051
TGGCAACCAGATCGGTGCCAAGG,0.57564
CATTGTAGTACACAGAGATGCGG,0.82497
GGCATTGTAGGGCTCGACCACGG,0.64716
TCATGGTGGCTGAGACAAGGTGG,0.79573
TGTAGGGTGATGATTTCCCTCGG,0.7549
GGAAATCATCACCCTACAGTTGG,0.4457
AACGACCTGGGAGAATCCGCTGG,0.44787
AGATGGTAGTGACAGTCTAGAGG,0.90707
AACTGCTCTTGGCTCTGAGCGGG,0.53218
TTCACCTGGAACAAGCGGAGTGG,0.63957
GCAGAGTCGATTCAGGACACTGG,0.67955
GATCCCAGTCGTGGCCGAAGCGG,0.64826
CCACGCGGTCCTCCTCCGAGAGG,0.84334
GGTGGACCAGGCCATCCTCTCGG,0.47743
CAACGGCTGGCAGGTGGACCAGG,0.3106
ATGCTCCCGCACCTGCACAACGG,0.64764
GTGCGGGAGCATGTACGACATGG,0.62805
CGGCAACTCCTTCATCTCGAAGG,0.50974
AGAGGCGGCGGCAGCGGCTCCGG,0.27877
GAGCGGCGGCGAAGAGGCGGCGG,0.34607
GGCGACGAGCGGCGGCGAAGAGG,0.49977
CGGAAGATGGCGACGAGCGGCGG,0.40739
ACACCATGTGGATCCAGGTTCGG,0.50429
GTGGATCCAGGTTCGGACCATGG,0.61764
GTGGGTCTGCCTCCCGTCCATGG,0.43009
CGGGAGGCAGACCCACACGGTGG,0.80586
GTCCAGGCTGACCAAGGTGGAGG,0.52818
TGACCAAGGTGGAGGAGCTGAGG,0.47268
AGGACAGCCGCGGCGCGAGGAGG,0.49604
GCGGCGAACTTCACGGCCGGAGG,0.61808
TCTCGGTGCCGACCCACACATGG,0.72779
CGCTGGAACCATGTGTGGGTCGG,0.60063
CTGCACGCTGGAACCATGTGTGG,0.46272
GGAGGAGGAGAACATCCGCGTGG,0.93004
AACATCCGCGTGGTTCGTTGTGG,0.46789
TGCCGCCACAACGAACCACGCGG,0.71178
GAGTGTGTACACATACTGCATGG,0.62796
GGACACAGAAATCTGGTGACTGG,0.41831
TAGGGCCTCATGCATCTGCAGGG,0.61348
CTGCATGAGTGTATCTGATGAGG,0.5907
GTACAGTAAGAAATATGGTGTGG,0.82965
CGCGGAACACCTTAGCGACGCGG,0.55025
GAATGAAGCAACAAAGAATCCGG,0.44876
TCTACGACGACACTGTCCTGAGG,0.80883
GTCGTAGAAAGAGAACGTATTGG,0.46733
CTGAAAGCAATATGAAGTCCCGG,0.56987
GCAGGAGTCACAGATGAGAGCGG,0.69566
ACAGATGAGAGCGGAGATCCAGG,0.54551
GGAGATCCAGGACATGAAGCAGG,0.51993
GAGCAGCTGAGTTCATCCGAAGG,0.66464
GACAAACAATGACTTGTACCGGG,0.72972
GAAGGTGGAAGAGGAAGATGAGG,0.48442
GGGTGATACGGAGAACGGAAAGG,0.63717
CCAGGCTGAGAAGGGTGATACGG,0.41025
ATAATGACCCAGGCTGAGAAGGG,0.76627
GGCATCTTCTCCTCCCAGCCCGG,0.34376
CCATTATAAGCTGTCGCAGAGGG,0.52463
CAGCTTGAACTCGTTAGAACCGG,0.52502
CTGAACCAGCCACCCGAGGATGG,0.66285
AGATGCCATCCTCGGGTGGCTGG,0.36116
AAAGAGGTCGAAGATGTAGCGGG,0.62352
CCCAAATTCAAGGCGGCCCGTGG,0.43557
ATTCCCAGCCAGGATCTGATCGG,0.55443
GCTGGGAATGCGGTGCGGGCGGG,0.2864
GTGCAGGATGAACTGTCGCTCGG,0.51686
CGTGTGCAGCACAGCCAGCATGG,0.55286
GTGCTTCTGCACCGCAGCACAGG,0.478
CCTAGAGGTCCAAGCCCGCTTGG,0.51626
CTGACTTCACCAAGCGGGCTTGG,0.25148
CAATCTCTAGCACCAGGGACTGG,0.54683
GCAGCGGGCACAGGAGGAACAGG,0.38263
CCCGCACTTACCGGGCCGCACGG,0.40411
TACCTTCTCTCCCACCAGCAAGG,0.55419
ACTTGAGGAAGAGGCCCAACGGG,0.46889
TGGACGAGATGCCTCTCTTATGG,0.3232
CGCGCTTCCGCAGCCGCTCTAGG,0.31271
CTCTGTGATATTGTGCTGTCAGG,0.23581
CTTGGCGAGCTTCTCGTATTTGG,0.13419
TACGAGAAGCTCGCCAAGATCGG,0.35936
AGCCTTACCCGAAGGTGCCTTGG,0.35644
CGCCTGCAGGGAGGTGTTCAAGG,0.32051
GCATAGCGGCAGTCCTTATCTGG,0.3119
TGGCATGTCTCCTAGGCCTCCGG,0.54947
GCACAACATGCCGATGTCCTTGG,0.34047
AATGCAGTGGTTCAATTGAAAGG,0.33368
TGTTCACATTTCTGATCAACTGG,0.26528
ATGGTGAATGCCAAATTTGAAGG,0.41477
TAGACAGTCACTTCGGTCCCTGG,0.53401
ATGAAACTCCCATCAACCCTCGG,0.47376
GCACATTTCCGAGGGTTGATGGG,0.39586
CCGCGCTCACTGTCCATGCCGGG,0.36366
TTGAAAGCTGCCTGCGGCAAAGG,0.28856
AAGGAAGATGGCGGACGGCGTGG,0.50728
GGACCACATAGACATTTACGCGG,0.89341
CCATGTAATCTCGGTCTTCTGGG,0.23314
CCACCGGCCTGTGACTGCTGTGG,0.58819
GCTCAAGCCAGAGTTGCTCCGGG,0.58131
GGAGCCCTTGACATCCTTCTTGG,0.36482
CCCTGCCAAGAAGGATGTCAAGG,0.46022
ATGAGGTGGAGACAGCAGCTGGG,0.58908
AGGTCGCGACCAGCCCAGATCGG,0.62213
CTCCTAGGCTGTCACCGATCTGG,0.27925
TATCTCCTCTATCACGTTCTCGG,0.35782
TAGACCGATCTTCACGATCCCGG,0.56137
CCCGCACGCTTCTTGCCAGAGGG,0.44262
TCGATTTAGCAGAAAGCAAACGG,0.37822
GATGACGACGACGATGACGTAGG,0.75772
CTCTCCTGAACCAGGTACTCAGG,0.41859
TTCGAGAACAACTGTGAGATCGG,0.37147
AGGAGCTACGGGCTGTCGTGCGG,0.41898
ACTGGTGACGTTGCTCTTGCTGG,0.29217
CTCTCTGGTATGCCATGATCAGG,0.32208
ATGCCATGATCAGGGCCAACAGG,0.36323
CATTGGCGCCAAGATGGCGATGG,0.44884
CAAGCCTCTTAGCGAGAGACTGG,0.40519
CTAGATGTTTCTTAGTGTCGCGG,0.61403
GATACAATCACTACGGACACAGG,0.53217
TCTTGTCGGACCAGGGCTACCGG,0.34056
CGAACACGCCCATCCGCGCCTGG,0.31167
CGCTGCCATGGCTCAATACAAGG,0.36337
GCTTCTCCCGCTTCTTCATCAGG,0.19356
AGAGAACTTCTTGTCAATGTTGG,0.3553
GGAGCAGAGCCGCCGCAGCTCGG,0.51445
GAGCTTGCTGATGATGGTGATGG,0.74159
ATGCAGTCCAGGGCAGTAGATGG,0.48413
AATGTCTAATGCGATGTATTTGG,0.28496
CAAAGGATACCTCGCTAGCTAGG,0.40698
TAAGAATTACCTAGCTAGCGAGG,0.58646
TCGATTGTGGCCGCTTCCTTAGG,0.25059
TTCTTTGTTATTTGACCCTAAGG,0.41483
TTGGCCGTGTCAGGACTATTTGG,0.34546
TTGGGCACGGAAGGTGGAGAGGG,0.53297
CCACAGTACCAACACTATAAAGG,0.37549
CGTGTTCAAGAACGGCCGCGTGG,0.87338
CTCCTTCTTGTCCTCCTCCTCGG,0.36135
TTTCATGTTGACAGAAGATTTGG,0.33547
AGCAAAGATGGAGCGGCGGGAGG,0.4435
GGCTGGAGCAGCACCAGCCTTGG,0.32017
CCCAGCCCTGCGTGAGGCCGCGG,0.36251
ACCTGATGAGCTCAGGAGAATGG,0.50082
AAATGTTGGAACTGGACTGGTGG,0.43971
TTCATTACGTCACCACATGCTGG,0.50488
TGGTGACGTAATGAAATTACAGG,0.35942
CATCCAGCCGCGGGCTGGGCGGG,0.29851
GTTTCAGCGCCTACAATTACAGG,0.34554
AGATAACACTTGTGCGCGACTGG,0.39657
CGACTGAGGAGGGCGTGAATAGG,0.38808
CGCCTTCGGGAAAGTGTATCTGG,0.10447
CAAAGCCAATGGGCAGGTCTGGG,0.31034
AGAAGTCCAGGAACAGTTTCTGG,0.2562
GCTTCAGGACGCTGTGAATTCGG,0.38477
AGAATCTACAGCTGCTTTACAGG,0.2714
TTCTCCTGTTCTTCCACTTCAGG,0.1691
TGTTCTTCCACTTCAGGGTCAGG,0.32651
ATCAAGAAACAGTAGTTTGTTGG,0.32376
AAGAATTTACTTACCTCCAGAGG,0.53077
TAAATTCTTGAATGTTTCAAAGG,0.41939
CATCAGTGAAACGGTATAATCGG,0.242
GAGAACTCTTTCATTTATTCAGG,0.1943
GCTGTTGACAACAGAGGAGGAGG,0.49388
CGCCGCAGGTCTGGCGTCGACGG,0.41391
GCACATCTGAATCTGTGTCCTGG,0.59454
ATAGCAAGTGCAAGGTCAAATGG,0.43951
AGATATCCTCGCTGGGCGCCGGG,0.30161
TTTCTTCCAGATATCCTCGCTGG,0.39957
AGAGCCCGGAGCGGCGGCTAGGG,0.36404
AAGGAGGCTGCTGTCGATTAAGG,0.26263
TTCAGTTTCATTTGCATCAGAGG,0.37576
AAATGAAACTGAAGATCATTTGG,0.21628
GAATCTTTAATATGTAAAGTAGG,0.4727
AAACACCAGCCAAGCCTTCTAGG,0.30953
ATCTTCAACTGCTGGTGGACCGG,0.34093
AACAGTAGGTGCCATCGGGCCGG,0.66153
CATTCCGGTTCAGACGCTTTCGG,0.31322
AGCGCGATGCCCAAGGCCAAGGG,0.57062
GTTCTGCCTCAATCTGACTCTGG,0.42441
CCGGAACTGCCATACCTGGGAGG,0.79599
CCGGCCCGCAGCTGCCGTCTTGG,0.29093
CAACGTGAGCGATGCCGCAGCGG,0.555
AGATGGCGGCTCAGCCGCTGCGG,0.4232
CGAACTCACCTCAGCATGTCGGG,0.53405
CAAGTACTCCTCTGCTTTCCTGG,0.18867
ACAGTTCATCTCGTTGTCTCTGG,0.31206
TAAATGTGACTCTCACCATTCGG,0.46881
AAGGAAGTAGGAAGCATCATTGG,0.40425
GGAAGCATCATTGGGAAGAAAGG,0.39968
GGACTCGTCCCACGTCTCTTTGG,0.38331
CGGTGTAAACCTGCAGAGCATGG,0.50191
TGGAAGTTGAGCAAGAGCAGCGG,0.60112
GTCTGTCCAGGAGGAGAGTCCGG,0.51444
TGGTTACCGGACTCTCCTCCTGG,0.51241
CTCGTCCGTGGTGATCTTGTCGG,0.4406
CAAGGACTCGCCCTCCGTCTGGG,0.51972
CCGCCAAGTCCTTCAAGTTCTGG,0.20309
AGGTTCCGCCACCGGCTGCCAGG,0.32252
TCCCGCGGGATTCCATAAGAGGG,0.52905
GGGAGTCGCTTACCTATTATGGG,0.27785
TCACCTGCATGATGGTCTTGCGG,0.56303
TTCACCGTGTTGAGCAAGTTGGG,0.32385
GGTGCTGGTGTGATCCAGCCAGG,0.51072
AGCAGTAGCGCTTCAGGCCCAGG,0.36529
CGGTGTCCACCATTTCCACCAGG,0.54095
GGCCGGGATGTTCGTCCTGGTGG,0.65981
GCCTTCGGGTCCCACCTTGCGGG,0.36339
GGCACGTGTTGCAGGAGAAGCGG,0.59038
ATCAGCCCGTTCCCGCAGCCGGG,0.35954
CACGAACGAGTGCGGGTTCGCGG,0.3818
CGTGTTCACGCGAGGCTGCACGG,0.41878
CGTACAACGGGAACGGAGCCCGG,0.43189
GCAGCGGTCCGCAGCGGACAAGG,0.56075
CCACAGGGTCATTTGCATCACGG,0.38249
GGAGAAGAAGATGCAGATCCAGG,0.46885
TTTAATTGATAAAGCCAGAGTGG,0.50931
ACCTGGTTCACTCACCTACTTGG,0.45927
AGATTAATTACCTGTCATTCCGG,0.38199
GGAAGAGACATTGTTGTTCTTGG,0.23181
TAATTAAAGGTTGGTGTTCGAGG,0.41012
CCTCCTGCGCGTACTCCACTTGG,0.52907
GTCACTGGACTCTCAATATTCGG,0.33735
TGAGTAGAGACTGGGCTCTCTGG,0.38296
ATCGACATCCTCCACTCCATCGG,0.50147
CCCAGTGAAGCGTGACATTCAGG,0.21235
CAAGGACAAAGAACAGGAGCTGG,0.46636
AACAGTGAGTATATGCGGAATGG,0.44841
CTTCTTACCCACCAGGCTGCAGG,0.35954
GGTCAGCACTTCACAGTCACTGG,0.2998
CACGCGGATGCCCGTGCAGAAGG,0.61097
CTGCTCCATGGCGTACTTCTTGG,0.24166
CCGTCGTCCCTCTCGATATTTGG,0.22213
CACTTTACCTTCACAGCACGAGG,0.5387
GAGCCCGGCTTCTTCGTCACAGG,0.47718
CAGGAGACCGCGCCGGTGGCCGG,0.3889
CTCGCCAGCGCCTGGTTCTCGGG,0.18165
CGCTTCTTCAGCCGGCCGTCAGG,0.42284
AGCGGCTGCGGGCGGCCTGACGG,0.46825
GTGCTTCTTGTCGGCTTGAAAGG,0.19089
CCCACTCACCGTGGACTTCTTGG,0.28774
GGCATCAGCTTTGCCATTCATGG,0.20165
AACAACAATTTCTTGTTGTTTGG,0.13527
ATCAATCAACCAAACAACCCTGG,0.64165
CTTACATCATGTGACTGTTCAGG,0.41017
CAATGAGAGAACGGTCAGCTTGG,0.47671
ACGGGCGGTTACATCCGCCATGG,0.67298
CGAGGCCATGGACGTGTTCCAGG,0.32014
GCAAGATGGCGGACGAGGACGGG,0.37738
TGACGATGCGCACGACCCGCGGG,0.58358
CGCATCGTCAAGTCCGAGTCCGG,0.50725
GAAGGGCGACGGCCCAGTGCAGG,0.52872
CTTTCGTGGTCAGTAAATTCCGG,0.26968
TAAATTCCGGGAAATTCAACAGG,0.39364
AAAGCTCCTGTTGAATTTCCCGG,0.26152
AAATTCAACAGGAGCTTTCCAGG,0.32269
AGAGGAGGAACTGCGGCGCCTGG,0.33155
GTCACCGCCATGTCGGGAGGTGG,0.68818
GGAGGTCATACCCTCCACATCGG,0.70583
TGGGAAACAGGAGGCGGTAAAGG,0.35503
AGGTACTCACCTAAGCAATCTGG,0.45022
AGTGCCCTTGGGTACTTGGAGGG,0.70417
CGCAGAAACTCCAGTACTCGCGG,0.51451
TTGGCATGTTCTTCACCGCCTGG,0.33966
TTCCCTCCTCTAGGAGCTCGAGG,0.55867
CATGGAAGTGTCACCATTGCAGG,0.35175
CTTTCGGTACCTTCGCCCTCGGG,0.39593
CCGGAGGGCCTGCACCGCCTCGG,0.43318
ATATGTTCCTCGTGCCATCCTGG,0.3954
GACTGCATTCCAGGTCAGTCTGG,0.30288
GTGCTGTGTCACTCCATTGCTGG,0.25059
TGTCATTCAGCCGTTCTAAGAGG,0.58299
CCTCTTCCTGCAGGTATCGCAGG,0.36677
TTCAGGACACTGGTCTCACTGGG,0.34806
CCTCCTCCGAGAGGATGGCCTGG,0.47424
CTACTCCGCCTTCGAGATGAAGG,0.44824
CGGAGTAGGACGCGGACAGCAGG,0.35673
TCCAGGTTCGGACCATGGACGGG,0.64373
GCGGCAGCGAGTTGAACTTTAGG,0.34416
GGTACCATTACCTGGCAGTTAGG,0.517
CTCGATGTATTGCAGGGTGGTGG,0.46345
GGCTTCCATGTCTTCACCACAGG,0.55114
CGCGTCCTTCTGCAGCACCCTGG,0.51739
CAGTCAGGCCATAGCATTCCAGG,0.27371
GAATGATGACTGCTGAATCACGG,0.53325
TGCTGAATCACGGGAAGCCACGG,0.41333
CCCACAGGCTGCACAGGAGAAGG,0.41206
GGATGGTATCGTAATAGTGAAGG,0.6652
CGTAATAGTGAAGGTGGAAGAGG,0.47458
AAGATGAGGAAGACCACATGTGG,0.46989
AGGAGGCGTGTCCTGTAGGGTGG,0.58207
AATATCTCTGGGTCTGGAGGAGG,0.5232
TGGCGGAATATCTCTGGGTCTGG,0.29517
ACGGCTTGTTCTTACAATACCGG,0.43055
CAGAAGCGAGACTTTGGGTACGG,0.36729
ACTACTTACCAGGGACACCTCGG,0.82568
CATATTCATCTGACACCATGTGG,0.6276
GAATCCTGCCTTACCTTCAGAGG,0.56951
TTCTCCCTACCTAGCCCTGGAGG,0.64152
GTACTTATTGGCACAAATTCGGG,0.34207
TCTTGTTGATGCGGATGACGTGG,0.66581
AGGCTCCAAACAGGCATGCGAGG,0.56088
AACTTGGCCAATGTGAACCCTGG,0.66775
GTTCTGCAGCTTGGTGCGGATGG,0.46103
ATGTGATTGAGGCCCTGCGCAGG,0.45116
CTTGAACTTGGCCCTGCGCAGGG,0.40598
CAGCACTACATACCTTCTGGCGG,0.77028
CGGCTCATCCCAGATGGCTGTGG,0.37604
GTGGCCCTCTGGACAAGTGGCGG,0.54917
TGGCGGGCCCTGCACTCATGAGG,0.37843
CTCTCGCGACACCCTGTACGAGG,0.71969
GCGGTGCGGGAAGTCCTGCACGG,0.61383
TCTGCAACTCCACCGTCTCCAGG,0.4573
GGACCAGCAGCACTGTGACGAGG,0.66061
GCAGCACTGTGACGAGGCTAAGG,0.51211
CTGCTTGATCAGAGACTCTGAGG,0.56045
AAGCAGATTCCACGAATCCTCGG,0.46037
CATGGTGGCCAAAGTGGATGAGG,0.56454
CTACAGCCAGACATAACACCTGG,0.67114
TCCCTGTTGCAGCAGGATCAAGG,0.54843
AGATGTTGAGACAGAGTTTGCGG,0.43606
CTCTGTCTCAACATCTGTGTTGG,0.35565
GACGCGAGCAGCCAAGGTGTTGG,0.49746
AAGGTGTTGGAGCAGCTCACAGG,0.44987
TGTGAGCTGCTCCAACACCTTGG,0.59014
GCTGTCCACTGCACAGTTCGAGG,0.358
ATCAAATATGACCCAAGCATTGG,0.44398
CTACGGCCTGGACTTCTATGTGG,0.68347
TTGTCTGCGATGCTGAAACCTGG,0.47676
GCAGACAAGAAGCGCAGGACAGG,0.52935
CGATGATGTCATGAGGATGGCGG,0.77271
AACATTACAGCCCACTGACTGGG,0.6106
GGAACCATTAAAGAGATCCTGGG,0.66067
AGAGTTCTCTGGCTAAGGATCGG,0.72878
TCAACATTGCTCGACAGATGCGG,0.61384
TGTCTCTTGGTGGTTCCTTGAGG,0.42902
GGCTTTGATGATCAGGGCAGAGG,0.46892
ATGATCAGGGCAGAGGCAGAAGG,0.60111
ATCTCTTCTGCAGATTGAGGTGG,0.67629
CGGGTGACTGGAAGGGCCTGAGG,0.49765
AAGGCAACGGGTGACTGGAAGGG,0.49479
GATGACATTGCCAAGGCAACGGG,0.56158
AGTTGGTGATGACATTGCCAAGG,0.8209
GGGATAACGTACCAGACCCAGGG,0.6295
AGTCGGTGCCACTTCTGCCCTGG,0.35898
AGTGGCACCGACTTCACCTCCGG,0.63084
AGGTGCACCGGAGGTGAAGTCGG,0.6433
GTATACCTGAGGTGCACCGGAGG,0.91188
GCCATGGCGCCCAGCCGGAATGG,0.41853
GGCGCCCAGCCGGAATGGCATGG,0.5211
AGCCGGCCCGTAAGATCCGCAGG,0.52949
TCTCCACCAGACGTAAGGCCCGG,0.68629
GGCTTGCCGGGCCTTACGTCTGG,0.30663
GGCCGGATGGGACCCGACGCGGG,0.36358
GGGCCGGATGGGACCCGACGCGG,0.35493
CTCCAGGCTGAAGCCGCGGCCGG,0.48204
GCTTCAGCCTGGAGGAGCTCAGG,0.33548
TACTCACCCTGAGCTCCTCCAGG,0.4469
GGTGGCCGGCATTCACAAGAAGG,0.69204
GGCCACCTTCTTGTGAATGCCGG,0.40991
AAGAAGGTGGCCCGGACCATCGG,0.51997
CACAGAAATGCCGATGGTCCGGG,0.4242
GCATTTCTGTGGATCCGAGGAGG,0.69219
GTTGGCCTGCAGGGACTCCGTGG,0.59513
GGCCAACGTGCAGCGGCTGAAGG,0.51616
GGCCACCCAGCTGACCGGACCGG,0.53591
GCGGCTGCCGAAGATGGCGGAGG,0.64183
GTCCTGGTGCTTGATGGTCGAGG,0.4655
GTGGCTAAACAGGTACTGCTGGG,0.71754
CCCTCTAGGCCGGAAGGTGGTGG,0.54249
GTGGTGGTCGTACGCTGTGAAGG,0.63321
ACCTGGCTTTCCTCCGCAAGCGG,0.51148
TGGTGTTCATCCGCTTGCGGAGG,0.5786
ATGAACACCAACCCTTCCCGAGG,0.72041
GTCCGCCAGAAGATGCGGCTGGG,0.46359
GCACGGTCCGCCAGAAGATGCGG,0.53051
GGGCGCCTGGCTCACGAGGTTGG,0.32536
CGAGGTTGGCTGGAAGTACCAGG,0.46045
CCAGGCAGTGACAGCCACCCTGG,0.47099
CAGCCACCCTGGAGGAGAAGAGG,0.39882
CTCTTTCCTCTTCTCCTCCAGGG,0.33658
AGAAAGCCAAGATCCACTACCGG,0.53694
GAAACAGGCCGAGAAGAACGTGG,0.61
ACAGAGGTCCTCAAGACCCACGG,0.8801
CCAGGAGTCCGTGGGTCTTGAGG,0.382
GGCTCAGACCAGGAGTCCGTGGG,0.68375
CAAAGGAGACATAGGCCACCCGG,0.5644
ATGGACCTTGCACTCAAGTGAGG,0.6396
GTGAGCTGCATGCACTTGAAAGG,0.42481
TCATCCTCAAGTTTCCGCACAGG,0.51892
TGTCCGACAAGCCTGGCAGAAGG,0.67274
AATCTTCTTGGCCCATCGTGTGG,0.51589
GAAGATTGAAGCCAGAGAAAGGG,0.56029
GGGTGCATACAAGTACATCCAGG,0.68046
ATGTCATGCGCTTTCTTCTGAGG,0.36807
TTCTTCTGAGGGTCCGCTGCTGG,0.3453
TGTGGAGAGCAGAGAGCTGGCGG,0.57104
GCTTGGCCTTGTAGCCCAGTCGG,0.46613
TATAGGATTCGTGTTCGCCGTGG,0.81313
AAGTTGCACCCTTAGGAACTGGG,0.69582
TTAGCTGGTTAACACCATGATGG,0.69003
AAGCCTTCAGTCCGTTGCAGAGG,0.78366
GAGCGAGCTGGACGCCACTGTGG,0.47954
GTCCTGAATTCTTACTGGGTTGG,0.48124
CTTTATGGAATGGATCAATGAGG,0.71268
GAAGAAATCCTGACACCCAGTGG,0.73947
TCTGCAGGCCGAAAGAGCCGTGG,0.61923
AAAGAGCCGTGGCCTTGGAAAGG,0.36833
GAGAGCCACCAATAGTGTGGTGG,0.76864
TCACTCAGGTGGGAGTGCAGTGG,0.47533
TCACTGCAACCTCTGTCTCCCGG,0.36106
GATTGTTCCTAAACCAGAAGAGG,0.58406
CCGTAAGGATCATCTCAATGTGG,0.75468
AATCCGACCATGAGCTCTGTAGG,0.67908
GAGAATCTACATCTAAACCCTGG,0.64259
TGGAGTTGGCAGGTGTGCGCAGG,0.5256
GAAACTGCTCAGGCCATCAAGGG,0.6263
GAACACTCGTGAAACTGCTCAGG,0.61065
GGTTCGCTATTCACTTGACCCGG,0.63283
GGCCTGATACTCACTTGGTGTGG,0.52233
GGTGTACCGGCATTTCGGCAAGG,0.51203
CCTTCCCTAGGTCCTCGCAAGGG,0.60357
GCAGCCGCATCCTCAGGGCAGGG,0.40871
TCAGGAGGTACCCAAACTGAAGG,0.78003
TGATGATGTGCGGGTTCAGGAGG,0.76482
GACCATAACTGATGATGTGCGGG,0.7442
GGGAAAGGGACAGAGGCGGCCGG,0.6434
ACAACCTCTTCAACACAACCTGG,0.5525
CAACACAACCTGGTTGAATGTGG,0.55287
AACCTGGTTGAATGTGGAGTTGG,0.73058
TCACCTTGACCAACAGCCTCAGG,0.58774
ATAACAAGGACCGAAAGGTTCGG,0.60637
CCTTTCGGTCCTTGTTATGGCGG,0.54741
GCTACGAGAGTACAAGGTAGTGG,0.68164
AAAGATTCGCATGCGGTAGAGGG,0.46207
TAGGCGCAAAGATTCGCATGCGG,0.74488
GGAGATTGTCTACTGTGGGCAGG,0.50875
GGGTGAAGAACTTCGGGATCTGG,0.3342
TCTGGCTGCGCTATGACTCCCGG,0.4557
GTATTCCCGGTACATGTTGTGGG,0.54622
TACCGGGACCTGACCACCGCAGG,0.52506
TGACAGCGCCTGCGGTGGTCAGG,0.3677
CTGGGTGACAGCGCCTGCGGTGG,0.55114
GACAGGCAGCTTACAGCACTGGG,0.58301
GATCTGAATGGAGTGGGCTCGGG,0.37148
CTTCATGATCTGAATGGAGTGGG,0.55803
CATGAAGGTGGAGGAGATCGCGG,0.64795
CTGACGGCGCAGGACCCGGTGGG,0.72731
GTGGCTTGTGCTGACGGCGCAGG,0.44494
GAAGGTGTTGGGCCTCTTGGTGG,0.60561
GCCTCTAGTGTCCTCCGCTGTGG,0.64806
GCTGTGGCAAGAAGAAGGTCTGG,0.63945
GTACTCACGGGAGTTGGCATTGG,0.4635
TCCCAGGTACTCACGGGAGTTGG,0.5137
AAGGGCAGGCACATGGGCATAGG,0.51224
GTATCACAGCCTGTACCTGAAGG,0.87041
GGAACACATCCACAAGCTGAAGG,0.81474
GGCCCGCAGGTCTAAGACCAAGG,0.68726
AGAGCGCCTCCAGGCCAAGAAGG,0.46097
TCTCCTCCTTCTTGGCCTGGAGG,0.56681
TGACGAACACAAAGGGAAAGAGG,0.58864
AACACAAAGGGAAAGAGGAGAGG,0.5288
ATTCGCATATATGTGGCCAAAGG,0.55602
TATATGCGAATCTATAAGAAAGG,0.45444
AAGCCAAAGAGAAAGGTACCTGG,0.65278
CTGGCGCTTTAGTTGAACCCAGG,0.59223
TGTGCTTCTCTGGGTGGAGCAGG,0.36568
ACAAAGTGTGCTTCTCTGGGTGG,0.63788
GCACACTTTGTGAGAACCAATGG,0.49316
CTTTGTGAGAACCAATGGGAAGG,0.64081
CAGCTCAGGCTCCTTCCCATTGG,0.4618
GGAATAGGTTCCAGCAGCTCAGG,0.49027
TCTCTCAGTACATCCAGCAGTGG,0.74244
TGGTGTGGGTGACATGGTGATGG,0.5495
AGACTTCCCGCTGCTGGTGTGGG,0.5359
CTGAACAGACTTCCCGCTGCTGG,0.40516
CAATTGATTACAGCTCCTACCGG,0.51
GCGTTCAAGATGTCGAAGCGAGG,0.80399
GATGGCGCCGAAAGCGAAGAAGG,0.44273
GCGCCGAAAGCGAAGAAGGAAGG,0.6532
TAAAGCTGAAGCCAAAGCGAAGG,0.62243
GAAGGCTTTAAAGGCCAAGAAGG,0.53588
TCCGCACGTCACCCACCTTCCGG,0.41923
GTCTTCGGCCGCCGGAAGGTGGG,0.76007
GTCGCAGTGTCTTCGGCCGCCGG,0.52405
GGCCGAAGACACTGCGACTCCGG,0.41619
GAGGATATTTGGGCTGTCTCCGG,0.42109
AGTACTGACTTGTTTCTCCTGGG,0.5111
GAAACTTGATGATAGCATAGTGG,0.9305
ATGGCAGACTCAGTGGTCAGCGG,0.72557
CAACACACTTGTGTTCATTGTGG,0.50356
CCGAATCAGGGTGTTGACCTTGG,0.45333
TAGGCCTGATGGAGAGAAGAAGG,0.61584
AAAGCCAAATCTCGCCAAGTAGG,0.55192
AATGGCACAACTGTCCACGTAGG,0.79933
GCGATCCATGCCCATCCGAAAGG,0.4946
TGTCTCAGCTCTTTGGAAAGAGG,0.42518
ATCTTCCTTCGAATGTGGGAAGG,0.69046
TTTGCGATTCTTGCTTCGGTCGG,0.44623
CCACACAGCCATCCAGACTGAGG,0.6231
GTATTCCTGCAGGCAAGCACCGG,0.70529
GCAGACCACCAGCATTACCGCGG,0.77197
CTGGTGGTCTGCATCACCACCGG,0.69742
ATTTGTCGAAGTTGATCCGGTGG,0.88367
TTACCTCTTCCTAGCCACCCAGG,0.64815
CTTTCCCAAAGTAGCCTGGGTGG,0.72901
TGAAGCATTACCACTTAAAGAGG,0.43944
TGACAGTTGGGCAGAAGCTCTGG,0.42126
ATTTGTCAAGGTTGACAGTTGGG,0.50337
GATCGCACCACATCAATGATGGG,0.58677
AATTTGGCCTTCACGATGACAGG,0.37302
GGAGGAGAAGAAAGCATTCATGG,0.43587
CTTTCTTCTCCTCCATGGTCTGG,0.31789
TCTCCTCCATGGTCTGGAAGCGG,0.67799
CCATGGCCGCTTCCAGACCATGG,0.56072
GCCATGGCCAAACTTGGAGGTGG,0.66974
AGGTGGTGTCAATGAACTTAAGG,0.42745
GCTGGTGCAGACGAAGCGGCGGG,0.60554
GCGGGTGCTCACCCTCCGCAAGG,0.61833
TGTGGTGGGAACCAAGAAGCGGG,0.60541
CATAGTGGACAAAGCCACCCTGG,0.62509
TGACAAGAGCATCAACCCTCTGG,0.48109
GTCAGATAGGTCATAGTCAGTGG,0.56893
GTGGCACGCGCTGGGCAGAAAGG,0.41112
TGCTCGTGTAGCCTTCTCTGTGG,0.89285
GACCCACCGAGGCCTGCGCAAGG,0.50698
TGTGAACCAAGTGTTTGGGCAGG,0.70331
ATGGAGATCCAGGTGAACGGAGG,0.82441
GCACTGGGCTCACCTGGGTGTGG,0.3939
CCGTGTCATTGCCCACACCCAGG,0.58633
CAAGTACTGCAAGAAATGGCAGG,0.63158
TTTCTTGCAGTACTTGGTAAAGG,0.38975
AGAGGCGTTTCTATAAGAATTGG,0.39901
TGTGGGCATTGTGGGCTACGTGG,0.61119
TGTAGAGACACCACCCATGGTGG,0.7465
GAACAAGAAGGAGGTGGTGGAGG,0.44668
AGAGGTGAACAAGAAGGAGGTGG,0.60695
TGTCTGTACATACTGGATCCCGG,0.67807
CGTGCGGGAAGTCGACAGGCCGG,0.5859
TGGCATGACTCACATCGTGCGGG,0.79219
TCATGCCAGCCTTGTATCCCAGG,0.48183
GCCTTCCTGGGATACAAGGCTGG,0.55055
TGTATCCCAGGAAGGCTGTGAGG,0.69543
GAAGGTGAAGAGCTTCCCTAAGG,0.65334
TGCCTGCTGCTGCGCTTCCGAGG,0.42438
GAGGGACCCATGTCTGGGAGCGG,0.55474
AGTTCTCCGCTCCCAGACATGGG,0.82713
ATACTACAGAGTGTGCACACTGG,0.74251
ACTGGTGTCCATCACTACAGTGG,0.69198
ACTCTGAAGATGATCAGACAAGG,0.82052
TTCACTGCGCAGCCTGGCATTGG,0.25576
CAAGAACCGCAAAGCCATCGTGG,0.57428
GGAAACATTGTGAGCGATCTCGG,0.39679
ACAAAGCACATGCTGCCCAGTGG,0.80661
GTTGCTTCCATAACCAATGTTGG,0.48012
CAGATCTTGATGCCCAACATTGG,0.48314
CGTAACTGGCGGAAACCCAGAGG,0.82809
ATTTCCTTCAGCGTAACTGGCGG,0.74525
CATATCGGTCTGACTGGTGCCGG,0.54153
AGCGTTTGACATACCGACGTAGG,0.69967
TATTGTAGGAAAGCCTACGTCGG,0.85998
GGTAAACAATTCTATTACCAGGG,0.53541
ACCTTTATACCAAGAAGGTTGGG,0.44319
TCTGCATGTGGTGTGTGCCCAGG,0.45743
AGCACACATGGAACCACCATAGG,0.63944
GTGCTAAATGTGTTCGTGACAGG,0.4186
GTACCCGCTGCGGAAGTACGCGG,0.79692
AGAAGCAGCAGCGGAAGGAGCGG,0.46956
GACCAAGAAGCAGCAGCGGAAGG,0.46919
TCTCCTCGTGCTTGTTGAGCCGG,0.46097
TCACCTTGTAGAATTTCCTGAGG,0.86131
CGCGTCGCCAAAGTGACAGGCGG,0.78317
ACAGCTGGACGACCTGAAGGTGG,0.64413
TCAAGGCTCGAGATCTTCGCGGG,0.55578
GACATGATTCGGGAGGTGTGTGG,0.60707
GCGCGCCATGGAGTTACTGAAGG,0.70548
TGAAGGTCTCCAAGGACAAACGG,0.40052
GGACGCACATCCGCGCCAAGAGG,0.61289
ACATCCGCGCCAAGAGGAAGCGG,0.55273
GGAGGAGCTGAGCAACGTACTGG,0.62716
GCAACGTACTGGCCGCCATGAGG,0.82783
AAAGTGACACAGTACAAGAAGGG,0.7235
GACACAGTACAAGAAGGGCAAGG,0.55292
GACAGGAAGCAGAGTGGCTATGG,0.53223
CTGCAGATCTAAGAGAATGCTGG,0.53378
GGAGGAGATAAGAAGAGAAAGGG,0.4974
CGGAAGCAGAGTGGCTATGGTGG,0.52231
GACACAGTATAAGAAGGGCAAGG,0.52964
GGTAAATACGGGACCCGCTATGG,0.37881
TGGTTCCTGCATGAAGACAGTGG,0.85199
TGCATGAAGACAGTGGCTGGCGG,0.70236
GCCAGCCACTGTCTTCATGCAGG,0.59438
CTAGACTCACTTGTACGTCCAGG,0.60997
CGTGACAGCGGAAGTGGTACTGG,0.37922
ACATTTGGCATCCTTTCGTCGGG,0.48171
CAGTGATGACCAGGGTGTAAAGG,0.47026
GGTAGGTAAGAAAGGAAAGAAGG,0.56336
ATTACCAGGGATGTTTCTGAAGG,0.54856
ATCATCTATAATGAGGATAATGG,0.40046
CCCTGCGCTGGATACGGCGACGG,0.51062
GCCAGCTCTCATTCGCTGAGAGG,0.47426
TGAAGGCTACAAGAAGACCAAGG,0.82996
GTAGTTGAAGATAAAGTTGAAGG,0.49187
TCAACTACCAAAGGAAGTTCAGG,0.45354
CCTTTAGACATGACCAGTGCTGG,0.50095
AGACATGACCAGTGCTGGTAGGG,0.4615
GACCAGTGCTGGTAGGGCTGAGG,0.48651
GGCAGCCAGGGCAGAACAGATGG,0.48305
ATACGCCATCTGTTCTGCCCTGG,0.40672
TGTTCACTCTACGATGCCAACGG,0.61716
GGTGGTGGGACTCACCGCTCTGG,0.44556
AGTCCCACCACCTCGAACTCTGG,0.4061
CGAATTCCCAGAGTTCGAGGTGG,0.69582
TATGCTGTCAGTGAATTAGCAGG,0.62386
ATAGGAGCCTTGAATACAGCAGG,0.54563
TCGGAGTACACCGATATCAGTGG,0.65067
GTGTGCTCGCCCACTGATATCGG,0.4859
CACTTGGTATCTCTTAAAGTAGG,0.4759
GTGAAATTTAGAAGACGACGAGG,0.66498
GATTGCTTATGCCCGTATAGAGG,0.49728
GACTGGTGATGAATACAATGTGG,0.83248
AAATAGCAGGTGAAGGCACCTGG,0.48423
TGCATCCAAATAGCAGGTGAAGG,0.61876
GGCCTTGCCAGAACTACCACTGG,0.5452
TCCATCCACAGCTCCCTTCAGGG,0.44355
TGCTTTCAGAATCATAACCAGGG,0.56702
GAACAGCGTAACTCCAGACATGG,0.74276
TCAGAGCAAACACAGATCGCAGG,0.62751
ACACAGATCGCAGGTAGCCCTGG,0.512
CGCAGGTAGCCCTGGAGCTGAGG,0.42463
CAAGATTGATCAGAAAGCTGTGG,0.54549
CGGAAGCCCAGACACCAGGAAGG,0.69892
ACTTCAAGAAGAAGAAGCTGCGG,0.69146
GGAACTCGATTGAGGACCAGAGG,0.7464
AGTGGCTTATTACTTGTGACTGG,0.39132
CAAGAACGGCGGTACCCGGGTGG,0.80724
GTTGGTGGTGACAAGAACGGCGG,0.92553
GTACTCAGCCGCTAAATCCAAGG,0.69215
ACCTGCCAATTCCTCTGACAAGG,0.58625
CCTGTCCTTGTCAGAGGAATTGG,0.25814
GGACAGGGTTGCGGCTGCAATGG,0.34359
GAAGGTTGATGCTGGTGGCAAGG,0.57967
GCCAAGAAGGTTGATGCTGGTGG,0.4701
GAAGAAACCCGAAGCCAAGAAGG,0.54275
TGGAGATGCTGGCAACAGGGAGG,0.70842
TTTGTAGAAGGTGGAGATGCTGG,0.41079
AAATTGTCTTCTCCACGAGGTGG,0.56869
AAGACAATTTGAAGGGCCACAGG,0.47597
AAGAGGCAAATAACTTCCTGTGG,0.63887
ATACGGCATCATCTGCATGGAGG,0.67582
TGTAGAGCCATATATTGCATGGG,0.56526
AGCCTTGTTGAGCTTCACAAAGG,0.61404
TTCCATTGAAGATTTGACGAAGG,0.60703
CGTTTGTCATCAGAATCAGAGGG,0.6453
GTACAGAACTGAAATTCGAATGG,0.52055
TTTCCGGCTGGAACCATGGAGGG,0.69221
TGCCCAGCCGAAAGGAAAGAAGG,0.49084
GCCGAAAGGAAAGAAGGCCAAGG,0.42075
GAAGCAGGAGGCTAAGAAAGTGG,0.57931
AGAGAGCCATCCTCTATAAGCGG,0.5557
GTGAACTGGTTAATCGCAGGAGG,0.75723
TGCGATTAACCAGTTCACCCAGG,0.60396
TGTCTCTGGTCTGTACTTGTGGG,0.48643
AGAGAAGAAGCAGAGACTGTTGG,0.58288
CGGGCCGAGAAGAAGGCTGCTGG,0.37262
GTTCTCCACCAAGGTGGTGACGG,0.63821
TTTCTTGTTCTCCACCAAGGTGG,0.68125
GGAGAACAAGAAAGCTCAGCTGG,0.51068
GGTGGTGATTGCACACGACGTGG,0.65948
CAGGCAAGAAGACAACCAGCTGG,0.54203
TTACTGCATTATCAAGGGAAAGG,0.45063
CAGTGGTGCAGGTCTTCCTGTGG,0.58487
CACCTGTGTGAAGGCGACAGTGG,0.64249
TTACGAGTTCACCTGTGTGAAGG,0.64104
TAGGGAAGACAAAGGCGCTTTGG,0.38413
CCCGGAGACGTCCAGTCCGGCGG,0.64984
GGCATCTCTGCGGATGGTGGAGG,0.35464
GAACTGCTGGCCACGAGTACGGG,0.37859
ATAAGGCAAAGAGGAACTGCTGG,0.49549
GACAAACCCATCTTGAAGGCTGG,0.48668
ACAGGTGTGGTGGCTGGAGGTGG,0.37263
AACCACAGCTCTGTTGGCTGAGG,0.49461
GGAGATAACCTTCTTGGAGCCGG,0.50416
GCAAGCTGGCCCGGGCATCAGGG,0.60697
ATGCCCGGGCCAGCTTGCCACGG,0.49424
GAGGAGAAGCCTGGAGACCGTGG,0.54386
TACAATCGTGTGCTGCCTGGAGG,0.65723
CAGCACACGATTGTACCCTCAGG,0.57206
ATTGGCAATGTGCTCCCTGTGGG,0.61621
CTTGCAGCCCAGCTCAACATTGG,0.49669
CTGGCCCGTGTGAATGCCCTCGG,0.40577
GCCCGTGTGAATGCCCTCGGCGG,0.63339
GAGCTGTTCATTGCCGCCGAGGG,0.63335
CGGATCCCGGAAGACCACCTTGG,0.65012
CAGGACATCATCCACGACCCGGG,0.80323
CTACATCAAGGGCATCGTCAAGG,0.50397
GAGCGGCACGGCTACATCAAGGG,0.50918
GTGGATTTCGCTGAGCGGCACGG,0.62835
GCGCCGTGGATTTCGCTGAGCGG,0.7559
GCGCACGTGAAGCACCGTAAAGG,0.59003
GTGCGCGCGGAACACAGACCCGG,0.63755
CGTGGACAGAGGAAGGGCGCCGG,0.51921
GTGATCCGTGGACAGAGGAAGGG,0.73027
TCCACGGATCACACGGCCCATGG,0.59049
AAAGATGAATTAATCCTTGAAGG,0.31344
CGCAGGGTTCGGATGAGACCAGG,0.66462
CAACAAGAGACCCATTCTCCTGG,0.39295
ACACAGACCTCATCTTGTAACGG,0.54226
AGGGCTTCCGTTACAAGATGAGG,0.65287
CATGATCAAGGGTGTTACACTGG,0.65025
CATGTACAGAACATGATCAAGGG,0.7161
ATGACTACAAATAGTCCGAACGG,0.60918
GAAAGGAACTGGCTACCGTTCGG,0.51326
GCTCCGGGTTGACAAATGGTGGG,0.7808
TGTGATTGAAGTCCCTCCGCAGG,0.55934
CTAGTCGACATTACTCTGAAGGG,0.61498
TGCTTTCTCTTACAGAGAGGCGG,0.56691
TGGTGCCGACAAGAAAGCCGAGG,0.63031
TGGCACAGCACTCCGTCTGTAGG,0.69411
GACCTGCGAGACTCACAAGAGGG,0.60966
GTAGCCGTCCAGAGACTGGCAGG,0.70907
TCTCTGGACGGCTACGGCGTAGG,0.44356
AGGGTGGCAGGCACAATCTCCGG,0.35206
GAAGGTAATCACGGAGATACTGG,0.43974
GAGATACTGGATACCCTCATTGG,0.57759
ACTGGATACCCTCATTGGTAAGG,0.45457
TACTGGTACCTTACCAATGAGGG,0.52452
GTACCAGTAGAAATGTCTCCAGG,0.62438
CAAGTCCCGAGGCTACGTGAAGG,0.75722
TTACAGTCTCTCAAGTCCCGAGG,0.86509
GGCCTTCATGACATGAAGGTTGG,0.53153
GCTCCGGGTGCTTAGGCATGTGG,0.50862
GGGAGTCATGGTGGCCAAGAAGG,0.38568
GGAGTTCATAAATGGCAATCCGG,0.45657
CCTGCTGGGAGAAACTGGCAAGG,0.52773
CTGGCAAGGAGAAGCTCCCGCGG,0.68194
GTACTACAAGAACATCGGTCTGG,0.48114
TCTGGGCTTCAAGACACCCAAGG,0.76634
AATGGACACATTACCAGTGAAGG,0.59031
TGTAGTGCAGATAGTCTCGGCGG,0.78393
TCTTGTGGCGCTTCTCGAAGCGG,0.63399
CACTGCGCTCACCTGAAGCAGGG,0.59567
GCACTGTCTTGCTCAGAGGCCGG,0.51605
CAACGTGCTCAAGGTCACCAAGG,0.62726
CTCAAGGTCACCAAGGCTGCCGG,0.52134
CTGGAACTGCTTCTTGGTGCCGG,0.33057
TGCTAGGCCATCGTGGATGAGGG,0.71626
ATCCACGATGGCCTAGCACGTGG,0.6845
CAAGCACACAAAGATGGGCTTGG,0.41259
GGATGCAAGCACACAAAGATGGG,0.50662
TATGTATGTCAAGTTGGTGGAGG,0.64698
AAGAAACTAGGAGAATGGGTAGG,0.76988
GGACTATGGCAAGGAGTCTCAGG,0.43489
ATCATCTACAGCCTCTGCCCTGG,0.60868
GCATCTTGAGAGGAACAGAAAGG,0.6347
CTGTTCGAAAGCATCTTGAGAGG,0.52841
GTTGACATCTGACGACGTGAAGG,0.79449
CAGGAAGGGCCTGTCCCAGTCGG,0.52285
TGGGTCGCATGCATGCTCCCGGG,0.6529
GGTATGAAGATCGGGCGGATTGG,0.47669
GGATGTGGCCCAGAGGTGCAAGG,0.53012
GCAGCCAACATAGCAGCATATGG,0.55332
GACTGGTGGGATGAAGGTAAAGG,0.5942
CCGTGTGACTGGTGGGATGAAGG,0.46203
CCATCTGCCGTGTGACTGGTGGG,0.62788
TGCCAGAAAGATCAGTGACATGG,0.73498
CATTGAAGGATGCAAAGATATGG,0.49017
CTCGGACCTCAGGTGGCTGAAGG,0.50507
CATCAGCCTCGGACCTCAGGTGG,0.55316
GCGGTAGGTGAACTTGCGGAAGG,0.87321
GTCGAGGTCCACGCCGCGGTAGG,0.67713
ACAGTGCGCGCCAGCGGCGGCGG,0.3984
GGCGCCGCCCATGGAGAAGCCGG,0.46585
AGTGGTGAAGACGCACCTGCGGG,0.55654
GTAGGATGATCATGTCCCGCAGG,0.77546
CATGATCATCCTACCCGAGATGG,0.56749
TGCTGCCCACCATCTCGGGTAGG,0.53785
AGCATGGTGGGCGTCTACAACGG,0.51198
CAACGGCAAGACCTTCAACCAGG,0.78123
TGGAGAACTCGCCCAGGTAGTGG,0.57347
AGGTGATGGAGAACTCGCCCAGG,0.68078
ATGGTCCATGATGCCAGCTGAGG,0.79717
ATTGTACTGACAACCTCAGCTGG,0.46702
TGACGTGCAACTCAAAGACCTGG,0.54299
TTGTTGTGAACCTCACAGGCAGG,0.53058
CTCACTGTGATGATGAAGCATGG,0.60403
TCATCATCACAGTGAGAAACCGG,0.57239
GAGAAACCGGACGATGACTTTGG,0.49398
CGTGCTCCAAAGTCATCGTCCGG,0.56917
AGCACGGCCTAATAAGCACCTGG,0.54946
AATGGTGCGCATGAATGTCCTGG,0.47951
GTCACGATGGGCTTATCGGTAGG,0.6208
GGTCAGCTACCAGCAGGGTCCGG,0.55758
GGGTCCGGTCATACTGGATGAGG,0.74952
GTAATAGGCCACCAGGGCTTTGG,0.31232
TCAGTCCATCTCCAAAGCCCTGG,0.60199
TGCGCGGCTCAATCATCTCCAGG,0.32402
GTCTCATCAAGGTGAACGGGCGG,0.79438
ACGCGGCAATGGTCTCATCAAGG,0.57974
GCTGTGGCGCACTGCAAACGCGG,0.5921
ACAGAAGACAGCGACAGCTGTGG,0.50475
CAGCGGGCCCTTGGACGGCATGG,0.3894
TTGAAATTCATCCCAACTGTAGG,0.49908
AGGTCACTCAGCCTACAGTTGGG,0.65145
TGGACAGACTGCCGAAGTCCTGG,0.45963
TTCAATAATCTCCTGATCCAAGG,0.53818
GTAGGTCTCAGCCTTGGATCAGG,0.41485
GAGAGACAATTATGTTCCTGAGG,0.73556
CTGATGAAGCGAATTCAGAGAGG,0.78068
TCGTGTGGAAGTCGTTGCCCAGG,0.50345
GTACTCAACACCAACATCGATGG,0.61496
CTTAATGGCAGTGATGGCAAAGG,0.54919
ACTTACCTTAATGGCAGTGATGG,0.49296
GGGCCGAAGATATGCTCATGTGG,0.60124
CAGACATTGACCTCACCAAGAGG,0.68518
ATTGACCTCACCAAGAGGGCGGG,0.6717
GTTCTCCCGCCCTCTTGGTGAGG,0.64789
GGGAGAACTCACTGAGGATGAGG,0.53266
TGGTGATCACACGTTCCACCTGG,0.58647
ACCAGTCTGGGATCTTGTACTGG,0.40953
GTCTGTTCAAGAACCAGTCTGGG,0.45869
CTGGTTCTTGAACAGACAGAAGG,0.76198
TGAATCCAGGTCCTAGCCAATGG,0.73632
GAGCTTGTTGTCCAGACCATTGG,0.67509
CAACAAGCTCCGTGAAGACCTGG,0.53808
TCAGTCGCTCCAGGTCTTCACGG,0.4255
TGTGCTGGCCTCGGACACGAAGG,0.74014
ACCAAGACCACTGGCCGCCGTGG,0.54996
GGTGCGGCCACGGCGGCCAGTGG,0.52547
CCAGCTGTGGCTACAACATAGGG,0.46646
GCGGACTCAGGCTCCAGCTGTGG,0.5676
ACACCAGAGTCTCCGTGCAGCGG,0.72244
CTCTGGTGTGGGTCTTGACGAGG,0.49983
GTGGTCAGTGAACTCCTGATAGG,0.56891
TGAATACAGTCTCCTTCCAGAGG,0.88593
ACAGTCTCCTTCCAGAGGTCGGG,0.43001
GTAGCTGTAGGTCTTAGAAATGG,0.52498
TGACTGCTACACCTCAGCCCGGG,0.56858
ACGCCTCATCCCTGCACCCAGGG,0.51317
GTACCAGCACAGAGCCGCAGCGG,0.62302
CTACCTTGCAAGGGACAGTGTGG,0.62795
GGAGAGCTTGGCCAGGATGATGG,0.39505
TGTTAAGTGCTCCAAGGAGGTGG,0.51951
TCTGGGTGTTAAGTGCTCCAAGG,0.67135
ACTTAACACCCAGACCGACGTGG,0.7182
TACAATGGCCACGTCGGTCTGGG,0.44704
ACAGCCGGGTACCTTGAACCTGG,0.5994
GTGCAGAAGCAGACCCGTGCCGG,0.46625
CATGAAGATCAAGTCCCTGGAGG,0.68412
CAAGTTGGGCCGCTTGGTCAAGG,0.45913
CCTTGCCTCCGCGAGCTCCGCGG,0.57946
AGGTTTCGGCAGTGGCATCCGGG,0.39528
TGCCACTGCCGAAACCTCCGCGG,0.71715
GGCCCTGGTGGCCCTGGGATGGG,0.19975
GCAGAACCCATGGATACAGAGGG,0.74416
ATCTACAGATGCAGAACCCATGG,0.61998
GTTGACTTAAGCATCTGCAATGG,0.76009
GTGACTTCCACCTCAACTCCTGG,0.50746
TATTGAGCCAGGAGTTGAGGTGG,0.6573
TGGTGAAGGTTCTAAGACGTGGG,0.68007
GTCTTAGAACCTTCACCACAAGG,0.60028
CCGATTTACTTTACCTTGGTAGG,0.3348
GTGTGTGCTGACTTGATAAGAGG,0.58495
AACACCCGTGGAGCCGGAGGTGG,0.43085
CTGTGCCCGATGCGTGCCCAAGG,0.41679
TAGTGGAGGCCGCAGCAGTCAGG,0.3705
AGAAATGTCCCTGACTGCTGCGG,0.52439
TCTGAAGCGAGCGTCTTCGATGG,0.57581
ATACAGCTTGGGAAGCACATAGG,0.80919
TGTAGCTTCACATACAGCTTGGG,0.62267
AAGAACTCAGCTCCTTACATGGG,0.56519
CCTTCATCCCTCTCCAGAAGAGG,0.44464
GAAACACAAGAAGAAACGCCTGG,0.72112
GCATTTCACATCCATGAAGTAGG,0.50903
TTCATGGATGTGAAATGCCCAGG,0.64528
TTGTGCATGGCTAAAGACCGTGG,0.81172
TGTAGGCTGGCAGAGGACAGTGG,0.58184
GTCCTCTGCCAGCCTACAGGAGG,0.69213
TTAGTGCTGCTTCCTCCTGAAGG,0.54017
AAAGGCCAAGATCCAGGATAAGG,0.52193
GCTGGCAAGCAGCTGGAAGATGG,0.51963
GTGCTTATTCTTCTTGGGAGTGG,0.4296
GAATAAGCACAAGAGAAAGAAGG,0.54816
CAGAAGGGCACTCTCGACGAAGG,0.59014
GAGTGCCCTTCTGATGAATGTGG,0.60237
CAGCACCACATTCATCAGAAGGG,0.68115
CACTTTGACAGACATTATTGTGG,0.46224
CGTCAGTACGCGAAGGATATCGG,0.37895
GTGTTTCCGTCAGTACGCGAAGG,0.73187
CGTACTGACGGAAACACTGGCGG,0.70434
AACACTGGCGGCACATATTGAGG,0.41484
GGTGGCTCCAGTACAGCTGCTGG,0.58272
TGGGTCACCAGCAGCTGTACTGG,0.43656
ACTCGGGAGCTGGCTGAAGATGG,0.53235
AGGTGCGAGTTACACCAACCAGG,0.56114
ATGTTCTTGGTGAGAAGGGCCGG,0.53063
CAGTCAGTTCCCGAATCCGCCGG,0.62698
TGACTGCTGTAGTTCAGAAGAGG,0.60311
GCTGTAGTTCAGAAGAGGTTTGG,0.46382
GAAGAGGTTTGGCTTTCCAGAGG,0.7159
AATGGCACACAGACCTCTAGTGG,0.61205
AGGTCTGTGTGCCATTGCCCAGG,0.44207
CAGAGACTCTGCCTGGGCAATGG,0.3849
GTAACGCAGAGACTCTGCCTGGG,0.5878
TCTCTGCGTTACAAACTCCTAGG,0.64243
TCCTAGGAGGGCTTGCTGTGCGG,0.48455
GGGCCTGCTATGGTGTGCTGCGG,0.63294
GTGGTGTCTGGGAAACTCCGAGG,0.78832
GATGGCCTGATGATCCACAGCGG,0.90901
AGTTAACAGGGTCTCCGCTGTGG,0.59092
TGTCAACGTAGTAGTTAACAGGG,0.59094
AGGTGAAGATCATGCTGCCCTGG,0.44471
ATCTTACCAGTTGGGTCCCAGGG,0.50163
CTGACCAGCACCATGGCGGTTGG,0.6605
CTTGTTCTTGCCAACCGCCATGG,0.3481
AAGAACAAGCGCCTTACGAAAGG,0.41378
ACGCTCGTCACCAGGACCCAAGG,0.7427
AACTGCCTGACTAACTTCCATGG,0.51109
CCTGACTAACTTCCATGGCATGG,0.47656
CACGGGTAAGATCCATGCCATGG,0.69458
GTTGATGTCAAGACTACCGATGG,0.74115
CAGACGAAGCAAGTAACCATCGG,0.79611
TCATCTTCTTCCGGATTTGGCGG,0.4311
GATGGAAATCATGACCCGAGAGG,0.8802
GACAAATGACTTGAAAGAAGTGG,0.61362
CTCTCTCTTCAGCAATGGTGAGG,0.61187
GTTCACGTGAAAGATGCCAATGG,0.71273
GTGTGATCACCAACAGAGAGAGG,0.63902
GTGACTGGAGGTGCTAACCTAGG,0.67287
GGTAACCTGTGTATGGTGACTGG,0.5981
GATTTCATCAAGTTCGACACTGG,0.53882
GCATCATGAGTCACCAGATGAGG,0.52298
ATGTACAGCAAAGCGACCCTTGG,0.63187
CGTCTGATCTATGACACCAAGGG,0.81916
GTCATCAGCATTGACAAGACGGG,0.74542
ACCCATGAATCCAGCAGGGTAGG,0.61712
TAAAGAAGATTTGCATGCAGCGG,0.63505
GGAGACACTCTCTCAACTTGTGG,0.37872
CAGGCTCCTCGTCCATCCACCGG,0.75145
TAAGATACTTACAAACACACCGG,0.79659
GGGTGGCAGCTCCAAAGCATTGG,0.54236
CAAGAAGCATCTGAAGCGGGTGG,0.64253
CCTGTCCCAGGATGACCGAGTGG,0.71503
GGAGACAGCAGCACCAGCGGTGG,0.53437
ACATCAAGCTCTTTGGGAAGTGG,0.43062
GATCAATGACATTTCCCTGCAGG,0.43903
GCATACCGCCCTGCACTGTGAGG,0.77617
GCATCATCATGGAGTTAGTGAGG,0.80469
GAGCAGGTGTATGATCTCGAAGG,0.73324
CATACACCTGCTCACAGGCGAGG,0.67032
CGTTCACCAGGACCTGCAGAGGG,0.81228
AATGCGTGTGGAGTCCTCCCGGG,0.51354
CGCCGGGACTGTGAGACGACAGG,0.63414
GACTGTGAGACGACAGGCTGTGG,0.45284
GCCATCTGGCTGCTGTGCACAGG,0.41582
GCTGTGCACAGGCGCTCGTGAGG,0.56298
AATGGTCTTAATGTTCCGGAAGG,0.70759
ATCTGCCAGGCACTCAGCAATGG,0.52606
GAAGGACGAGCTGGAGCGTGTGG,0.47919
AGGGCTTTCTTACAACATACTGG,0.50035
ACTGTAGTATCAGTCAGTCCAGG,0.69329
TAAGGAGAGAAGGATATTCCTGG,0.36714
TGTTACAGACCAAGGAGAACTGG,0.58833
GGCATTCCTGTTACAGACCAAGG,0.60463
GTCCGCCTGCTACTGAGTAAGGG,0.54983
AAGCAGGGTGTCTTGACCCATGG,0.64957
AGTGGTGGGAACGACAAACAAGG,0.72939
ATGTGGTCCGAATCAGTGGTGGG,0.73774
GAAGTTGCTGCTGACGCTCTGGG,0.43924
AGCGTCAGCAGCAACTTCTGTGG,0.49329
AATGAGTTTCTGGCAGCCAGTGG,0.60934
GTTTCTGGCAGCCAGTGGCTGGG,0.55379
AACATCTCCTTCCCAGCCACTGG,0.48429
GTTCGAGTCCGGCATCTCCCAGG,0.59894
GGAGATGAACTCGGACCTCAAGG,0.57838
CGGACCTCAAGGCTCAGCTCAGG,0.46393
GCTGAATATTACGGCAGCTAAGG,0.45939
GCATGTCGTCTTTATCGCTCAGG,0.41288
GAAGACCAAGTCCTCAAGGATGG,0.68207
GGTCTTCCCAAGCGAAATTGTGG,0.37529
CAAAGCACAGCAGAACAATGTGG,0.71598
GCAGAACAATGTGGAACACAAGG,0.61224
TGGTGTCTATAAGAAGCTCACGG,0.58558
ACTCATACTTCCGCTTCTTGTGG,0.44834
GCGCCCAGCTGCCAACACCAAGG,0.57448
GCTCGCACCCACCTTGGTGTTGG,0.48553
ACGGACTGTGTGGATGCGGCGGG,0.48541
ACAAGAAATACCGTGCCCTGAGG,0.845
GCTGGTTCGTACCAAGACCCTGG,0.71458
CACGATGCAATTCTTCACCAGGG,0.82341
ACAGCACACCGTACCGACAGTGG,0.71262
AGTGGGACTCGTACCACTGTCGG,0.73713
CCAGCTTGGCTCCCTTCTTGCGG,0.35902
GGAAGTAACACGCACCAGCTTGG,0.49498
CCTGGAGGAGCAGTTCCAGCAGG,0.50349
GCTTCAAGGCCGGGACAGTGTGG,0.75435
TCTGCTCGGCCACACTGTCCCGG,0.44685
TGTGCTAGAGGGCAAAGAGTTGG,0.57167
AAGCGGAGCCAACATGCCAGTGG,0.51247
GAGCCAACATGCCAGTGGCCCGG,0.43816
CAAACCCAGCTCCGGGCCACTGG,0.43149
TTTGCGACAAACCCAGCTCCGGG,0.41031
ATTTCTCGAAGGGTCTCCGCGGG,0.59249
CACCAGGCGAGTATGGGCTCCGG,0.44597
TGGGCTCCGGAACAAACGTGAGG,0.80854
CTGGAGGGTCAAATTTACCCTGG,0.6166
TACCCTGGCCAAGATCCGCAAGG,0.59417
AAGCGTCAGCAGTTCCCGGGCGG,0.67199
CGCTTGATGAGAAGGACCCACGG,0.70668
GACCCACGGCGTCTGTTCGAAGG,0.68371
CACCTTCGAACAGACGCCGTGGG,0.79826
TCCCAGGCAACGCCCTGCTGCGG,0.51194
CTGCGGCGGCTGGTCCGCATTGG,0.22085
GGATGAGGGCAAGATGAAGCTGG,0.50405
GATGAAGCTGGATTACATCCTGG,0.50632
GCTTGAAGACCTGGGTCTGCAGG,0.35756
CAAGCCCAGCTTGAAGACCTGGG,0.57416
CAGCACGCGAGCGTGGTGGATGG,0.56865
GGCGGATCAGCACGCGAGCGTGG,0.55119
GGTGGTACCTGATATGGCGCTGG,0.54952
CCAGGCGGACAATGAAGGACGGG,0.58979
GGAATCCAGGCGGACAATGAAGG,0.59638
TGGCATTCTTCCTCTTCACGCGG,0.44075
CTCGGCAGAAGCGAGACTTTGGG,0.34038
GTGGATGAGTTTCCGCTTTGTGG,0.36216
GTTTCCGCTTTGTGGCCACATGG,0.60992
ATGGCTTCCATATCCGGGTGCGG,0.59712
TTGATGCGGATGACGTGGAAGGG,0.55411
AGGACAACATCTTGTTGATGCGG,0.5933
AGGCACCTCGCATGCCTGTTTGG,0.21633
ATGCTCCTTGTTCTGCAGCTTGG,0.30121
AGGGCCAAGTTCAAGTTTCCTGG,0.25902
CTACATACCTTCTGGCGGCCAGG,0.44363
AAATTCATCAGCATTGAACTTGG,0.38839
TTGTCCAGAGGGCCACGATTGGG,0.34668
GGACAGGAAGTAGAATTTATTGG,0.30365
ATACAAAGACATAGGTGGACAGG,0.53626
TGTAGATACAAAGACATAGGTGG,0.70876
CTTTGTATCTACATTCTTGACGG,0.30313
GAACTTCCTCTGGGAACCTTTGG,0.24546
AATGACCCAAAGGTTCCCAGAGG,0.88583
GTGAAAGGGCAATGACCCAAAGG,0.68416
TGCCCTTTCACTTCAGAAACAGG,0.28248
ACAACTCAGCCCTGCTCATGAGG,0.68997
CCTCCTCTCTCGAAGGTTCCTGG,0.21861
CGAGAAGCGCTTGTCCTTCTGGG,0.16017
CTGTGACGAGGCTAAGGCCGTGG,0.56053
CTTCATTTGGAACTTGATTGTGG,0.35971
CTCCTCCCAGGTGTTATGTCTGG,0.32042
TCACCTGGCTGTCAACTTCTTGG,0.26817
CATGGTGCTCTTGATATATAAGG,0.26308
ATTCAAATGTGCCTTAATATAGG,0.29479
CTGTCAGATCCTTTGGCATCCGG,0.31803
GGCCAAGGCAGAAGAAATCTTGG,0.37348
AATCTTGGAGAAGGGTCTAAAGG,0.48988
CGGGAATTTATTTGCCAGGAAGG,0.35019
GCTCTTACCAGAGAGTTCTCTGG,0.62363
TTCTGTTTCTTTCTGTCTCTTGG,0.19264
CCTTGAGGGCTTTGATGATCAGG,0.26405
CAAGACCATGCCATTCCGGCTGG,0.46436
CTGCCAGTCCTTGTGGAAGTGGG,0.39473
CGCGCCGCTGCCAGTCCTTGTGG,0.4051
TGCGGATCTTACGGGCCGGCTGG,0.39982
GCGGCGCGCCTTGGCTTGCCGGG,0.21369
CAGCGCACGATGGGCCGGATGGG,0.35804
GTGGACTTGTTCCGCCTCCTCGG,0.43346
CCCTGCAGGCCAACGTGCAGCGG,0.45898
CATGACCGGTCCGGTCAGCTGGG,0.58526
AGCCTTCGCTAGTCTCCGTATGG,0.49198
AGCCAAGGAAGCCGCAGAACAGG,0.42919
AGGCCATCTCCTGGGCCGCCTGG,0.28096
GGCGGCCATCGTGGCTAAACAGG,0.26751
TGTGAAGGCATCAACATTTCTGG,0.20303
CAGAGCGGCCTGGCCTCGCTTGG,0.31163
CACCTTGAGACGGTCCAGAGCGG,0.67508
CGCACGACCTTGAGGGCAGCAGG,0.30267
CTGGGACTCACCTTTCTTGTAGG,0.3408
TCCAGCCAACCTCGTGAGCCAGG,0.35131
CTTATTCTTGGCAGAGGCTACGG,0.3144
TTGGCAGAGGCTACGGAAACAGG,0.36479
TTTCTTCTCCACGTTCTTCTCGG,0.21144
GCGCTTCGTGGAGGTTGGCCGGG,0.45936
TAGATGTTATTGATCAGAACAGG,0.40722
AGAAGTATGTCCGACAAGCCTGG,0.56953
TTCTCTGGCTTCAATCTTCTTGG,0.16933
TGGGCAGGAACCTTCTGGGCTGG,0.33793
CTTTCTGGGCAGGAACCTTCTGG,0.24038
TTTCTGGCCTGTGGCTTTCTGGG,0.22654
AGGCGCTGCTTTCTGGCCTGTGG,0.42329
TTGGAGCAGGCGCTGCTTTCTGG,0.13006
GCACCTGCTCCAAAGGCATCTGG,0.40592
GCTTTCTTGCCAGATGCCTTTGG,0.33525
TTGCCGTAAGTTGCACCCTTAGG,0.45023
GGCTTCGAGCAAACTTTAGCTGG,0.40989
TTCCTATTCTAGGAGCGAGCTGG,0.48482
GATTTCTTCTGATAGCTTTATGG,0.21924
TTGGTGATCCACTGGGTGTCAGG,0.29317
CACGCATCTCCCTGTGCTTGTGG,0.32267
GGCCGAAAGAGCCGTGGCCTTGG,0.2625
TGTGGCCCTTTCCAAGGCCACGG,0.40499
GTGGCTCTCGCCGGGCAGCTTGG,0.30747
AGTGAGAGTGAGACTCCATCTGG,0.42687
GAGTCTCACTCTCACTCAGGTGG,0.50087
TCAGTTTCTTCTGGGATATCTGG,0.18252
TTCTGGGCAACCTCCTCTTCTGG,0.15606
GCAACCTCCTCTTCTGGTTTAGG,0.2422
TCTTAGGTGCTTTGTTCACTTGG,0.27385
TTTCTTTCAGGCCAAGCAATGGG,0.24493
CCACCATTGTAACGTCGGAATGG,0.54646
CAATCTTCGTGTTCACTTTAAGG,0.185
TTTCTAGCATGCAAATCAAGAGG,0.56868
ACGCTCGAACTTCCGGCCCTTGG,0.4431
GGACAGTGCCACAGCCCTTAGGG,0.30338
GATCCTCACTTTCGACCAGCTGG,0.42268
CTGCCCTGAGGATGCGGCTGCGG,0.29236
TGCACTGCGCGTGACCAGCCGGG,0.55735
CCGCCAGCTCACCTTCAGTTTGG,0.32458
AACTGATGATGTGCGGGTTCAGG,0.2974
AACCCGCACATCATCAGTTATGG,0.40071
ATCCGGAAGATGAAGCTTCCTGG,0.40537
GGCCGCCTCTGTCCCTTTCCCGG,0.2457
TGTTTATGAGTCGCACCAACCGG,0.51322
GAATGTGGAGTTGGTTCTTCTGG,0.20378
TGGCCAGAAACCTGTATAACTGG,0.24523
TCCCGTCCCTCCAGTTATACAGG,0.31739
CGCCATGAAGGCCTCGGGCACGG,0.4312
CAGACCGAGACATGGGTGCCCGG,0.46981
GTGGGCTCGGGCGCGGTGCCGGG,0.20154
CTCCACCTTCATGATCTGAATGG,0.42987
TCGCGGCCAGCAAGTGCCGCCGG,0.4118
AGCCGGCCGGCGGCACTTGCTGG,0.24041
GAGGCCCAACACCTTCTTCTAGG,0.41119
CCTCCGCTGTGGCAAGAAGAAGG,0.56709
CTTTCCCAGGTCAGCAGATCCGG,0.37846
ATCCGGAAGCTCATCAAAGATGG,0.44399
AGCCTGTGACGGTCCATTCCCGG,0.24599
AAACACCTTGGCCCGCCGGAAGG,0.37503
CCTGCCCTTCCGGCGGGCCAAGG,0.29546
TGTGACCTTCTCTGGCATTCGGG,0.33363
CTCATCCATGTGACCTTCTCTGG,0.25324
TTACGCCAGGAGCTTCTTGCGGG,0.38028
CCTGACCAGTGACCAGGCTGAGG,0.49498
GCGGGCCTCAGCCTGGTCACTGG,0.43815
ACGGCGCTTGCGTGCTTCCTTGG,0.24092
GCGCCGTGAAGAGCGCCTCCAGG,0.39004
CTTGATGATCTCCTCCTTCTTGG,0.27624
CACGTTTCAGGAAGCTATCTCGG,0.37946
TGCCAGCATTGGATGCAATCCGG,0.2575
AATGCAGGTTCTGCCATTACAGG,0.31314
CCGGAAGACCCAAGGAAATCCGG,0.27764
ACACCTTCCTTCTTCGCTTTCGG,0.22234
GCGCTCTTCCGAGGATATTTGGG,0.28958
GATAGCATAGTGGTCAAGCCTGG,0.52901
CTGTTTAATCTGGTGCTTGTTGG,0.28465
TCTTCACAGCCTGTTTAATCTGG,0.29126
TTATTCCTGCATCTTCTCAATGG,0.44125
AGAAACCATTGAGAAGATGCAGG,0.6277
CAAATCTCGCCAAGTAGGAAAGG,0.4657
GAGATTTGGCTTTCCGTTCGAGG,0.33705
GCAAAGTAGTCCAGGTTTACAGG,0.24178
CACTATAAAGGTCAGCAAATTGG,0.37914
CCTGAACTTCATCATCCTTTCGG,0.25686
GGCCACGTGAGCCACGGCCACGG,0.4341
TACCTATGCGGCCGTGGCCGTGG,0.41629
CCAGCATTACCGCGGCCGCCGGG,0.41856
ACTATTTGTCGAAGTTGATCCGG,0.48301
CCTAGCCACCCAGGCTACTTTGG,0.27199
CTGTCAACCTTGACAAATTGTGG,0.37622
CTAGGGCTACTACAAAGTTCTGG,0.40456
TCACGATGACAGGCTGCTTTGGG,0.29004
AGCTCTTCTGCTGAAGAATTTGG,0.16456
GAAGCGGCCATGGCCAAACTTGG,0.44786
GGACCTGCCTCACCTTGCGGAGG,0.52977
GAGGGTGAGCACCCGCTTCTTGG,0.29207
AATGACTTTGTCATGCTGAAAGG,0.54156
TCAGCTTGCCGTCCTTGATAAGG,0.52615
CAGGGCTACCTTATCAAGGACGG,0.7844
CAGATTTATAAGATTGGCCAGGG,0.4723
TGCGCAAGGTGGCCTGTATTGGG,0.15676
AGGCCACCTTGCGCAGGCCTCGG,0.31114
CTTCTTGGTGTGCCAACGACTGG,0.40048
ATGAGATGATCGACGTCATCGGG,0.34321
GCGGGCCCAGTCCAGCTTCTCGG,0.30408
CCACAGTGCCTCCGTTCACCTGG,0.44384
AAGGCATAAATCTAAGAAGAAGG,0.49482
CTCAGCAAAGACAGTCTTGAAGG,0.42224
GAAGCCGAGGGACCCATGTCTGG,0.3396
CAGACAAGGCAAAGCGAAATTGG,0.36842
CTCACTCACCGTCTTCTTTGCGG,0.4065
CGTGGAAAGAGCTGCCCAACTGG,0.35963
CTCTTTCCACGATGGCTTTGCGG,0.26668
CTTCCAGCTCCTTGACGTTGTGG,0.38434
GCTCCTTGACGTTGTGGACCAGG,0.46781
ACATGCTGCCCAGTGGCTTCCGG,0.31049
AACCCTGTTGTCAATGCCTCTGG,0.24969
CTGGTGCCGGATGAACTTCTTGG,0.41645
TGGTGCTTTCCCAACCTTCTTGG,0.19687
AAACAAAGAAACATGTCAGCAGG,0.49225
ACGAACACATTTAGCACACATGG,0.48547
GCTGCTGCTTCTTGGTCTTCAGG,0.16648
CGCATGGCACGTGTCTTCTTAGG,0.33693
CACGTGTCTTCTTAGGCCGCAGG,0.55174
TCTTCTTAGGCCGCAGGTCCAGG,0.31941
AACTGTGAGAACACGGGCAATGG,0.4116
GAACACGGGCAATGGATTTCCGG,0.28936
CACTTACATCTTAGAGAGCTTGG,0.35366
GGCCGCACCGCCTGTCACTTTGG,0.41706
TCACTTTGGCGACGCGCAGCTGG,0.29544
GCTGGGACAGCTCCACCTTCAGG,0.37432
GTGGCCCTTGTTGAGGCCCACGG,0.39025
TCACGTTCTTGGTCACTTTGTGG,0.40916
CCTGGGCTTGCTCACGTTCTTGG,0.15741
CCGCACGAACTTGGTGTGTTTGG,0.31868
TTTGAGGGCCCGTTTGTCCTTGG,0.36278
TCGCACTTCCTCATGGGAGTCGG,0.69815
ATATACTTCCGTTTGCCTCGCGG,0.65058
GAAAGAAACCGCGAGGCAAACGG,0.36768
CATGCTTGCGTGAGCGCTATCGG,0.27952
CTTGTACTGTGTCACTTTATGGG,0.16979
CTGTCATAACGCCGCTTTCCTGG,0.18092
TATCCTTACGGCAATTAACTGGG,0.37615
ATCCTCTTGGATCTGCAGTTAGG,0.52812
TTGTGGTCTTAGCCTTCTTCCGG,0.24988
GATCATAGCGCCTCCTTCCCTGG,0.32791
CTTTGTATGCCCAGGGAAGGAGG,0.57091
CCCGACTTTCTTGGTACGTTTGG,0.20594
CCCTCTAGGTTTGGCAGTGAAGG,0.35572
AATTTAAGAGTTTATGCAGCAGG,0.3372
CTCCACTCACATTCCTGGCCTGG,0.3181
ATTCCTGGCCTGGCGAAGAATGG,0.40357
CCTGGCGAAGAATGGTGTTCCGG,0.3645
CGAAGGGCTCTTTGGATCTCTGG,0.14644
TGTATTAATCATCTTGTGCATGG,0.27385
TAGATGAATTGTACGGCACTTGG,0.47789
TTTGGACTGAAAGTGCTTTCCGG,0.23613
TCCTCATTATAGATGATGCACGG,0.56394
ACTTTATCTTCAACTACCAAAGG,0.49577
TTTGTTAGGTCATCGTATTGAGG,0.49618
CTGGTAGGGCTGAGGCAGCCAGG,0.3093
TCTACGATGCCAACGGCGCCAGG,0.46431
TCAGACTAGTGCTGAGTCTTGGG,0.41238
TGAACAAAGTTCACAATATCTGG,0.31292
CACTTTGCCTGCTGTATTCAAGG,0.22661
TGTTAAAGTTGTTAAGAATAAGG,0.26527
ATATTGTACTGGCCTGCTGCTGG,0.31567
CTGGCCTGCTGCTGGCCCGCAGG,0.31504
TGGCCTGCTGCTGGCCCGCAGGG,0.32523
GAAAGCATTGATGGTCAGCCAGG,0.47008
GCATGTAATCTGCAACATTCTGG,0.33984
TGTCGAAGATCTCACCTTCCTGG,0.27958
GATCTCACCTTCCTGGTGTCTGG,0.24427
AAGTGGCAATGACAAATTTCTGG,0.24605
TTCTGGTGTGTTCTTCGTAGAGG,0.51186
AGCCACTAGCCAGCTGCTTCAGG,0.27106
TCCAGTGAGGATGATCAGAATGG,0.57599
TTTCTCACGTGCTGACTGAAGGG,0.56043
TCTTCAGTAGGATAATATCTAGG,0.60968
TTCTAATAAGCCTGTTGATCTGG,0.27915
GCTTTGATTGCTCGATCTCTTGG,0.28171
TTCATTTACTGACTTCAGATTGG,0.2943
AGGCTTCGATTAACATGCTGAGG,0.59043
AGTGAGCCCAAAGGTTCGAAAGG,0.62529
TCTGATGACAAACGCCAATTTGG,0.23665
TTTCTTTCTGCCCAGCCGAAAGG,0.36731
CCGCTGCAACCTGATATAGCGGG,0.36137
TTTCAGCCGCTTATAGAGGATGG,0.53875
TGTTTGGCGGTCCAGGGCCTGGG,0.31753
CCTCACCTGTTTGGCGGTCCAGG,0.21225
AGCTTAAGCAGCTGAGTAGCTGG,0.33068
TTCTTCTCTTGCTTTGTCTCTGG,0.25027
AGAAGCAGAGACTGTTGGCCCGG,0.41107
TTTGCCAGCAGCCTTCTTCTCGG,0.28747
TATCAAGGGAAAGGCAAGACTGG,0.37772
CAAAGGCGCTTTGGCTAAGCTGG,0.26511
CTAAGCTGGTGGAAGCTATCAGG,0.35004
ATCGTATCTGTCATTGTAATTGG,0.22156
CTCATTGCTGCCCGCCGGACTGG,0.25691
AGACCCACTTTGCGGCCAGCAGG,0.30696
TCAAGATGGGTTTGTCAATTCGG,0.24724
CTCACCAACCACAGCTCTGTTGG,0.53979
GGCTGAGGAGATAACCTTCTTGG,0.28642
AGCCGGAGGGCAGCTTCACACGG,0.4145
CAGCTTCACACGGGTCTTCTTGG,0.22069
ACACGGGTCTTCTTGGTCTCAGG,0.2501
CTCAGGGTTGTGGGAGATAACGG,0.33606
GCCAGCTTGCCACGGTCTCCAGG,0.27527
TGCTGCCTGGAGGAGAAGCCTGG,0.4007
GCACATTGCCAATGTTGAGCTGG,0.28328
TTTGTGTATTGCGGCAAGAAGGG,0.50362
TGCCGCCGAGGGCATTCACACGG,0.37948
TCTTAAACCGATACGGATCCCGG,0.47421
CCTCGCCAAGGTGGTCTTCCGGG,0.30149
ATCATCCACGACCCGGGCCGCGG,0.44003
ATTGAGCTTGTTTCAAATTCAGG,0.18895
AAGGATTAATTCATCTTTCTGGG,0.16781
CTCCTGGATAACAACGTTGATGG,0.3765
AATGTAGAACTCAGCCTTCTTGG,0.17029
CTCTTACAGAGAGGCGGATTTGG,0.29246
GATACTCACAAACTGGAATTCGG,0.39185
CCCAGCCTCGGCTTTCTTGTCGG,0.2643
ACTGGCAGGCCTCGGCCTAAAGG,0.41313
GGCCGAGGCCTGCCAGTCTCTGG,0.35257
CGGCTACGGCGTAGGGTGGCAGG,0.37808
ACTGTTCCTTCACGTAGCCTCGG,0.46431
ATGGCAATCCGGTTCTTCTTAGG,0.35251
CGGGAAGATGGCGGACATTCAGG,0.27363
AAACAAGAAGAGGGTCCTGCTGG,0.37658
AGGGTCCTGCTGGGAGAAACTGG,0.31976
CGATGTTCTTGTAGTACCGCGGG,0.64098
ACTGGTAATGTGTCCATTCGAGG,0.35074
CTCCACAGGGACGTCCAGATCGG,0.48215
CTGTGACGATGTCACCGATCTGG,0.45791
CTTCTTGGTGCCGGCAGCCTTGG,0.24118
GTAACCCACCGCCATGGCCGAGG,0.64946
CCACCGCCATGGCCGAGGAAGGG,0.55264
GGCTCACCCTTCCTCGGCCATGG,0.3542
CATTGCTGCTGGAGGTGTAATGG,0.29684
CTTCGCGAATTCCACGTGCTAGG,0.41024
GATTTGGTGTTCAGCACAAAGGG,0.47034
TTACCTTAATTAGGTTGATTTGG,0.29144
TTAGCAGCCTTACCTTAATTAGG,0.35575
TTGCAGTTGTGTAGTAGTTAAGG,0.43192
ACAGACAAATTTATGCGACCAGG,0.48626
TCTTATAATATCGAGCCAAACGG,0.47992
ATCGAGCCAAACGGTGAATCCGG,0.36016
ATTAAATGGTAGAGATCTTCAGG,0.27271
TTAAGAATTCTTAAGTCTAAGGG,0.29659
CACCGATCTGTGAAGGAGTAAGG,0.37337
TGAAGGAGTAAGGCCCTTCTTGG,0.32372
ATTTACAAACTGGCCAAGAAGGG,0.43958
TCTTCATACCCGAGCGGGCAAGG,0.32649
CCTCAGAGCCCTTGCCCGCTCGG,0.29303
CAAGGGCTCTGAGGGCCGACTGG,0.37725
TACCCAGCTCCTTGCACCTCTGG,0.3033
TGCTGCTATGTTGGCTGCCCAGG,0.27778
GCTGAAGGAGAGAATGTATTTGG,0.36107
CGTGGACCTCGACCAGCTGCTGG,0.50552
CAGCTGCATCAGCTGCTCGCTGG,0.3028
GCGCCTGCGCAAGGCCAAGAAGG,0.4051
CATGGGCGGCGCCTCCTTCTTGG,0.18644
AGGTGCGTCTTCACCACTTCCGG,0.34151
CTTGATCTCCACCTGGTTGAAGG,0.42009
CTCCCGCAGCCCGAGATGATCGG,0.49179
GCCGGGCCGGCCATGCTTTACGG,0.18117
AAAGGCCAACTTACCCAAACTGG,0.38141
TGCTTCCATCCCGCCAGTTTGGG,0.28254
TTTGAGTTGCACGTCAAATCTGG,0.20546
CCTTGTTTAGCCTGCCTGTGAGG,0.53965
TCATTGATGACCACAGAGCTGGG,0.52783
GCAAACGCCAGGTGCTTATTAGG,0.25207
TGGTAGCGAGCGCGGGCACCAGG,0.29773
GATGTCTTTGATCTCCTTCTTGG,0.30677
CCCATGCTCACTCACATTTCTGG,0.17799
ATTTCTGGTAATAGGCCACCAGG,0.47082
CCTGGGACTCACCATAAATCTGG,0.24228
GGTCACGTGGCCCAGATTTATGG,0.32624
GACATCCGTGTCCGTGTAAAGGG,0.45702
CTCGGCAAGGAGCGATTTGCTGG,0.23704
CTGCAGTCTGTGCAGGTCTTCGG,0.28602
CGGCAGTCTGTCCAACCTTCAGG,0.26499
TTCAGCATTTCCTTAGTGTCAGG,0.2231
TTCCTTGTAGGTCTCAGCCTTGG,0.42942
CTCCTCCTCCTGCAGCTTGATGG,0.26789
TATCTCCATCAAGCTGCAGGAGG,0.64767
TTGATGGAGATACCTCTTACTGG,0.31187
CACGAACAAGCGCGTGTGCGAGG,0.52996
GACCCGGGCCGCCTTCTTCACGG,0.37388
CCCTACTTCACTTACCTTAATGG,0.23878
AGTGAGTTCTCCCGCCCTCTTGG,0.35856
TGGTCTTGGTGTGCTGGCCTCGG,0.30689
GGCCGCCGTGGCCGCACCGTGGG,0.49241
ACACACCCACGGTGCGGCCACGG,0.40325
TTTCTTCTTGGACACACCCACGG,0.55367
AGTCTCCGTGCAGCGGACTCAGG,0.48573
ATTCACCAAGTCTCCCTATCAGG,0.29302
AATGGCATCAAAGGTGGCCTTGG,0.40327
TGCCACCAGCCTACCTTGCAAGG,0.40003
GATGGCGGTGGCCACCTCCTTGG,0.36201
CGCAGGCATTTGTTGCTATCGGG,0.1767
CGACCGACGCGTACCTTAATAGG,0.31629
GACGCGTACCTTAATAGGCAGGG,0.76739
TGGATGCCCGTCACCAAGTTGGG,0.37743
AGCTCGCGGAGGCAAGGCCGAGG,0.45018
CACTTCTCAAAGTGTACTGCTGG,0.40081
CTGCTGGCCCTCTGTATCCATGG,0.31321
TTGTTAGGGTGATTCGAATTCGG,0.37603
AATTGCCACCTCCGGCTCCACGG,0.39959
GAATAGGCTGCACGTGGCCGCGG,0.47946
GCACAGTTAGTGCAGCGAATAGG,0.57719
TTCTTAATGGCCTTGTCCTTGGG,0.26656
TCGAATGACGAATTTCTTAATGG,0.21049
ATTCGTCATTCGAAACATAGTGG,0.52144
ACTCACCGCAGGTCTAAATCGGG,0.35851
CTCCTTACATGGGCTTTGGTGGG,0.32062
ACATCCATGAAGTAGGAATTGGG,0.41177
TTCCTCCTGAAGGAACATCCTGG,0.58995
CAGCAGAGACTGATCTTTGCTGG,0.31796
GATCTTTGCTGGCAAGCAGCTGG,0.39446
GGCTCACCTTATAATATTTCAGG,0.17654
TCATACAGTTACTTGTCTTCTGG,0.25557
GAGATGGGTGTCACCTCCATAGG,0.45955
CACCTCCATAGGCAGTGCCAAGG,0.63351
GTCTTCCTTGGCACTGCCTATGG,0.37938
AGTGCCAAGGAAGACAGCTCAGG,0.53465
ACATATTGAGGCCATATTTCCGG,0.22352
CACGGTCTGATCCGGAAATATGG,0.34147
GAGGCTCACCTTCCTCTTCTTGG,0.23233
TTGGATTAGTTTGTCGCTGATGG,0.39396
AAATCATTATCTTAGCCACCAGG,0.61364
CCCAGAACACAGAATGTTCTTGG,0.28054
GTGAGAAGGGCCGGCGGATTCGG,0.16729
GGCTGCGAGGTTGTGGTGTCTGG,0.1297
CAGGCCATCCACAAACTTCATGG,0.35841
ATGCTGCCCTGGGACCCAACTGG,0.31835
TCCACAATGCTCACGTGGTCAGG,0.35653
TGGGTTCCACAATGCTCACGTGG,0.62933
TTTCTTATATTGAACATAGCAGG,0.40586
ATGTTCAATATAAGAAATATTGG,0.19197
TTTGTAGAAATTGCATCTGATGG,0.36687
TTGCTTCGTCTGTTCTGTGTTGG,0.4379
ACCAACAGGTCCGCCAAATCCGG,0.29135
TTTGTCTCTCTCTTCAGCAATGG,0.38368
CTGCCTAGGTAACCTGTGTATGG,0.60184
TGATACCATTCAGATTGATTTGG,0.32224
CAAAGTGAGAAAGATCTTTGTGG,0.47541
TTCTTACCCATGAATCCAGCAGG,0.38684
AGCTCCAAAGCATTGGATGCTGG,0.44979
TTAGTGAGGCGCTCCACAATGGG,0.49496
CCAGGCTCACCTGGTTCACACGG,0.50655
TGCTGTCTTCCTAGGCCATCTGG,0.23213
CAGCTCGTCCTTCTTCTTAATGG,0.28178
GTCTCTTCGCAATTTGTTCCTGG,0.19608
TAGACTAACCTTCATTCTCTTGG,0.32317
TACGCCGCCGTTTGTGCTGCAGG,0.26569
ATCTTGGGTGCTTTGGTCCTAGG,0.34719
ACTACAGTGCCTCGCCGCCTGGG,0.44795
AAATCTGAGCGTTCTCAACTTGG,0.48583
GTAGCAGGCGGACACGGCCATGG,0.47002
TGTCGTTCCCACCACTGATTCGG,0.33726
CGTCCACTTCAATGAGTTTCTGG,0.18559
CTCGTCCGGCTTCTCGCCATTGG,0.30237
AAGCCGGACGAGTTCGAGTCCGG,0.51416
TTTCTTTAGGAAATTGAAGTTGG,0.45185
TTCTGGAAAGATTTCAGTTGAGG,0.39002
ATTCGCGTACTAGCCGGACTTGG,0.45338
TCTCCAATTCGCGTACTAGCCGG,0.46145
CGATGCCATCCTTGAGGACTTGG,0.36209
TTGTTTACAATTGAAACTCTGGG,0.3649
TTCCACATGCAGGCATCTCTCGG,0.33225
TACTTCCGCTTCTTGTGGTAGGG,0.38863
GCAATTCTTCACCAGGGTCTTGG,0.29377
AAGAGTTGGAGTTCTATCTTAGG,0.35894
TCGAGACGAGATTTCTCGAAGGG,0.58339
GACCAAGAGCTGAAGCTGATCGG,0.48461
CCAAGATCCGCAAGGCCGCCCGG,0.34619
GCAGTTCCCGGGCGGCCTTGCGG,0.48117
CAACGCCCTGCTGCGGCGGCTGG,0.24481
CTAAGAAATCCTCTATCTTCAGG,0.27342
TGATCCGCCAGCGCCATATCAGG,0.43028
ATCCGAGGTGGTACCTGATATGG,0.33022
TCTCTCTGCGCTCTCCCTACGGG,0.42398
