AGTCTACATAACACGCCCATGGG,0.70174
CGCAACCTGCTCAGCGCCTACGG,0.38257
AGCAGGTTGCGTACGTGAAGGGG,0.58621
AGTGTGGGTGACCCCGTCTCCGG,0.44803
GGACTCCTATGTGGGTGACGAGG,0.56575
GTGCCTAGGGCGGCCCACGATGG,0.45063
TGTTCTCCCTGGGCACGCGGAGG,0.76306
GACTGGAATCGCAGTGGTGTGGG,0.51937
CTGGGTAGTTGTCTCGCCATTGG,0.40299
CCTTCTGGTACAGTGTCTCGTGG,0.55499
GGTACAGTGTCTCGTGGAAGAGG,0.47275
GTCTCTCAGACTCTTGATCGTGG,0.67062
CTCTTGATCGTGGCTGGATCCGG,0.29212
TGTCCAATGCCTATTCACCAAGG,0.77698
CACCACGTCGAACTCCTCGCCGG,0.66601
AGCTCTCGGTGCAATGCGCAGGG,0.43825
GCATTGCACCGAGAGCTCGCGGG,0.61541
TGATGACTGCCCCCTCGTGTGGG,0.50189
GATGACTGCCCCCTCGTGTGGGG,0.81124
GAGCACTGTCCCCACACGAGGGG,0.71882
GGAGCACTGTCCCCACACGAGGG,0.69183
GGCACACCTCCTCCACCAGTAGG,0.58209
GTCCTGCATGCGCTGGCGGTCGG,0.46511
TACTCACCCGCGGTGCTCCAGGG,0.50309
GATGTTGAAGCCCAGTGTCGGGG,0.72572
GCTGTTGCCGCAATCCCTGAGGG,0.55396
ATACTGAGATCGGCAAGATCCGG,0.53461
TTGGTAGCCAATGCAATCGTGGG,0.6932
GATGGTATTGCGCGAGTGCACGG,0.35929
TCCATCAATAGCATTACCGAGGG,0.74949
AGAACCTGTCCCATACACTCGGG,0.89209
TGAAGCCTGCCCGAGTGTATGGG,0.47111
TGTGAGTTCGTACCTGCGTCGGG,0.43956
ATGTGAGTTCGTACCTGCGTCGG,0.48972
AAGTACATCAACGTTCGGAAAGG,0.5881
CCGACCTCTCCGAAAGGCTCCGG,0.47967
GCTCAAAGCTGCCTAGCGGATGG,0.64922
GTGCAGTGCGAGACGCTCGAGGG,0.77902
GGTGCAGTGCGAGACGCTCGAGG,0.441
AGTGGAACTACTGGTGGAACTGG,0.38343
CAAAGCAGTGGAACTACTGGTGG,0.61177
GAACTGACCGGTTTAGCCAGAGG,0.87076
CCTTGTAGAGTTCCCCGCGAGGG,0.60913
TCCTTGTAGAGTTCCCCGCGAGG,0.77622
AATCAGGCTCGTTCTCGGTAGGG,0.57311
TACCGAGAACGAGCCTGATTTGG,0.26947
CTGGGGGGTGGTCGCAATGATGG,0.33208
GGGGTGGTCGCAATGATGGGCGG,0.49242
GCGCCCATCAGCCGTGTCGGAGG,0.7684
AGATAACTCCGTTCTAGACGCGG,0.77853
AATTGGCGGGCACATCGTAGAGG,0.67986
CTCGATTTGGGACTCTCTCGTGG,0.47376
CACGAGAGAGTCCCAAATCGAGG,0.56452
CTGCTCCATGCGCTGGACGTAGG,0.6076
TGTGGCCTACGTCCAGCGCATGG,0.57843
GTCCAGAACGAGGCTTACCTGGG,0.54373
GGTCCTAGAGAACCGGACGAAGG,0.82717
CCACTTTACTAAACTGGCCGTGG,0.58412
GAGAATGGTAGCACCGTCGTTGG,0.70382
GCTCTGATGGTGACCAACGACGG,0.89748
CCCTTTGCTCAGATACCCGGGGG,0.79965
GACCGACATCGAGATTACCCGGG,0.75471
AGCAATATTTCCGCGGCCAAAGG,0.44475
CCGGGTGATACCTTTGGCCGCGG,0.49205
AGCAATGATGACAACCGACGTGG,0.67564
TTTCTGCAGAAGTTTGGTACAGG,0.46284
CGCCGTGAATGCCGTCCTCACGG,0.49817
CAGACTGCAAAAACCACGCTGGG,0.5452
GATGTGACTATAACAAACGATGG,0.89289
ATAAGTTTGTCCATGCCACGGGG,0.86709
CTGCAGGATGGACAACATCGAGG,0.73917
ATGTAGCCATACCAATTGGGTGG,0.79044
GCGGCAGCCCTCCCGTCACGGGG,0.6168
ATTGTGGGGCGAAGTCTGCAGGG,0.56622
CTGCAGACTTCGCCCCACAATGG,0.45856
CATTGTGGGGCGAAGTCTGCAGG,0.16966
TTATTGTTTAGGATGCGTACTGG,0.41668
AGAAGCTATCAATTCGCTGGGGG,0.57265
CAAGAAGCTATCAATTCGCTGGG,0.43177
CGTCGAGCTTGAGCTCTAAGCGG,0.51399
AGCTTGAGCTCTAAGCGGGTCGG,0.59077
TATAACAAATGGCAAACGTACGG,0.37138
CTTCCATTACGCCCAACTACGGG,0.41449
AACACAATCAGGTCAATTCGGGG,0.54553
TCGGGGCCGGTTCACATTGGAGG,0.41508
TGACTGTGCGTCCGAGCTGAGGG,0.82658
AAACTTGCGTACATATCTCCGGG,0.55609
CATATCTCCGGGTACGCACCAGG,0.59235
GTACCTGGGCCTTACCGAGTTGG,0.5257
TGTCAACCATCGAGTTCCAGCGG,0.75322
TCTTACCAAGCCGTCCAAGATGG,0.61337
GACAAATCTGGACTACGATAAGG,0.40906
GTTGGCAATACTGCTCGCTGTGG,0.61238
CTGCGACGTGGGTACCCGCAGGG,0.6077
GGTGTTGCCTTCTTGTCCGACGG,0.58773
TGAGAGGCCGAATAACCAGGTGG,0.72553
TAGATACATCACGCCAAGCAGGG,0.77183
TCAGAGTTGGTGTCTAAGATTGG,0.43658
CGAGGCTGTGCTGAACGGGAAGG,0.45053
GCACGCTTTACATCGCGGAGAGG,0.69436
CTGTGTACTAACATCAATCCCGG,0.5545
GCCTTGAGAATGCAATCGGTTGG,0.67359
TTGATGCTCGGGAAAGTCGACGG,0.58499
GGGAGCGCATGCGGATCCAATGG,0.50123
CAGGAGGGGCGGCCTATGCAGGG,0.61012
CATGACCCCAGACCGGCATTTGG,0.28095
ATGACCCCAGACCGGCATTTGGG,0.30449
CTTGGACAATCGCTGGACTCTGG,0.37592
ATAGTGAGTGCGCTGTACGAAGG,0.78832
AGATAGCTGTGACAAAGCGAGGG,0.79478
TAGATATTGATACTAGACGCAGG,0.63947
GCTGCGGCATTCGGAGGCATCGG,0.4275
CTGATTATCTCCGCAACTTGTGG,0.37346
TGAGATTGTGGTGTTCGATGAGG,0.68054
GGAGCGGCAGCGTGCCCAAGAGG,0.64761
GGGCCAATAATCATCGGTGAAGG,0.55115
GCACGAATTATCGCGGAGGCCGG,0.34465
TAAAGCACGAATTATCGCGGAGG,0.7701
GGGTGGATCCTAATGGCTCGCGG,0.73915
GTGTCATCCGTCTCCCGACCGGG,0.45282
GCGGCTGCGAAAACCGGCAGTGG,0.46013
CTTCTGGCGGCTGCGAAAACCGG,0.27886
CAGTTGAACGAATGCGGAGTGGG,0.52954
ACAGTTGAACGAATGCGGAGTGG,0.5563
GCAGCCCACGCCAATCCAGAAGG,0.53179
GGGATACACGCCTTCTGGATTGG,0.34611
TATGGAGGTGGTCGATGAGCCGG,0.60901
AGGTGATGGATGAGGCCGACAGG,0.50685
AAGTGTTGGAACTGCGCAGGTGG,0.69056
TCAGCCGCTCAAACATCGGGAGG,0.81448
TCCTCCTCCCGATGTTTGAGCGG,0.70451
GGTCCAAGGCACTATAGATGTGG,0.50812
AGAAAAGCCTGGTAAATCCGAGG,0.71044
CTGCAAGTGGCTTAACACTCGGG,0.44731
CTGTGCTCGGGATGTGCGAGTGG,0.56429
TCTCTACCCGAAGTATTCGTCGG,0.76732
CCGAAGTATTCGTCGGATCCAGG,0.38724
GGAGAAGCGCTTGCACGTCACGG,0.59059
CAAATGCCTCACTTCTCGGAGGG,0.55496
AGTCCAACTCCATCGAGCACCGG,0.65745
GATCTTGGGAAGAGTCTACGCGG,0.92583
AGTGCACCCCGACCGAGTAGAGG,0.62624
GGTCCTCCTCTACTCGGTCGGGG,0.64468
GGCCAACTTTGAGATGCGCTTGG,0.42024
AGGTGTAGACGAGTTGATAGTGG,0.84134
GCTATCTCGTGGATCAGCCGGGG,0.80033
TGGGCCAGATGAGGGACGCACGG,0.55463
TAGCCACTCTAGACGACCAACGG,0.67113
TGTGGCGCCAGCGGAGATTGAGG,0.42475
GCCCCATGTAGACGTAGTACAGG,0.57284
GGGCTTGATGCGTTCAGCGATGG,0.45138
AACCAAAGCCTACGGTGCCCAGG,0.4718
ATGGCGGCCTCATCGTCGGGAGG,0.64417
GTGTTTACCAGTGCGATAGATGG,0.60401
TTCAGTGGCATAGCTCGAAGAGG,0.63429
CATCAAGAGCACTCCGGTGACGG,0.56693
CCGTACACCTCCTCGGCCGTGGG,0.6081
GAGCTCCCCGCCAGATGACACGG,0.48963
CGTGAAGCAGTGCGATGCACCGG,0.658
CAGTGCGATGCACCGGGCATTGG,0.36387
GATCCGTAATCCTTTCGTGTAGG,0.49034
CCTTGGCATCGACGTCACGGAGG,0.78171
TGAGAGGGTAGACCCATCGGCGG,0.84824
ATGCAGCCTCGTACACGCAGTGG,0.664
GAGTGGGAACGGGTCCGAGGTGG,0.63788
AGTATTCGGATGTAGAATCGGGG,0.7814
ACGGATGGTTCGTATGAGGTTGG,0.69322
AAGGCGCCGGCGTCTGCGCTGGG,0.2453
CGATCGAGGCCAAAATGACGGGG,0.68313
TTCGTAGCTGTCCACGATCGAGG,0.62468
CTCGGGGAGTGCGTCATCGCAGG,0.42161
GCGATGACGCACTCCCCGAGGGG,0.67393
AAGCTTTACTTACACGTTGGAGG,0.50924
GGAAGCTCAAAGGCGCAGAATGG,0.56051
TGACTCCGTGCAGATACGGCGGG,0.78042
ATCGCCGGCTGCCGAATCATCGG,0.44503
TTCTAGGAATTCGAGTCTGGGGG,0.70749
GACAGCCCCCTGAACCGAGCTGG,0.40684
GCAAGCCAGCTCGGTTCAGGGGG,0.58748
CTCTAGTCCACGTTAAACGCTGG,0.49675
AAAATTGTTCATCTCGGTCGTGG,0.52429
CCACGGTTTCCTACAGTTCGTGG,0.45651
AGAGAAGCTCATTGCGTCTGTGG,0.4362
AGGTCGGAGACATTGTAGTGGGG,0.59269
CGGCGGCGGCGTTTACTGGGTGG,0.6642
GCCCAGGTTTGCGACGCTGCGGG,0.41168
CCCCGCAGCGTCGCAAACCTGGG,0.42576
ACTAGAGAAGCTTCGAGAGAAGG,0.4655
TTTACCTCCCGGTCCCGGTCAGG,0.37091
GCTCCGGGTCATTAATGGAGCGG,0.75654
ACGGATATCGAAGATCTCCCGGG,0.70262
GCCGGACAGCATCGACGCCCGGG,0.52536
TCTGCACCAGGCCCTCGAGAGGG,0.58985
GAGTGCCGCCGACGGGCCCCGGG,0.45257
CTCACCACTCGGAACACCCGGGG,0.7345
CTCTCAATGAAATTGTCCGTAGG,0.68434
GGCAAGCGGATCCCGGTGAGGGG,0.55087
CAGGGTCAACGTGGTGTTCGTGG,0.38243
CGAGGGGCACTCACACGTCCCGG,0.47916
GTTAAGTGTCGCATTAGCACGGG,0.53014
TTAAGTGTCGCATTAGCACGGGG,0.74448
ATTCCACTAATACTCGCCTGTGG,0.8223
CTGTTCTGCAGCGCGATGAGAGG,0.54556
CTCAGAAACCCGTCGTCCATAGG,0.35547
TCTGGGGGATGGGTTCGTCAAGG,0.6239
TACTCCCTAAAGCAACCCGACGG,0.86776
TCGCAAGAAGTCCGTAACTGAGG,0.69837
TACCTTGGGAGTAAGCGTCATGG,0.57163
GGAGAGGCTTGATTGGAACGAGG,0.63868
TGTGTGCTGCGCCTGGCGGATGG,0.53378
GGGTATAGGGCTTGTCTGCGAGG,0.46732
AGCGCGTACTCACGGCGTGGCGG,0.54978
AGGGAACCGATCGTAACCTGCGG,0.88481
TAAGTTAAAAGGTACCGGAGGGG,0.86433
GGTCTGGACTGATCCGAGTCAGG,0.52779
TCAGCTTCTCGCGTACTCTGTGG,0.73003
TCACCGCATCCGGGTGATCAAGG,0.42676
GACAGTTCAAAGCTCCGACGTGG,0.71055
ACTGGAACAGATGCGTGATGAGG,0.66741
CCCACATCCATCCATTCCGGAGG,0.89968
TACCCGTGGACGTGCCCCTGTGG,0.68154
CTTCAACCCCGGCTTACCCGTGG,0.65103
TCCTCTCCATCTCCATGCGATGG,0.64977
TGAGATTGTCGAATGCGTCATGG,0.53136
TAACAACATCACTAACGAAGTGG,0.51241
GGACGGAACGCTGCGCCTCTGGG,0.28731
CACCAAGGATGTGTTGAGCGTGG,0.63247
GACAATCTGCCGGTTGTCAGAGG,0.52058
AACCTGGACCCCGCTAACGACGG,0.61446
TTACGAGTGTGCGGTGGACGTGG,0.39871
TACTTTCTCTTCGACTGCCCCGG,0.49939
TTGGGAGAAGATGCTGCGTAGGG,0.47007
TAGTTGAAGTGTTCTGCCGCCGG,0.49374
TCTCTGCGGTTCGGCCCCAACGG,0.39254
TTACAACTATATTGCGAGGGAGG,0.57937
AACTTACAACTATATTGCGAGGG,0.66771
GAACTTACAACTATATTGCGAGG,0.5715
CTATATTCCCGTTCTCAAAGAGG,0.49914
TCAAGCACAACAACGAGTGCCGG,0.46754
CACAGTCAGGCGATTGTCCATGG,0.45166
GTTAGGTTGTAGATACCCCAGGG,0.78804
TGGATTATAAGTATCTGCGCTGG,0.69062
GATTTGGTGGTAAATGCATAGGG,0.5531
TCAAGTCAGCATAAAACGGATGG,0.62603
GGGGAGGCTCGGGCCACAGTAGG,0.38092
CCTGCTGGATGGATCCAACGTGG,0.77807
GGAAAACAATATCGTGAAGGAGG,0.66266
AACGGAAAACAATATCGTGAAGG,0.56189
GCAGCGAGCCGGCTTGCAGGTGG,0.51726
ATAAAAATCAAGTTCCCTGTGGG,0.60748
CGTACTCCCGCTTACCTCTGCGG,0.77861
ATTGATAGAATTCACGGTAACGG,0.49007
TATAGCAAAGGTGTATCGCCGGG,0.74747
ATACAGTAAGGTCATAACGGAGG,0.8393
GTCCCCGGCAGATGGCGGTCCGG,0.36356
CTGGCACTGTCGGCAAGACCTGG,0.44041
TATATTCTCGAACTACGGCCAGG,0.69621
CTTCCTGAACCCCGTCACCATGG,0.66615
GATTTCTGTGAAAGTAACGATGG,0.66218
GCTTAGATACCCCAGAGCGTTGG,0.71743
GAAGCTATTCTAACCCGGTTAGG,0.53045
CACCTCGCCGTAGACCTGGGCGG,0.86858
GTAGCCGTTATCGAAGCCACGGG,0.80404
GTACTTGGGTTCGTTCCGGAAGG,0.65683
CCTTCTCAATGCCGAACTTGGGG,0.54695
GCCGGCCTGCAGTTTCCCGTGGG,0.62319
ATGTCTGGACGTGGCAAACAGGG,0.59085
TGGAGGAGATACCGGTGTCGGGG,0.65815
TTGGAGGAGATACCGGTGTCGGG,0.33215
ATGTCTGGTCGTGGCAAGGGCGG,0.70278
GGCAAGGGCGGTAAAGGTCTTGG,0.32684
CGTACCCTGGGGCGTCTCGTAGG,0.52944
CTTTGAGGACGACCCGTTGGTGG,0.58466
GCCCTTTGAGGACGACCCGTTGG,0.63504
ACTGTTGGGACATACCGCTCGGG,0.54445
CTGTTGGGACATACCGCTCGGGG,0.74469
AGGCTGAAGTAGTCACGAGTGGG,0.60553
CTGGAACTGCGGTCACGCAAGGG,0.49951
GCTGGAACTGCGGTCACGCAAGG,0.45534
CATTCCAAGTGCGTCCGATGAGG,0.64832
TAGCCTTTTCTACCTCACGCCGG,0.85799
GAAAGCAACATAGCTTGGCGTGG,0.67399
AGAAGCGTACCTCGGAAAGGTGG,0.62421
TATGTATTTACCTGCACCATAGG,0.57246
CAACTTGCCATACCTTACCATGG,0.66092
AAGACAACATGGCGCTTCAGAGG,0.55832
TGCTGCTCTAGCTTACGGTCTGG,0.43832
AGGTGATAGTGCAGCCGGCATGG,0.58249
CAGGACGGTTTTAAGCCGGTTGG,0.67104
GTACGAAATCGATAAGACACTGG,0.77515
GTGCCAGTGGGACCCCGGAAGGG,0.47967
CTGCTAGAGACGCGACATAGCGG,0.64049
GGAATGGGTCGCGTTCCGGCAGG,0.7315
GTTGGACAAGCTGTACGCTATGG,0.49906
TTGGACAAGCTGTACGCTATGGG,0.44059
TGTAGATGATGAATATCGATGGG,0.69156
CCCAGCGCATGAACCGAGGTCGG,0.69843
CAACAGGTCGGTGACCCCGTTGG,0.70476
TTATGAAAACCCTCGGAACGTGG,0.47432
TATGAAAACCCTCGGAACGTGGG,0.70969
CAAGGGATCCCACGTTCCGAGGG,0.66868
GCCAGGTGCTATCCGGCCGCCGG,0.55563
TTAACAGGCGACTGGACGAATGG,0.46216
CTTTGTGGAATGCTCAACGTGGG,0.67681
CAAGATGAGCTTGATTGACCTGG,0.48317
GTGTTTGCCTATGGCGCCACCGG,0.36396
GATGCTGGTATTTGACCCCGAGG,0.94096
ATGGCCATACGCTGACCCGCCGG,0.60608
AGATCGCTGCCCGGATGCTCTGG,0.39768
CCCGCGCTTTATCAAGATCGTGG,0.58562
GGGGGCGCGTACCTTGTAGCTGG,0.39758
GAAAGCCACTGTCCGGCTAAAGG,0.46248
CAGCATACGCATATCAACTCGGG,0.57435
AGAAATGACCGAGAGCTTCGAGG,0.6173
GTAGTCTGCCTCGAAGCTCTCGG,0.69715
GAGTAAGAAGGTTGAACGAAGGG,0.4741
TTCCCAGGCGTCTCTGGGAACGG,0.29003
GCTCTATAACCTTCATGTACAGG,0.56488
CAATCGGTCGTCCTGTCCTCTGG,0.46538
TCTCCTGGATGCGGATACGTTGG,0.64842
AGGGCCACTCGGTGCGCGAGTGG,0.44644
CTGTGGCGCGTTCTACGTGGCGG,0.81074
CTCGATGTCTACGAGGCCGAGGG,0.6136
GGGAAGGAACCTCTCTTCGTGGG,0.42468
GGGCTGCTCACCCGAATCAGTGG,0.52195
TTCAAGGCTCGACACAGGTAAGG,0.34275
GAACCACTGTGATGCTACGAGGG,0.79093
CCAAGCACTACCTGATGCGAGGG,0.58577
CACAGAGACGCCCTCGCATCAGG,0.36437
CTTGATGAATTTCCGGGCGAAGG,0.37703
GGAAGCTTAAATCCTTCGCCCGG,0.48146
TTCTTACTAAGTGTACAGCGTGG,0.89235
AGGGATGCGACTCGTGTGTAGGG,0.51623
AAGGGATGCGACTCGTGTGTAGG,0.4949
CTTATGTAGTAACTTGTGAGTGG,0.56342
TCTGAACCTGAGCTATAAGCAGG,0.66767
TCACTCTGCAGGTTAAGACCTGG,0.70955
AAAGGATGAAGTGCAAGCGGTGG,0.68277
CTTGAACATGTTCGCCGCTCTGG,0.30402
TGTCTCATAGATCTCAGCGATGG,0.7754
AGATTGCTCATAGTGGGCGATGG,0.52836
TGACACAGCCGCTGCACGCCAGG,0.44963
GAGTCACGAGGAACTGCGGAAGG,0.76474
AAGGCTGAAGTTCCTCGCGAAGG,0.57336
CGGGACCACTTCTTCGACAGGGG,0.63406
AGCTGATAACCTGATCAACGAGG,0.72967
AGCTGCAGCACTAGACCCGGAGG,0.86518
GTTAGCAGCTATAGCCGAGATGG,0.63941
CCTTCTTCCAGCATAGCGCGAGG,0.78808
CAAGGAGAAACGATACACGGGGG,0.88713
AGAAGAAGATCCCGATCAAGCGG,0.62387
GAGTGCGCGGCCCCACGGTCGGG,0.3308
TGGCTATTGGATCTTCCCGTGGG,0.60979
GAGTACTTGATGTGCCGGATAGG,0.70409
CTAGTGAAAATGATCTCCCGAGG,0.86422
ACCTCTCTACATGGACGTACAGG,0.61753
GAGGCTGGTGGAGATTCGCACGG,0.64572
GGATGAGGCTTAAAACGGAGCGG,0.64979
AGAGCTTGCGCGTCAGGCGGCGG,0.50147
TGTAGAGCTTGCGCGTCAGGCGG,0.57881
ACGACCGAGTGTACTATGTGAGG,0.73422
GGAGACAAGCTCGTGTCGCTGGG,0.47631
TCACGTGCAAGCGGAACTTGTGG,0.41351
CGAGTCTGGGATACAACCGCAGG,0.72247
GAACCCCGAGTGCCGCTACGTGG,0.64983
TGGCCACGTAGCGGCACTCGGGG,0.68319
TCAGGGTCCGGGCTGTGACGCGG,0.62128
CATCGTGGACGTAGAACGCCAGG,0.46907
AGCCTGTCTAGCGGAAGCCACGG,0.58147
CAGCTGCTGTAACCGCCTAGAGG,0.69899
CCAGCAAGGTACCGAAGAGTCGG,0.63407
ATACCTTCTCGATGCGCGTCAGG,0.35733
GGAAGAAATTACGATGGACGGGG,0.62534
CGTCGTGTACTCATCCAACGTGG,0.79787
GATGAGTACACGACGCGAGTGGG,0.67015
ATTAACCTCCTGTGGCGCAGGGG,0.6566
GCCTGGTTTCCCCCGACCTGTGG,0.51662
GCCGCTTCCTCACCGGGATCCGG,0.27544
TGTCTGGGAAAGGCGGCGTTGGG,0.44131
CCTCGCCCACGGCCTAGCGGAGG,0.55105
TCCATCCTCCGCTAGGCCGTGGG,0.74249
GCAGCTGGATTATCTGGTTGTGG,0.40274
TTGTGTCTGACGTGGCCTGGGGG,0.72681
GCAGGTGGGAATCCTAGATGTGG,0.61337
AGATTATTACCTGCTGGCGAGGG,0.53962
GGACAGCAAATTTCACGTACTGG,0.44916
TCATTGCGCGCGGTGCTACGCGG,0.57673
AGGCGTCACCTGTCGACCTGCGG,0.77369
CTGAATGAGGAAGCAGTCGGTGG,0.60093
CTGCAAGCTAAGGATTGTCCCGG,0.60562
CTGTCTCCTAGCTACGAGTCTGG,0.4467
AGTGCGGCAGTGGTGAAAAGTGG,0.61257
TGCTGAGAGTAGTGCGGCAGTGG,0.43585
AGAGACTACATAGCGACTGTTGG,0.66969
GGGGCTCTGGTGCATCACGCTGG,0.41147
TATCCACCCGTCTGGCAAGTTGG,0.48052
TAAAGTGGATGTCTATCGGCTGG,0.50877
ATACGTGCAAATTCACCCGACGG,0.70934
GCGGCAACAGCCAGACGCGCAGG,0.55695
ACGTACAGAAGCCGATGGAACGG,0.48778
ACCTGCACGACGAGCGTGAGCGG,0.56387
TGCCGGCCGTTACCACTCCGGGG,0.59819
CTGCGGCCCCGGAGTGGTAACGG,0.28072
ACATGACACTTGCCAGTCCGAGG,0.75803
AGACCATTCAGTTGTGCCGTAGG,0.6933
AGTCCACATCTGTCGGATGCTGG,0.42771
GACCCGCAAGTGCTACCGCATGG,0.66193
CGCAAGTGCTACCGCATGGTTGG,0.47345
AAGTGCTACCGCATGGTTGGAGG,0.63579
CCCAGCATGTACCAGCGTCTAGG,0.36701
CATGTACCAGCGTCTAGGGCTGG,0.54188
TAGTAGGCATCGGAGACTCCGGG,0.64572
CTCATCACATATGCGGACCAGGG,0.84905
CGGATATATCGTGTAATCGCTGG,0.42901
GTGCATCCCGGAGCTCACGTGGG,0.72373
AAGATCACGTACTGACGTCAGGG,0.7132
AGCCGGCGGCAGTATGTACGGGG,0.56444
CATGGAAGCCTACGACGTGTTGG,0.6234
CTATCTGTCGCAGGTAGTAGCGG,0.63509
GTCATTGAGCAACTCGTGAATGG,0.53289
GTTGGGCTGTGGATCGATGCGGG,0.57827
AAGCAGAGATTGAGCGTGAGCGG,0.41798
GAAATATAACTAACCTCCGGCGG,0.76456
CAGCGTTGAGCGTGTAGGAGCGG,0.54447
TGGAGCGGAGACCAGTCACGCGG,0.81701
TTCGTAGGGTGCGAAGCTCGGGG,0.62973
CACCCAGGCGATTGACGGGACGG,0.57877
TACCGTCCCGTCAATCGCCTGGG,0.48359
TAACAACACGTCCATAGTCCAGG,0.57731
TCTCCGGAAAGCATTGGCGATGG,0.56493
AAACTTCATCGGTTCAAGAGGGG,0.6475
TAGGAGAGTTTAGACGACGCAGG,0.65184
GCAGCAGAACGAGAGCGCGGAGG,0.62726
GAAGCGGGCCGTGTAGTTGAGGG,0.60651
TAGTACTCACCTGCGCACACTGG,0.6918
AGTGGTGATCCGCTTCTGGTTGG,0.64733
TTACATGACCAAGTATGAGCGGG,0.62816
GCAGCTGTTGAAGGACCCGCAGG,0.54916
ATCTTGTGCTCCAAGGGGTGAGG,0.37403
TGATGATCTTGTGCTCCAAGGGG,0.67781
AGACCAGATTACCAACGGCATGG,0.72138
AGGCTCATGAGATTAGCGAAGGG,0.61522
GAGGCTCATGAGATTAGCGAAGG,0.60454
CGCCGAAGGCCCCGTGCACCCGG,0.23252
CAGTAGCACGACTCCAGTGTAGG,0.56482
GAGTCGTGCTACTGCGATGCCGG,0.46042
CTCGTATGCGGGCGGACATGGGG,0.51527
AACTCGTATGCGGGCGGACATGG,0.26686
CCTCCGCAGAACTCGTATGCGGG,0.61823
AAGTCTCCACGCCAACTTGGGGG,0.63202
CCTGGATGTGCGGCGGGTCATGG,0.2237
GTGCATCCGGTGTCGGCGCAGGG,0.54237
CCGTGTGCACGTTGATGGACGGG,0.52602
GTTCCCGTGGGTGCAAGCCGCGG,0.59652
GAGACTTGATACACAACCCTCGG,0.72303
CTTACCAGTAGAACGGAACTTGG,0.54956
GAGCTGTCTCGAAAGCATGTCGG,0.82747
AAGTGAGCCTCTAGATCGGAAGG,0.63159
CAGCGGCCCGCCGCACCATGGGG,0.47442
TTGGCGTGTTCGCTACATGGTGG,0.92254
GACAGAATCACTTTGATCCGGGG,0.65278
ATGGGAGACTTTGTGGACCGTGG,0.58385
CAGGTATGCGGTGACATCCATGG,0.64503
TAGAAGAGAGCAACGTGCAGAGG,0.5803
TGACAGACTACGATGACGTAAGG,0.60459
AGCAGAGGACAGCTTTCGAACGG,0.46654
TGCTGTGCGCTCCGGGATCGTGG,0.44039
CTCACGACTGGCAGTACGCGAGG,0.53317
ACTGGCAGTACGCGAGGCGTAGG,0.63153
GGCCGCACTGTGGATGCGACAGG,0.37424
CAACCAGAGCGACTTCCCATCGG,0.68964
AGCAGCAACACGACAAATCGAGG,0.56752
CATCGGGGGTAAAGAAGCGGCGG,0.5713
TGGTAGGTATGTCCGGATGCTGG,0.33011
ATGGAGTTAAAGTTCGTTGGTGG,0.64006
GGCCGGAGGCCGTATGGTGTTGG,0.33603
GCCCAACACCATACGGCCTCCGG,0.39886
TCCGGCCATATCGCTGTGTTGGG,0.30604
CAACACAGCGATATGGCCGGAGG,0.77407
CTGGAGGGGCCCCGTCAGTGGGG,0.60252
ACCTTTAATCCCCACTGACGGGG,0.58322
CATTACCAAGCACATCGGTTTGG,0.43009
GACCCAAGTGGAAACTATGGGGG,0.77492
TTTAAGGCTATTAACCAGGGTGG,0.62061
TTCAAGATAACGGAAAGCATTGG,0.46208
GGTACAGAGGGCACGCTATGAGG,0.56073
ACACACAGAACGCTGAAATGAGG,0.66561
GCTTCAGACTCGCAATGTAGCGG,0.55921
CAGGTCTCACCGCTGATGCAAGG,0.60666
GAAATCAGCGTAGTCTCCCGAGG,0.81893
CTCGGGGTGAAGTTCGACGGCGG,0.7531
CCCCATGGTGACCGGGACATCGG,0.54803
GAAGATGTGATCGTGGATAGGGG,0.69611
CAGAAGATGTGATCGTGGATAGG,0.39445
GGGCTGCAAACTGCCGACTTCGG,0.39666
AAAGCCAATTGACCAGCGATTGG,0.39615
CACAAGTATAAGCAAGCGATTGG,0.33957
CTAGGCACACTCACCGCATCTGG,0.35038
GAAGTTATGGGTCTAATGCTTGG,0.58313
TGCCACAGCTCTCTCCGACAAGG,0.58086
TGATGAGAACGCCTACGCCAAGG,0.64504
CTTCTTGGCTTTAGCTCGGGAGG,0.48643
AGGAGCCTCGGTTCGTGCTGAGG,0.45616
GGGTAGCAAGAAGTCTCGAGTGG,0.54125
CTGCAGTTTCGTCCTCGCACAGG,0.48808
GTGTTACTATTATCACGCCCGGG,0.75278
CTCCACAGGGCTACCGACAAAGG,0.44616
AATATCCAGGCGGTGACCCAGGG,0.66169
AGAGTTGAAACGTTTGGATGAGG,0.52108
CCTTGTGTAAATCCCTCGACTGG,0.48544
GGCGGTGCGCGAGGAGTTGATGG,0.44524
GCCATGTAGCGCTCGAAGGAGGG,0.63223
CTTGAGTTGCTCGTACATGCCGG,0.69967
TGACGGATTCGCTCTTCCTGTGG,0.52009
GACGGATTCGCTCTTCCTGTGGG,0.58264
GAAAGTGAAATACTCCCGACTGG,0.57986
GATTGCGAGGCGACCATCTGGGG,0.54272
GGTGAGAACTACAAGACGCCAGG,0.53306
GGGCCGTGGAACTCATCCATGGG,0.55996
CTTGCTACTCACGGTTGACGAGG,0.62134
GAGGCAGGAGCGATAATGCCAGG,0.57856
GAGTAGTCCGCATCTATCACAGG,0.54177
GTATGATCTCTGACCGGCGCTGG,0.56158
GGCCATGTACATTGACACCGAGG,0.69948
GCCATGTACATTGACACCGAGGG,0.75532
TAGCAGCCGCTCCGGCCTAAAGG,0.41642
ATGTCCGCCTCATGCGCTACCGG,0.44405
CTGTTTTGGCTGGCGTATGGCGG,0.44361
GATGAAAAGAGTAGTCGAGACGG,0.71761
CTGTTCCCCGCAGCCACCCTGGG,0.47914
CTGACTGGCTAAGGCGATCGTGG,0.50118
TGTGAGCCCTGATATCCGTCAGG,0.53582
TTAGGTTGATGACTCGCAACAGG,0.41026
TTTGGACCCGATGGAGTGCGAGG,0.52124
CGATTGGAGGGCAACACGGTGGG,0.64885
AACCCCGATTTGCGTCTCCGTGG,0.53945
GGGGTTCTGAGGCATGTACCGGG,0.61331
TTGGTGATGCTCACGAACGATGG,0.69481
AGTGCAGCTGGATGCGCCCGTGG,0.55338
CTGCAATGACGAGGGTGCCCTGG,0.33423
CCTTGCAGTCTCGGTGCACGAGG,0.50813
GCCCAGAACGCCTTGAGACGAGG,0.56721
GAGGGATCGATATTGTTCGGGGG,0.84095
GGGCGACGCTGAGACCGATGAGG,0.58585
CGACAGAGCAACCGTAGAACAGG,0.49498
ACAATAGCCACGCCGGAACCTGG,0.48079
TTCCTTTACAATAGCCACGCCGG,0.54268
TGTTGATTGTGAACCGGTACTGG,0.46497
CTGCATGCAGCGATACTCTGGGG,0.86959
TACATCCCCTCAACCGCCTGAGG,0.59637
GAAGTACTTCGGGGCGCAGTCGG,0.61228
GGACTTACTGAAGTACTTCGGGG,0.81323
CACCTGGAGTAATTCCCGGGGGG,0.77445
CGCACCTGGAGTAATTCCCGGGG,0.81337
CTCATGAGCAGTCGGTACCGGGG,0.77476
ACCCACTGACGAACATCCATGGG,0.58657
GGTGCACTTACTTATAGCTTCGG,0.71178
AGCCGGACGTTCGATACTGTGGG,0.559
ATAGACTAGTAAGTGCCCCGAGG,0.90258
TTCAGCACTCACCACCGGGCGGG,0.4874
GTTCAGCACTCACCACCGGGCGG,0.74016
TGCAAGGCTCACCTTGTCATAGG,0.33008
GCAAGGCTCACCTTGTCATAGGG,0.38146
GAACAAGACTGCCGTGGTTGTGG,0.27825
ACAAGACTGCCGTGGTTGTGGGG,0.64357
TCTGTGTACCCAGTATGCTCAGG,0.76972
AAGTGGGAGCTTACATATGGCGG,0.78216
TGGCCCAACTCACCTTATCAGGG,0.5024
AATGGCACAACCGTCCATGTGGG,0.7569
GTTACCCTACAGCCCGCAAATGG,0.42733
ACAGAGAAGGCAACACGGGCAGG,0.45535
GTGCCAACGACGCCAGGTTTTGG,0.36772
CAACCAAAACCTGGCGTCGTTGG,0.43475
GCAAAATGAGAAACCGACGGCGG,0.60877
CCCTGCGCTGGATCCGCCGTCGG,0.55586
ATATTATATACATACCCTGCGGG,0.58884
ATACTATCTATTACCTATGAGGG,0.41686
CACTCCTCACCTTGCCCCTGTGG,0.55002
ATGCGTATAACGAAGGCCAAGGG,0.74675
CCTTTCCATGCGTATAACGAAGG,0.69588
CTTTGGCGAGGGGAGCGCCGCGG,0.62787
ATCCCTACCGATTCAAGAAGCGG,0.61721
AGCTGTTCATCGCAGCGGAGGGG,0.58284
AGATCCGCATGTCGCTCCGAGGG,0.74177
CCGCATGTCGCTCCGAGGGAAGG,0.47426
CAAGAAAATACTAGACAGCGTGG,0.69708
AAGAAAATACTAGACAGCGTGGG,0.63524
GAAAACCATCGCGAAGCGGCTGG,0.67559
TCGCGAAGCGGCTGGTCCTCCGG,0.34585
CAGAGAAAACCATCGCGAAGCGG,0.61858
ACAATGCCTACCTGTACGATGGG,0.59916
CACAATGCCTACCTGTACGATGG,0.54618
TACTACAAGAATATCGGTCTAGG,0.56439
CTGAGACACGTACTTGTCTAAGG,0.40566
ACTTTTGACCTCAGGGCGTGGGG,0.56595
AACTTTTGACCTCAGGGCGTGGG,0.41845
ACCCGCTCCTCACCAAGAGCGGG,0.53375
CTACGCTACAAACTCCTTGGAGG,0.6193
AAGTCCGAGTTACACCAACCAGG,0.59485
CTTAGAAAATGGATCGACCCTGG,0.5587
AGCATACCGTCCGGCACTGTGGG,0.61889
GCGCTTGGCAGCATACCGTCCGG,0.59487
TTGTGCTTTGCGGAAGCGCTTGG,0.29676
TTAGTAAGGCGCTCCACGATGGG,0.554
ATGATGCATGGTCGTAACAACGG,0.57229
CCCCGCACGCACCTTCGTGTTGG,0.578
AACTACATAAATCCGCACAACGG,0.70067
TTGATTTCTAAGTCCGCTGGGGG,0.56397
CCACTGGTAGCTACATCGCTGGG,0.45738
GGTAAATAGCAAACGCGCCTGGG,0.45589
GAAAGACAACGAAGCGGCGGGGG,0.59238
GGAAAGACAACGAAGCGGCGGGG,0.5979
TGGGAAAGACAACGAAGCGGCGG,0.50749
GTCCTGAACGATTACCTCCTCGG,0.58631
TGATATAGGTGAGTGTATCGCGG,0.8534
ACGTCCAGGCGCTCTGCGGTGGG,0.59746
TCATCCCACCGCAGAGCGCCTGG,0.48553
ACCTTCAGAGGATTGCGACAAGG,0.76624
TGCTGGGACCAATTCAGGCTGGG,0.43895
CTGATCCTCCTCGAATGCACGGG,0.52044
AGCGTCCCGGTGTCCCGTGAAGG,0.48191
AACCTCATCTCCAGATTGGTGGG,0.60747
GCCCACAGCGAGAGACCTGCTGG,0.52171
CTTAGACCCAGATCTCCGCATGG,0.79967
CTTCCTACCATGCGGAGATCTGG,0.29557
TGTGATGACGGGCATGTACGGGG,0.6991
CATTATTTACCCTCCCCCGGAGG,0.8255
CCAAGAGACCATAGTACCGAAGG,0.60114
AGTCTGGCCAACGTGCCCCCTGG,0.48016
ATGCTGTCTGGACAGTCCGTCGG,0.85192
GACCTGGATGACCCTGAACGAGG,0.61005
TGTAGGAGCAGTAGGAGTCGCGG,0.85922
GAGGTCGAAGTGGCCCATGTAGG,0.65379
AGTAGTTGAGGAGGTCGAAGTGG,0.69811
CGGCAATGGCGAAGTAGTTGAGG,0.45497
GGCAGTCTCGAATTGAGCAGAGG,0.52317
TGATATACATGGTTTCTCGTAGG,0.65763
TCACTCCTGTGACTGAACGGAGG,0.93059
TCGCCTCAGAAAGTACGGCTTGG,0.56496
TGTCAGCATGGTCTACTCGGAGG,0.79835
GGATGAGGTAGTACGAGCACAGG,0.80109
GGATAAGATGAGGCGCGCCCTGG,0.46351
TCTGCTAAGCGAGAAACGAGTGG,0.72991
GAACCGAGCACACTCCACGTGGG,0.77954
ATCTTACTTTGATCCTCGTGAGG,0.58872
AGAAGGCATCGATATCCCGAGGG,0.82385
CATAGCCTTTACGCTGGCGTCGG,0.50845
CAGTGTGAACAAGATCGAGTCGG,0.60762
TACTGCACTCACCTAGGCGCCGG,0.46174
TTCATGCTCATACTCGATGAAGG,0.6523
TGACTGTGATGTTGGACATCTGG,0.43534
CTGGAACAGGTATATATACGTGG,0.71205
CTTCTGCATCATCTAATACGAGG,0.67454
TTTCTCTTCCAGCAAGCGGTTGG,0.41335
TGGGAAAAGAGCCCTTATCGTGG,0.69807
CTGTCGGTCGCGGTAGAATCCGG,0.47355
TTCTACCGCGACCGACAGAGCGG,0.77639
TAATCTGGCAACCGCTCTGTCGG,0.67209
ATCGACCTGAAGAACCGCCGCGG,0.581
CGAAGGGCGGTCCCCCGCGGCGG,0.62642
TGTGATCACACGCAGAGACGCGG,0.72264
GCTACGACTACGACGGCTACCGG,0.46012
CCGCCACCCCGTCGGTACGGCGG,0.52344
CGGGTGCAGATGGCGCGCTACGG,0.45591
TCCTTGGTGTAGCGGTCCCGCGG,0.6074
TCCTGGCACCCAGAAGTACGTGG,0.70119
ACTGGTCACTCGAAAGGGTTTGG,0.32687
TATGAGAGGAGTCCGACTGGTGG,0.75097
GTGTATGAGAGGAGTCCGACTGG,0.54793
ACACGGGATTCCGGTAGCGCAGG,0.47192
GGTCCTCATGTCCGACACACCGG,0.73099
ACAAGCAATCTGATACGGCGTGG,0.70708
CACCAGAAGCTTACGAACGGAGG,0.7897
TCTCACCAGAAGCTTACGAACGG,0.66682
GTTGGAAGCCACGACGATGTGGG,0.62668
CAGTGACTCCCACATCGTCGTGG,0.78452
TGGACACCTCTATCCGCGTGTGG,0.76341
GGCTGGCTGTTACGAGTACCTGG,0.31625
GATGTAACCATTACTAACGATGG,0.76212
GGTGGCACCATCGTTAGTAATGG,0.53161
TAGAGAATCGGATATCACCAAGG,0.78571
CTCGGAGCGGCCGTCACGGAAGG,0.52798
AGTCCTCGGAGCGGCCGTCACGG,0.46958
TACGACGAAAGTCCTCGGAGCGG,0.72579
CGTACTCGTGACAGCGCCGAGGG,0.83199
CTGGAGGATACCGAAGGGGCTGG,0.48144
CCAGTAAAATACGTAACTGGAGG,0.74646
CAGCTCACCGGTGGAAATTCCGG,0.31766
GGTCCCAGGGTCGCGCCTGCAGG,0.23793
GCCGGTAGCAAACCAAGCCGGGG,0.53454
GCCGGGGGCAGCAGCGCGCAAGG,0.4084
GTCCAGCCGCAGTAGTCTCGGGG,0.6433
CTTGGGAAAGTCACCCGCTTTGG,0.32526
CCGTTCTCCAATCTTGCGGTGGG,0.61285
TAAGTGCGTACCTGCATCGTTGG,0.66548
ATGAACAGGTCAATCCCCGGTGG,0.69002
GGCGCATTGCTCTTCGTCAAGGG,0.37152
GTTTGAAGAGGTCGGTGCACGGG,0.72824
CGTTTGAAGAGGTCGGTGCACGG,0.46948
CTGGTAGCGTTTGAAGAGGTCGG,0.68794
AGTAGAGGATCTGCGTGCGGTGG,0.52186
GGTGATCAAGGCAATGTCGGTGG,0.62393
AACGCTGCGGATGATTGCGTGGG,0.61687
CAACGCTGCGGATGATTGCGTGG,0.37632
TGCTCAGGTAGCGGGGCGACAGG,0.30394
CTTACCTCTCGGAGTAGCGCAGG,0.5722
CATACCATTAACGTCTGCCCAGG,0.6017
CATTGGTAAAAATCGAGCGGAGG,0.7394
TAGCCGTGGTATCAAGCTAGTGG,0.68393
AGCGTCAGAACCGTTACGATGGG,0.64623
GTGTTCCGAATCGTACAGCCAGG,0.52818
CCAGACACATCCTATTCACGTGG,0.82963
GGAGTTAGAAATCGGACCTGTGG,0.72106
TGCCATGAGCAGCTGAATAGAGG,0.67275
CCATGAGCTCCGCACAGTACAGG,0.48578
ACAGGAGTTCGAGCGAAACCTGG,0.53461
CAAGTACGCGAAGCTCCACCCGG,0.59844
GTACTTACTGAGTTGATCGAGGG,0.82959
AACTTCGCCTGTCTGACGACTGG,0.46249
CATTCTGATTACGTGAGGTGCGG,0.5442
GAGAGTACCGGCCATAAATGTGG,0.65848
CCAGCTGCCCCGCTACCTTATGG,0.29451
GGGTCTCTCCCATAAGGTAGCGG,0.57816
ACAGTAAGGGACAGATACTGGGG,0.78857
AACAGTAAGGGACAGATACTGGG,0.53028
GCAACAGGTCCCCTCCGGTGAGG,0.61863
GGTATGACACAGTCATCCTGAGG,0.72554
GTACAAAGCTGCCTTCCGACAGG,0.59026
CTTGATGTACGCCTTCTCCAGGG,0.75375
CATGGCAGAGCTCTTTGCCGTGG,0.63038
GTTAGTGGTCGCTCACAGTGGGG,0.79562
GGTTAGTGGTCGCTCACAGTGGG,0.55752
GGGTTAGTGGTCGCTCACAGTGG,0.5245
CCTTCTTCGTTCCCGGCGATAGG,0.41442
CAATACATACCTCAGTTCGGTGG,0.80854
TTAAAGTACGATCAGCTAGGAGG,0.72995
ATTAAGTAATCGGTCGTGTACGG,0.51735
ACAATCCAGATCGCAACACCTGG,0.54362
TGTGAAGTTCAGCCCCAATGGGG,0.76082
GGCTGAGACTGGGTCCGAATGGG,0.42447
CTCGAGTCGGATGGAACGCCAGG,0.38717
TGAGAATGCTCTGGTTACGGGGG,0.70196
TGAGGAGTACATTGCCGACATGG,0.54916
AGATGGTTCCCTTCTGCTCGGGG,0.66947
AGAGCAGAAACCTTCGTTGGGGG,0.63138
GGAGAGTATTGGCGTGCCCTTGG,0.38193
ACACGACGCCAAGAAAGCGGGGG,0.64079
CTGATCAACACCGCCGAACTGGG,0.51474
CGTCCTCCTTCCGATCAAGGAGG,0.80731
CGACCTCCTTGATCGGAAGGAGG,0.65421
AACTGATTGTGGAACGCTCGGGG,0.5313
ATTGTGGAACGCTCGGGGAAAGG,0.42411
TGTCGCTCCGGACGTAGACATGG,0.64643
ATCTTTGCCATGTCTACGTCCGG,0.48729
TTGCAGCCGGAGCGTCGCCAGGG,0.51701
ACCAGCTCATGTTTCGACACTGG,0.56886
AATATTCACTATTAGCCGAGAGG,0.6144
ACCGGCATTTGTTACCGCTGTGG,0.43342
CTGGACAGTCAGCAATTCCGTGG,0.65612
CGTGGCCAGGTTGTCGACAATGG,0.52626
TCCTCGCGGAAGGTGCGGTAGGG,0.52755
CTACACCAGTGTCTACCGCAAGG,0.69696
GGCAACCGTGGCGGCAATCGAGG,0.43852
TTCTCGGAATTCGGTGAAGGTGG,0.60761
CCTCCCGGCTTCTCGGAATTCGG,0.259
TAGGACCCTCTTACGCCGTCTGG,0.36514
AGTAGGAGCGCAGAGACTTCTGG,0.42708
CTCAATACTGACCGAGTTGCAGG,0.32308
TTCCAAGACCCGCAGACGAGTGG,0.51506
AAATCAAGGGCATACTTTATAGG,0.21393
GTGGACGTGCCTACGCTGACTGG,0.39924
CCTCTCTTGCAGGGTATGACCGG,0.45208
GTGGCATTGCCGGAGCCTTTCGG,0.29177
CGTCAGAGGTGACGCTTCATTGG,0.35598
CTTTCAGGCTATGAACTGACCGG,0.53929
GTGTTTGAACATTACCACGAAGG,0.55129
TTTCGATCTCTCGGCGAAGCTGG,0.32467
GGCCAAATCAGGCTCGTTCTCGG,0.37044
AAATCAGGCTCGTTCTCGGTAGG,0.59779
GAGCCCAAGACCGCCAAGCTGGG,0.51847
TTCCACGTACGGCGTAAAGCTGG,0.39436
CCAGATTGCAGATTGCTTCGGGG,0.48711
GTTACCATCACGTTCACTTCTGG,0.33692
GTGGATTACGTGGACTCTTTGGG,0.29222
ATAATTTCTCGGAGCCGAAAAGG,0.23661
CGGCGTCTCGTCCACTGCTTAGG,0.31648
CGTCCTCACGGTGGCAGATATGG,0.37316
TTTCCGCACAGCCACCCAATTGG,0.3447
AGCCCTCCCGTCACGGGGCCAGG,0.28895
TACAGCTTGTTCTCCGAAAATGG,0.32316
CTGCACTCTTACCGTAAGTGTGG,0.61074
GGAGTTTGAGAGCATTCGCAAGG,0.6684
TTAGAGAACGGCCCGTAGTTGGG,0.40362
TTTAGAGAACGGCCCGTAGTTGG,0.3869
CAAACTTGCGTACATATCTCCGG,0.33123
GCAGGATGCTGTTCGAATCATGG,0.47313
TCAGCGGTCCTGCGAGTAGCTGG,0.5582
ATTTTTGGTGCCGTGCTTCTTGG,0.22289
CGTCTCACCGCGTTTATTTTTGG,0.14332
GCAGGCCATCTTGGACGGCTTGG,0.43557
AGGGAGCATAATTCGTAAGATGG,0.39058
TTTTTTAACGGTCCTGGTTTGGG,0.30394
AGTCCTCCCGCTCCAACGAGGGG,0.64756
AAATCCTGGCGGCGAAACCCTGG,0.48585
TAGTCCAGGGTTTCGCCGCCAGG,0.31055
TGACCCCAGACCGGCATTTGGGG,0.51176
TTACCCCAAATGCCGGTCTGGGG,0.63155
CTTACCCCAAATGCCGGTCTGGG,0.34114
TCGAACCACGATGTCATAGTTGG,0.54514
GCCCACTTCAAATACGTTGTTGG,0.40641
TTTTTACAGTTGAACGAATGCGG,0.48451
GAGTTGGATTTCGGTTCAGAAGG,0.56691
GCTTGATCAGCGCTATTTGTTGG,0.41556
TGCCTAGGTCGGGACTGCTTGGG,0.4448
TCCCGGAGCCTGTGCGGGCGCGG,0.32133
CATTGAACGAGCCACTCGTTTGG,0.36569
TGTCCTGAGCGAGACCTTCAGGG,0.53726
CGGGTTACCAATCGCCCCCAGGG,0.61215
CCTGGGGGCGATTGGTAACCCGG,0.38774
GCTCCTCCACGAAGCAGTTCAGG,0.41585
TCCTGTACTACGTCTACATGGGG,0.64619
TGGCAGAGACTCAAACGTCTGGG,0.55304
ATACACACTGAACCGTTTCTTGG,0.32585
CAATTAGCGCAACGTTGGCCAGG,0.30674
AGGAAAAGCGCCGGAGGCCTTGG,0.20264
ACGTTGCAAAGGCGCTTAATCGG,0.25633
TCGCCGGCTGCCGAATCATCGGG,0.39133
AGAACCTTTGACCGATTTTGTGG,0.42726
CTCTCATCCATGAACCTACCTGG,0.37215
CTGATTGCTGTTCGTCAGGGTGG,0.46193
GGAAGCGGCGGCGTCCCCTATGG,0.43567
GGAGCGTGTCGAGCTGAAGATGG,0.54538
GAGGAGGTTTTTCTACGATCAGG,0.40548
AGTCAGCAAATTTGTCTACGTGG,0.5881
TGAAAAGCTTCACCGCATCCGGG,0.68589
AACCCTTGATCACCCGGATGCGG,0.64173
TCCAAGGAAGTAGACGTAATTGG,0.32625
TAAGGCAGTCCGTCGTTAGCGGG,0.43094
TCATGCAACACTATTGAGTCAGG,0.32534
GCCTATGGGCGGCGTTCGCCTGG,0.39672
GCAGAGATGCGCCTGTGTAACGG,0.40148
CCGGTTAGGCGATGATAATGTGG,0.69801
CTCCTTCTCAATGCCGAACTTGG,0.22135
TACCTTCTTGCGTCAATGTCTGG,0.26778
ACAATCAGCGATTTGTATGAAGG,0.56174
CGGTGCGGATACGAGCTTAGAGG,0.55651
TATGCTACTAAGCGTCTTATTGG,0.28507
CCTTGCTGAGCGCCGCTGCCTGG,0.31051
CTTATAGAGGGCCGATAATCTGG,0.25564
CAGAGTTTGTACGAGAAAAACGG,0.41127
GACTGTGTACGTTTGTGAGACGG,0.55147
TACTTGCTCACGGGTTTAGGTGG,0.57582
GCGCCAGCTCGCGCACCGCTCGG,0.41114
GCGCGCCTCGGCGGCGCTGTTGG,0.27908
GGAAGAGGTCCGCACAAATCCGG,0.44885
ACCCATGTCGCTCAAGTAGATGG,0.36008
ACAGCATACGCATATCAACTCGG,0.67082
GTGAGGTCTCCAATTGTAGCTGG,0.4274
CAACATTTAAATATGATCCTGGG,0.51055
TAAGTTTTCTGATTCGAATCAGG,0.35307
TTGGTGATACGGTCATATTTAGG,0.3211
ACTGGATTTCGGCAGATATTCGG,0.29262
AGTGTCGTTTTGCGCTCCAACGG,0.47936
GGACTCATTGAGTCCCCCGAGGG,0.7645
TGCTGGGAACGCTTTCTGCCAGG,0.33491
ACTGGCTGCCAGGTTTCGGCTGG,0.44931
CATCAGACTCCTCGTTGATCAGG,0.31015
CTGAGTCCCCTTTCGGGTTGAGG,0.39076
AGGACTCCAAAAGGCGTATCAGG,0.3038
ATGATGGGCAGCCGGACCTATGG,0.58706
AGCGCCTGCAATACGTGTTCGGG,0.38572
GCACGTGGTGGGCGACTACCGGG,0.62897
GCCCCACGGTCGGGGCCGACAGG,0.28684
ACGACTTCATCGGTCTCTTAAGG,0.27379
TTTAGAAAAACTTCGTCCTTTGG,0.30602
AGCAGAAGCAGATTCGTCGCGGG,0.53629
CCGACGGCACGTACTGTTTCCGG,0.27927
CCTCTGTTTCGCTCGCTTCCTGG,0.16726
CTCCATCCTCCGCTAGGCCGTGG,0.43225
TCCACACCACGGCCTCATCAGGG,0.52983
CCTGATCATTTTGTCGAGCAAGG,0.37049
TGGGACCTGTCGCGGTCCCTCGG,0.3814
GAGGGACCGCGACAGGTCCCAGG,0.43402
GTGCCGTGTTTCATTGCGCGCGG,0.65723
AGCAGTCGGTGGATAATAACAGG,0.41028
TTGAAACATATAGCTTGCTATGG,0.40747
GAGCCAACTTGCCAGACGGGTGG,0.68855
GCCATCTTTTTTAATCGTATTGG,0.29113
TCGTATTGGTGGCGTGCAGCAGG,0.35417
GGAGGAGATTTTTCGAGGTCTGG,0.24357
CCCACATGTTCTCGAGCATACGG,0.41296
TTACAGATCTATAAATCGTAAGG,0.40644
CCTCGATACGTGGACTACCTGGG,0.46442
CCTTTGCTGCGGCAGTAGTTGGG,0.26559
GATGAGTGCTTACGGAAATATGG,0.4214
ATCATAGACCGGGCATTGAAGGG,0.46385
CTCAATGGCATCGTTCATAAAGG,0.34067
TTGGCCTCATACCTCCATTTCGG,0.3451
GCCATGGAGTTAAAGTTCGTTGG,0.54605
GTTAAAGGCAAACGTCCCTTTGG,0.4
AGTACGAAAAATCTGCGCCTTGG,0.49358
TTTAATGGGGGCGTGGTTCTAGG,0.23913
GGCAGCAGAAGATGTGATCGTGG,0.61846
TGTGCCTGGATCTACCAATACGG,0.44591
AGATTTGAAGTCGTTTGTCTTGG,0.3732
AAGACAAACGACTTCAAATCTGG,0.24399
CCCAGGAAGAACTGGCGTCATGG,0.38347
TGCCCTCCTGCGCTGCGCCTTGG,0.17139
CGTCTCGAGCTCCGGACCCGCGG,0.75999
ACTTTGTAAGGTGTATAACCTGG,0.71664
ACACGTACAGTTCCGCTCATCGG,0.63839
GGAAATGATGGCGGTATATTAGG,0.24899
AGATTTCCTTGGTACTCGTCAGG,0.33221
TTACTACTTACAGCGCCTTTCGG,0.37832
GTCCACGGAGACGCAAATCGGGG,0.80439
GACTGCATGCAGCGATACTCTGG,0.39594
TGCCGCATCTCCCGGTTTATGGG,0.16511
GATTACTGCACGACCTCCTATGG,0.4451
CGTGCAGTAATCGGTCCAAATGG,0.50515
ACTGTTTGTTAGCGATCTTCAGG,0.24334
CGCATACCTGCCGTCTTTCAGGG,0.30419
TGTCCTGACAGTAAAGTATCTGG,0.36158
CCTTTCCCTTGCAGCTGTACAGG,0.25604
ACCCTGTGCCTTACTGCCGGAGG,0.76068
TATAGAGAGCAACTTCGTCAAGG,0.50262
CTTAACTTTGCAGGCTATTGAGG,0.26177
CTCACCTCTACGCTGCCTTCAGG,0.20899
TCACCTCTACGCTGCCTTCAGGG,0.44192
TTCCCACTTACATTCAAACTTGG,0.29792
TCCCACTTACATTCAAACTTGGG,0.36725
GCCTTGATTTCTAAGTCCGCTGG,0.42359
AAAAAAACTGTTCGGTTTGGCGG,0.3956
GAATTTCACGCCTCAAAGTTGGG,0.28136
ACCGACATTCGAGTTTTGCGGGG,0.63097
TTCCTACCATGCGGAGATCTGGG,0.4039
GGCGGTAGAATGCCTCTCGAAGG,0.52483
AGGGGGCTCCTTCGGTACTATGG,0.40817
AGGAGCGCTACGAGAAGTTTGGG,0.38786
CTTCACAATCGTTTTCTTGCCGG,0.22719
TCCGGTCACTTATGGCGTTTAGG,0.36805
TTGTTTGCTGTAGTCGGGCCTGG,0.29338
TCTGGAGCACAGTAGCACGGTGG,0.87898
TTCTAATTAGCCAGCGAGATAGG,0.31264
CCAAACCATAGTACACTTGACGG,0.4674
CGGTGTGGTTCAGCGGTTACAGG,0.30277
TTTGAAGAAATTAGTCGCTCTGG,0.27741
TTTTTGACAATTCGGACAACCGG,0.41795
CTAGAACATTTTCGGCGAAAAGG,0.33853
AGTCAGCACGAAAATTTTAATGG,0.23474
ATGACCATCGATTTGTTTCGAGG,0.47155
GGTGCCACCTTCTCGTCTCATGG,0.46509
ATTGATAGAGCTTCGTGAATTGG,0.33634
GACAATGAGTCGCACCAGCTGGG,0.59072
GCCATCTGCGTGCTTGTAAGCGG,0.47062
AAAAATTGAACGGCGACAGCAGG,0.42348
GAGCCCTTATCGTGGCCTCCAGG,0.34706
CCCTTCTGCCCGGAGGCAACAGG,0.32643
TGGTCATCCGAAAACTTGTCAGG,0.38216
CAGTGCCCACATAATGGGCGAGG,0.47468
AGCAGAACACGATTCTATCCTGG,0.45535
ATTATTAACACAGACGAACTTGG,0.44986
GTTCCGGGCCCGATACAACCTGG,0.50861
CATTGAAAACTCTTCGTTATGGG,0.18758
CCATAGCCATTTCGACCACCTGG,0.45272
TACAGCCAGGGAACGTCCTCTGG,0.29752
TCATTTGTATATAGGGTGCATGG,0.45144
ACTTAGAGTAGGTCGCCACTTGG,0.54217
CCAAAGGATACACCGCTTTAGGG,0.32957
AAGAACATTCTGATTACGTGAGG,0.50915
TGTGCGACTTTTCGACAGGATGG,0.60262
CAGCTGCCCCGCTACCTTATGGG,0.2281
GTCTCTCCCATAAGGTAGCGGGG,0.73
ATAATGGTGTTCCTCACCGGAGG,0.83429
AGTCCAACCTCATCGTCTCAGGG,0.54909
CTTGCTTGACAGCCGAATCTGGG,0.41226
CCACATCTTAGATGTCGAACAGG,0.42252
TAGCATCAAAATTTGGGACCTGG,0.30498
CCTGCTACGTCGTGCGCGGCGGG,0.55554
CTTTGACACTGCTTACGATTTGG,0.24237
CCGAGACCTCGACGGAGGCCTGG,0.38274
CTCCAGATCGTCAATCGCCCCGG,0.508
